placeID,latitude,longitude,the_geom_meter,name,city,state,alcohol,smoking_area,accessibility,price,franchise,rating_mean,food_rating_mean,service_rating_mean,ratings_count,cuisines_options,Rcuisine,payment_options,userID,rating,food_rating,service_rating,parking,popular,good_restaurant,geo
134999,18.915421,-99.184871,0101000020957F000088568DE356715AC138C0A525FC464A41,Kiku Cuernavaca,Cuernavaca,Morelos,No_Alcohol_Served,none,no_accessibility,2,1,1.6,1.6,1.6,5,1.0,Japanese,1.0,U1093,2,2,2,0,0,1,"18.915421,-99.184871"
134999,18.915421,-99.184871,0101000020957F000088568DE356715AC138C0A525FC464A41,Kiku Cuernavaca,Cuernavaca,Morelos,No_Alcohol_Served,none,no_accessibility,2,1,1.6,1.6,1.6,5,1.0,Japanese,1.0,U1066,1,1,1,0,0,1,"18.915421,-99.184871"
134999,18.915421,-99.184871,0101000020957F000088568DE356715AC138C0A525FC464A41,Kiku Cuernavaca,Cuernavaca,Morelos,No_Alcohol_Served,none,no_accessibility,2,1,1.6,1.6,1.6,5,1.0,Japanese,1.0,U1040,1,1,1,0,0,1,"18.915421,-99.184871"
134999,18.915421,-99.184871,0101000020957F000088568DE356715AC138C0A525FC464A41,Kiku Cuernavaca,Cuernavaca,Morelos,No_Alcohol_Served,none,no_accessibility,2,1,1.6,1.6,1.6,5,1.0,Japanese,1.0,U1110,2,2,2,0,0,1,"18.915421,-99.184871"
134999,18.915421,-99.184871,0101000020957F000088568DE356715AC138C0A525FC464A41,Kiku Cuernavaca,Cuernavaca,Morelos,No_Alcohol_Served,none,no_accessibility,2,1,1.6,1.6,1.6,5,1.0,Japanese,1.0,U1121,2,2,2,0,0,1,"18.915421,-99.184871"
132825,22.1473922,-100.983092,0101000020957F00001AD016568C4858C1243261274BA54B41,puesto de tacos,San Luis Potosí,San Luis Potosí,No_Alcohol_Served,none,completely,1,1,1.28125,1.34375,0.9375,32,1.0,Mexican,1.0,U1077,2,2,2,0,1,1,"22.1473922,-100.983092"
132825,22.1473922,-100.983092,0101000020957F00001AD016568C4858C1243261274BA54B41,puesto de tacos,San Luis Potosí,San Luis Potosí,No_Alcohol_Served,none,completely,1,1,1.28125,1.34375,0.9375,32,1.0,Mexican,1.0,U1055,2,2,2,0,1,1,"22.1473922,-100.983092"
132825,22.1473922,-100.983092,0101000020957F00001AD016568C4858C1243261274BA54B41,puesto de tacos,San Luis Potosí,San Luis Potosí,No_Alcohol_Served,none,completely,1,1,1.28125,1.34375,0.9375,32,1.0,Mexican,1.0,U1053,1,2,0,0,1,1,"22.1473922,-100.983092"
132825,22.1473922,-100.983092,0101000020957F00001AD016568C4858C1243261274BA54B41,puesto de tacos,San Luis Potosí,San Luis Potosí,No_Alcohol_Served,none,completely,1,1,1.28125,1.34375,0.9375,32,1.0,Mexican,1.0,U1081,1,0,1,0,1,1,"22.1473922,-100.983092"
132825,22.1473922,-100.983092,0101000020957F00001AD016568C4858C1243261274BA54B41,puesto de tacos,San Luis Potosí,San Luis Potosí,No_Alcohol_Served,none,completely,1,1,1.28125,1.34375,0.9375,32,1.0,Mexican,1.0,U1001,2,2,1,0,1,1,"22.1473922,-100.983092"
132825,22.1473922,-100.983092,0101000020957F00001AD016568C4858C1243261274BA54B41,puesto de tacos,San Luis Potosí,San Luis Potosí,No_Alcohol_Served,none,completely,1,1,1.28125,1.34375,0.9375,32,1.0,Mexican,1.0,U1056,2,2,2,0,1,1,"22.1473922,-100.983092"
132825,22.1473922,-100.983092,0101000020957F00001AD016568C4858C1243261274BA54B41,puesto de tacos,San Luis Potosí,San Luis Potosí,No_Alcohol_Served,none,completely,1,1,1.28125,1.34375,0.9375,32,1.0,Mexican,1.0,U1134,1,2,1,0,1,1,"22.1473922,-100.983092"
132825,22.1473922,-100.983092,0101000020957F00001AD016568C4858C1243261274BA54B41,puesto de tacos,San Luis Potosí,San Luis Potosí,No_Alcohol_Served,none,completely,1,1,1.28125,1.34375,0.9375,32,1.0,Mexican,1.0,U1116,2,2,2,0,1,1,"22.1473922,-100.983092"
132825,22.1473922,-100.983092,0101000020957F00001AD016568C4858C1243261274BA54B41,puesto de tacos,San Luis Potosí,San Luis Potosí,No_Alcohol_Served,none,completely,1,1,1.28125,1.34375,0.9375,32,1.0,Mexican,1.0,U1024,1,1,0,0,1,1,"22.1473922,-100.983092"
132825,22.1473922,-100.983092,0101000020957F00001AD016568C4858C1243261274BA54B41,puesto de tacos,San Luis Potosí,San Luis Potosí,No_Alcohol_Served,none,completely,1,1,1.28125,1.34375,0.9375,32,1.0,Mexican,1.0,U1132,2,2,2,0,1,1,"22.1473922,-100.983092"
132825,22.1473922,-100.983092,0101000020957F00001AD016568C4858C1243261274BA54B41,puesto de tacos,San Luis Potosí,San Luis Potosí,No_Alcohol_Served,none,completely,1,1,1.28125,1.34375,0.9375,32,1.0,Mexican,1.0,U1036,2,2,2,0,1,1,"22.1473922,-100.983092"
132825,22.1473922,-100.983092,0101000020957F00001AD016568C4858C1243261274BA54B41,puesto de tacos,San Luis Potosí,San Luis Potosí,No_Alcohol_Served,none,completely,1,1,1.28125,1.34375,0.9375,32,1.0,Mexican,1.0,U1071,2,2,2,0,1,1,"22.1473922,-100.983092"
132825,22.1473922,-100.983092,0101000020957F00001AD016568C4858C1243261274BA54B41,puesto de tacos,San Luis Potosí,San Luis Potosí,No_Alcohol_Served,none,completely,1,1,1.28125,1.34375,0.9375,32,1.0,Mexican,1.0,U1049,0,0,0,0,1,1,"22.1473922,-100.983092"
132825,22.1473922,-100.983092,0101000020957F00001AD016568C4858C1243261274BA54B41,puesto de tacos,San Luis Potosí,San Luis Potosí,No_Alcohol_Served,none,completely,1,1,1.28125,1.34375,0.9375,32,1.0,Mexican,1.0,U1104,1,2,1,0,1,1,"22.1473922,-100.983092"
132825,22.1473922,-100.983092,0101000020957F00001AD016568C4858C1243261274BA54B41,puesto de tacos,San Luis Potosí,San Luis Potosí,No_Alcohol_Served,none,completely,1,1,1.28125,1.34375,0.9375,32,1.0,Mexican,1.0,U1045,2,1,1,0,1,1,"22.1473922,-100.983092"
132825,22.1473922,-100.983092,0101000020957F00001AD016568C4858C1243261274BA54B41,puesto de tacos,San Luis Potosí,San Luis Potosí,No_Alcohol_Served,none,completely,1,1,1.28125,1.34375,0.9375,32,1.0,Mexican,1.0,U1009,1,1,0,0,1,1,"22.1473922,-100.983092"
132825,22.1473922,-100.983092,0101000020957F00001AD016568C4858C1243261274BA54B41,puesto de tacos,San Luis Potosí,San Luis Potosí,No_Alcohol_Served,none,completely,1,1,1.28125,1.34375,0.9375,32,1.0,Mexican,1.0,U1135,0,0,0,0,1,1,"22.1473922,-100.983092"
132825,22.1473922,-100.983092,0101000020957F00001AD016568C4858C1243261274BA54B41,puesto de tacos,San Luis Potosí,San Luis Potosí,No_Alcohol_Served,none,completely,1,1,1.28125,1.34375,0.9375,32,1.0,Mexican,1.0,U1062,0,0,0,0,1,1,"22.1473922,-100.983092"
132825,22.1473922,-100.983092,0101000020957F00001AD016568C4858C1243261274BA54B41,puesto de tacos,San Luis Potosí,San Luis Potosí,No_Alcohol_Served,none,completely,1,1,1.28125,1.34375,0.9375,32,1.0,Mexican,1.0,U1109,2,2,2,0,1,1,"22.1473922,-100.983092"
132825,22.1473922,-100.983092,0101000020957F00001AD016568C4858C1243261274BA54B41,puesto de tacos,San Luis Potosí,San Luis Potosí,No_Alcohol_Served,none,completely,1,1,1.28125,1.34375,0.9375,32,1.0,Mexican,1.0,U1085,2,2,2,0,1,1,"22.1473922,-100.983092"
132825,22.1473922,-100.983092,0101000020957F00001AD016568C4858C1243261274BA54B41,puesto de tacos,San Luis Potosí,San Luis Potosí,No_Alcohol_Served,none,completely,1,1,1.28125,1.34375,0.9375,32,1.0,Mexican,1.0,U1098,1,1,1,0,1,1,"22.1473922,-100.983092"
132825,22.1473922,-100.983092,0101000020957F00001AD016568C4858C1243261274BA54B41,puesto de tacos,San Luis Potosí,San Luis Potosí,No_Alcohol_Served,none,completely,1,1,1.28125,1.34375,0.9375,32,1.0,Mexican,1.0,U1003,2,2,1,0,1,1,"22.1473922,-100.983092"
132825,22.1473922,-100.983092,0101000020957F00001AD016568C4858C1243261274BA54B41,puesto de tacos,San Luis Potosí,San Luis Potosí,No_Alcohol_Served,none,completely,1,1,1.28125,1.34375,0.9375,32,1.0,Mexican,1.0,U1091,0,1,1,0,1,1,"22.1473922,-100.983092"
132825,22.1473922,-100.983092,0101000020957F00001AD016568C4858C1243261274BA54B41,puesto de tacos,San Luis Potosí,San Luis Potosí,No_Alcohol_Served,none,completely,1,1,1.28125,1.34375,0.9375,32,1.0,Mexican,1.0,U1029,1,1,0,0,1,1,"22.1473922,-100.983092"
132825,22.1473922,-100.983092,0101000020957F00001AD016568C4858C1243261274BA54B41,puesto de tacos,San Luis Potosí,San Luis Potosí,No_Alcohol_Served,none,completely,1,1,1.28125,1.34375,0.9375,32,1.0,Mexican,1.0,U1137,2,2,1,0,1,1,"22.1473922,-100.983092"
132825,22.1473922,-100.983092,0101000020957F00001AD016568C4858C1243261274BA54B41,puesto de tacos,San Luis Potosí,San Luis Potosí,No_Alcohol_Served,none,completely,1,1,1.28125,1.34375,0.9375,32,1.0,Mexican,1.0,U1114,0,0,0,0,1,1,"22.1473922,-100.983092"
132825,22.1473922,-100.983092,0101000020957F00001AD016568C4858C1243261274BA54B41,puesto de tacos,San Luis Potosí,San Luis Potosí,No_Alcohol_Served,none,completely,1,1,1.28125,1.34375,0.9375,32,1.0,Mexican,1.0,U1061,1,2,1,0,1,1,"22.1473922,-100.983092"
132825,22.1473922,-100.983092,0101000020957F00001AD016568C4858C1243261274BA54B41,puesto de tacos,San Luis Potosí,San Luis Potosí,No_Alcohol_Served,none,completely,1,1,1.28125,1.34375,0.9375,32,1.0,Mexican,1.0,U1057,1,1,0,0,1,1,"22.1473922,-100.983092"
132825,22.1473922,-100.983092,0101000020957F00001AD016568C4858C1243261274BA54B41,puesto de tacos,San Luis Potosí,San Luis Potosí,No_Alcohol_Served,none,completely,1,1,1.28125,1.34375,0.9375,32,1.0,Mexican,1.0,U1025,0,0,0,0,1,1,"22.1473922,-100.983092"
132825,22.1473922,-100.983092,0101000020957F00001AD016568C4858C1243261274BA54B41,puesto de tacos,San Luis Potosí,San Luis Potosí,No_Alcohol_Served,none,completely,1,1,1.28125,1.34375,0.9375,32,1.0,Mexican,1.0,U1059,2,1,1,0,1,1,"22.1473922,-100.983092"
132825,22.1473922,-100.983092,0101000020957F00001AD016568C4858C1243261274BA54B41,puesto de tacos,San Luis Potosí,San Luis Potosí,No_Alcohol_Served,none,completely,1,1,1.28125,1.34375,0.9375,32,1.0,Mexican,1.0,U1006,1,1,1,0,1,1,"22.1473922,-100.983092"
132825,22.1473922,-100.983092,0101000020957F00001AD016568C4858C1243261274BA54B41,puesto de tacos,San Luis Potosí,San Luis Potosí,No_Alcohol_Served,none,completely,1,1,1.28125,1.34375,0.9375,32,1.0,Mexican,1.0,U1002,2,2,0,0,1,1,"22.1473922,-100.983092"
135106,22.149708800000003,-100.9760928,0101000020957F0000649D6F21634858C119AE9BF528A34B41,El Rincón de San Francisco,San Luis Potosí,San Luis Potosí,Wine-Beer,only at bar,partially,2,1,1.2,1.2,1.2,10,1.0,Mexican,3.0,U1055,2,2,2,0,0,0,"22.149708800000003,-100.9760928"
135106,22.149708800000003,-100.9760928,0101000020957F0000649D6F21634858C119AE9BF528A34B41,El Rincón de San Francisco,San Luis Potosí,San Luis Potosí,Wine-Beer,only at bar,partially,2,1,1.2,1.2,1.2,10,1.0,Mexican,3.0,U1126,2,2,2,0,0,0,"22.149708800000003,-100.9760928"
135106,22.149708800000003,-100.9760928,0101000020957F0000649D6F21634858C119AE9BF528A34B41,El Rincón de San Francisco,San Luis Potosí,San Luis Potosí,Wine-Beer,only at bar,partially,2,1,1.2,1.2,1.2,10,1.0,Mexican,3.0,U1024,1,1,1,0,0,0,"22.149708800000003,-100.9760928"
135106,22.149708800000003,-100.9760928,0101000020957F0000649D6F21634858C119AE9BF528A34B41,El Rincón de San Francisco,San Luis Potosí,San Luis Potosí,Wine-Beer,only at bar,partially,2,1,1.2,1.2,1.2,10,1.0,Mexican,3.0,U1004,2,2,2,0,0,0,"22.149708800000003,-100.9760928"
135106,22.149708800000003,-100.9760928,0101000020957F0000649D6F21634858C119AE9BF528A34B41,El Rincón de San Francisco,San Luis Potosí,San Luis Potosí,Wine-Beer,only at bar,partially,2,1,1.2,1.2,1.2,10,1.0,Mexican,3.0,U1106,0,0,0,0,0,0,"22.149708800000003,-100.9760928"
135106,22.149708800000003,-100.9760928,0101000020957F0000649D6F21634858C119AE9BF528A34B41,El Rincón de San Francisco,San Luis Potosí,San Luis Potosí,Wine-Beer,only at bar,partially,2,1,1.2,1.2,1.2,10,1.0,Mexican,3.0,U1016,2,2,2,0,0,0,"22.149708800000003,-100.9760928"
135106,22.149708800000003,-100.9760928,0101000020957F0000649D6F21634858C119AE9BF528A34B41,El Rincón de San Francisco,San Luis Potosí,San Luis Potosí,Wine-Beer,only at bar,partially,2,1,1.2,1.2,1.2,10,1.0,Mexican,3.0,U1101,0,0,0,0,0,0,"22.149708800000003,-100.9760928"
135106,22.149708800000003,-100.9760928,0101000020957F0000649D6F21634858C119AE9BF528A34B41,El Rincón de San Francisco,San Luis Potosí,San Luis Potosí,Wine-Beer,only at bar,partially,2,1,1.2,1.2,1.2,10,1.0,Mexican,3.0,U1135,0,0,0,0,0,0,"22.149708800000003,-100.9760928"
135106,22.149708800000003,-100.9760928,0101000020957F0000649D6F21634858C119AE9BF528A34B41,El Rincón de San Francisco,San Luis Potosí,San Luis Potosí,Wine-Beer,only at bar,partially,2,1,1.2,1.2,1.2,10,1.0,Mexican,3.0,U1078,2,2,2,0,0,0,"22.149708800000003,-100.9760928"
135106,22.149708800000003,-100.9760928,0101000020957F0000649D6F21634858C119AE9BF528A34B41,El Rincón de San Francisco,San Luis Potosí,San Luis Potosí,Wine-Beer,only at bar,partially,2,1,1.2,1.2,1.2,10,1.0,Mexican,3.0,U1002,1,1,1,0,0,0,"22.149708800000003,-100.9760928"
132667,23.7526973,-99.1633594,0101000020957F00005D67BCDDED8157C1222A2DC8D84D4941,little pizza Emilio Portes Gil,Ciudad Victoria,Tamaulipas,No_Alcohol_Served,none,completely,1,0,1.25,2.0,1.25,4,1.0,Armenian,1.0,U1103,1,2,2,0,0,1,"23.7526973,-99.1633594"
132667,23.7526973,-99.1633594,0101000020957F00005D67BCDDED8157C1222A2DC8D84D4941,little pizza Emilio Portes Gil,Ciudad Victoria,Tamaulipas,No_Alcohol_Served,none,completely,1,0,1.25,2.0,1.25,4,1.0,Armenian,1.0,U1123,1,2,1,0,0,1,"23.7526973,-99.1633594"
132667,23.7526973,-99.1633594,0101000020957F00005D67BCDDED8157C1222A2DC8D84D4941,little pizza Emilio Portes Gil,Ciudad Victoria,Tamaulipas,No_Alcohol_Served,none,completely,1,0,1.25,2.0,1.25,4,1.0,Armenian,1.0,U1063,1,2,1,0,0,1,"23.7526973,-99.1633594"
132667,23.7526973,-99.1633594,0101000020957F00005D67BCDDED8157C1222A2DC8D84D4941,little pizza Emilio Portes Gil,Ciudad Victoria,Tamaulipas,No_Alcohol_Served,none,completely,1,0,1.25,2.0,1.25,4,1.0,Armenian,1.0,U1087,2,2,1,0,0,1,"23.7526973,-99.1633594"
132613,23.7529035,-99.165076,0101000020957F00008EBA2D06DC8157C194E03B7B504E4941,carnitas_mata,Ciudad Victoria,Tamaulipas,No_Alcohol_Served,permitted,completely,2,0,1.1666666666666667,1.3333333333333333,1.0,6,1.0,Mexican,1.0,U1103,2,2,2,1,0,0,"23.7529035,-99.165076"
132613,23.7529035,-99.165076,0101000020957F00008EBA2D06DC8157C194E03B7B504E4941,carnitas_mata,Ciudad Victoria,Tamaulipas,No_Alcohol_Served,permitted,completely,2,0,1.1666666666666667,1.3333333333333333,1.0,6,1.0,Mexican,1.0,U1070,1,1,0,1,0,0,"23.7529035,-99.165076"
132613,23.7529035,-99.165076,0101000020957F00008EBA2D06DC8157C194E03B7B504E4941,carnitas_mata,Ciudad Victoria,Tamaulipas,No_Alcohol_Served,permitted,completely,2,0,1.1666666666666667,1.3333333333333333,1.0,6,1.0,Mexican,1.0,U1082,0,0,0,1,0,0,"23.7529035,-99.165076"
132613,23.7529035,-99.165076,0101000020957F00008EBA2D06DC8157C194E03B7B504E4941,carnitas_mata,Ciudad Victoria,Tamaulipas,No_Alcohol_Served,permitted,completely,2,0,1.1666666666666667,1.3333333333333333,1.0,6,1.0,Mexican,1.0,U1123,1,2,1,1,0,0,"23.7529035,-99.165076"
132613,23.7529035,-99.165076,0101000020957F00008EBA2D06DC8157C194E03B7B504E4941,carnitas_mata,Ciudad Victoria,Tamaulipas,No_Alcohol_Served,permitted,completely,2,0,1.1666666666666667,1.3333333333333333,1.0,6,1.0,Mexican,1.0,U1028,2,2,2,1,0,0,"23.7529035,-99.165076"
132613,23.7529035,-99.165076,0101000020957F00008EBA2D06DC8157C194E03B7B504E4941,carnitas_mata,Ciudad Victoria,Tamaulipas,No_Alcohol_Served,permitted,completely,2,0,1.1666666666666667,1.3333333333333333,1.0,6,1.0,Mexican,1.0,U1043,1,1,1,1,0,0,"23.7529035,-99.165076"
132732,23.7543569,-99.171288,0101000020957F00008A20E615808157C16272FECBF84F4941,Taqueria EL amigo ,Ciudad Victoria,Tamaulipas,No_Alcohol_Served,none,completely,1,1,0.625,0.875,1.0,8,1.0,Mexican,1.0,U1068,0,0,0,0,0,0,"23.7543569,-99.171288"
132732,23.7543569,-99.171288,0101000020957F00008A20E615808157C16272FECBF84F4941,Taqueria EL amigo ,Ciudad Victoria,Tamaulipas,No_Alcohol_Served,none,completely,1,1,0.625,0.875,1.0,8,1.0,Mexican,1.0,U1067,1,2,2,0,0,0,"23.7543569,-99.171288"
132732,23.7543569,-99.171288,0101000020957F00008A20E615808157C16272FECBF84F4941,Taqueria EL amigo ,Ciudad Victoria,Tamaulipas,No_Alcohol_Served,none,completely,1,1,0.625,0.875,1.0,8,1.0,Mexican,1.0,U1103,0,0,2,0,0,0,"23.7543569,-99.171288"
132732,23.7543569,-99.171288,0101000020957F00008A20E615808157C16272FECBF84F4941,Taqueria EL amigo ,Ciudad Victoria,Tamaulipas,No_Alcohol_Served,none,completely,1,1,0.625,0.875,1.0,8,1.0,Mexican,1.0,U1082,0,0,0,0,0,0,"23.7543569,-99.171288"
132732,23.7543569,-99.171288,0101000020957F00008A20E615808157C16272FECBF84F4941,Taqueria EL amigo ,Ciudad Victoria,Tamaulipas,No_Alcohol_Served,none,completely,1,1,0.625,0.875,1.0,8,1.0,Mexican,1.0,U1028,1,1,1,0,0,0,"23.7543569,-99.171288"
132732,23.7543569,-99.171288,0101000020957F00008A20E615808157C16272FECBF84F4941,Taqueria EL amigo ,Ciudad Victoria,Tamaulipas,No_Alcohol_Served,none,completely,1,1,0.625,0.875,1.0,8,1.0,Mexican,1.0,U1050,0,1,1,0,0,0,"23.7543569,-99.171288"
132732,23.7543569,-99.171288,0101000020957F00008A20E615808157C16272FECBF84F4941,Taqueria EL amigo ,Ciudad Victoria,Tamaulipas,No_Alcohol_Served,none,completely,1,1,0.625,0.875,1.0,8,1.0,Mexican,1.0,U1087,2,2,1,0,0,0,"23.7543569,-99.171288"
132732,23.7543569,-99.171288,0101000020957F00008A20E615808157C16272FECBF84F4941,Taqueria EL amigo ,Ciudad Victoria,Tamaulipas,No_Alcohol_Served,none,completely,1,1,0.625,0.875,1.0,8,1.0,Mexican,1.0,U1043,1,1,1,0,0,0,"23.7543569,-99.171288"
132875,22.1499013,-100.9937793,0101000020957F00008A2A0747DE4758C11EB31D2A31A84B41,shi ro ie,Desconocida,Desconocido,Wine-Beer,section,no_accessibility,3,0,1.125,1.25,1.125,8,1.0,Japanese,5.0,U1047,0,0,0,1,0,0,"22.1499013,-100.9937793"
132875,22.1499013,-100.9937793,0101000020957F00008A2A0747DE4758C11EB31D2A31A84B41,shi ro ie,Desconocida,Desconocido,Wine-Beer,section,no_accessibility,3,0,1.125,1.25,1.125,8,1.0,Japanese,5.0,U1013,2,2,1,1,0,0,"22.1499013,-100.9937793"
132875,22.1499013,-100.9937793,0101000020957F00008A2A0747DE4758C11EB31D2A31A84B41,shi ro ie,Desconocida,Desconocido,Wine-Beer,section,no_accessibility,3,0,1.125,1.25,1.125,8,1.0,Japanese,5.0,U1089,1,1,1,1,0,0,"22.1499013,-100.9937793"
132875,22.1499013,-100.9937793,0101000020957F00008A2A0747DE4758C11EB31D2A31A84B41,shi ro ie,Desconocida,Desconocido,Wine-Beer,section,no_accessibility,3,0,1.125,1.25,1.125,8,1.0,Japanese,5.0,U1091,1,2,2,1,0,0,"22.1499013,-100.9937793"
132875,22.1499013,-100.9937793,0101000020957F00008A2A0747DE4758C11EB31D2A31A84B41,shi ro ie,Desconocida,Desconocido,Wine-Beer,section,no_accessibility,3,0,1.125,1.25,1.125,8,1.0,Japanese,5.0,U1027,1,1,1,1,0,0,"22.1499013,-100.9937793"
132875,22.1499013,-100.9937793,0101000020957F00008A2A0747DE4758C11EB31D2A31A84B41,shi ro ie,Desconocida,Desconocido,Wine-Beer,section,no_accessibility,3,0,1.125,1.25,1.125,8,1.0,Japanese,5.0,U1128,0,0,0,1,0,0,"22.1499013,-100.9937793"
132875,22.1499013,-100.9937793,0101000020957F00008A2A0747DE4758C11EB31D2A31A84B41,shi ro ie,Desconocida,Desconocido,Wine-Beer,section,no_accessibility,3,0,1.125,1.25,1.125,8,1.0,Japanese,5.0,U1006,2,2,2,1,0,0,"22.1499013,-100.9937793"
132875,22.1499013,-100.9937793,0101000020957F00008A2A0747DE4758C11EB31D2A31A84B41,shi ro ie,Desconocida,Desconocido,Wine-Beer,section,no_accessibility,3,0,1.125,1.25,1.125,8,1.0,Japanese,5.0,U1096,2,2,2,1,0,0,"22.1499013,-100.9937793"
132609,23.760268300000003,-99.1658646,0101000020957F0000A478418BBA8057C133851EB22C4E4941,Pollo_Frito_Buenos_Aires,Ciudad Victoria,Tamaulipas,No_Alcohol_Served,not permitted,completely,1,0,0.6,0.6,0.6,5,1.0,Fast_Food,1.0,U1070,1,1,1,1,0,0,"23.760268300000003,-99.1658646"
132609,23.760268300000003,-99.1658646,0101000020957F0000A478418BBA8057C133851EB22C4E4941,Pollo_Frito_Buenos_Aires,Ciudad Victoria,Tamaulipas,No_Alcohol_Served,not permitted,completely,1,0,0.6,0.6,0.6,5,1.0,Fast_Food,1.0,U1082,0,0,0,1,0,0,"23.760268300000003,-99.1658646"
132609,23.760268300000003,-99.1658646,0101000020957F0000A478418BBA8057C133851EB22C4E4941,Pollo_Frito_Buenos_Aires,Ciudad Victoria,Tamaulipas,No_Alcohol_Served,not permitted,completely,1,0,0.6,0.6,0.6,5,1.0,Fast_Food,1.0,U1063,1,0,1,1,0,0,"23.760268300000003,-99.1658646"
132609,23.760268300000003,-99.1658646,0101000020957F0000A478418BBA8057C133851EB22C4E4941,Pollo_Frito_Buenos_Aires,Ciudad Victoria,Tamaulipas,No_Alcohol_Served,not permitted,completely,1,0,0.6,0.6,0.6,5,1.0,Fast_Food,1.0,U1050,0,0,0,1,0,0,"23.760268300000003,-99.1658646"
132609,23.760268300000003,-99.1658646,0101000020957F0000A478418BBA8057C133851EB22C4E4941,Pollo_Frito_Buenos_Aires,Ciudad Victoria,Tamaulipas,No_Alcohol_Served,not permitted,completely,1,0,0.6,0.6,0.6,5,1.0,Fast_Food,1.0,U1043,1,2,1,1,0,0,"23.760268300000003,-99.1658646"
135082,22.151448,-100.915099,0101000020957F0000A29FAF95CD4958C1FEEEBB73A9914B41,la Estrella de Dimas,San Luis Potosí,San Luis Potosí,No_Alcohol_Served,none,no_accessibility,2,1,0.7777777777777778,0.7777777777777778,0.6666666666666666,9,1.0,Mexican,1.0,U1088,2,2,2,0,0,0,"22.151448,-100.915099"
135082,22.151448,-100.915099,0101000020957F0000A29FAF95CD4958C1FEEEBB73A9914B41,la Estrella de Dimas,San Luis Potosí,San Luis Potosí,No_Alcohol_Served,none,no_accessibility,2,1,0.7777777777777778,0.7777777777777778,0.6666666666666666,9,1.0,Mexican,1.0,U1014,0,0,0,0,0,0,"22.151448,-100.915099"
135082,22.151448,-100.915099,0101000020957F0000A29FAF95CD4958C1FEEEBB73A9914B41,la Estrella de Dimas,San Luis Potosí,San Luis Potosí,No_Alcohol_Served,none,no_accessibility,2,1,0.7777777777777778,0.7777777777777778,0.6666666666666666,9,1.0,Mexican,1.0,U1018,2,2,2,0,0,0,"22.151448,-100.915099"
135082,22.151448,-100.915099,0101000020957F0000A29FAF95CD4958C1FEEEBB73A9914B41,la Estrella de Dimas,San Luis Potosí,San Luis Potosí,No_Alcohol_Served,none,no_accessibility,2,1,0.7777777777777778,0.7777777777777778,0.6666666666666666,9,1.0,Mexican,1.0,U1094,0,0,0,0,0,0,"22.151448,-100.915099"
135082,22.151448,-100.915099,0101000020957F0000A29FAF95CD4958C1FEEEBB73A9914B41,la Estrella de Dimas,San Luis Potosí,San Luis Potosí,No_Alcohol_Served,none,no_accessibility,2,1,0.7777777777777778,0.7777777777777778,0.6666666666666666,9,1.0,Mexican,1.0,U1115,2,2,2,0,0,0,"22.151448,-100.915099"
135082,22.151448,-100.915099,0101000020957F0000A29FAF95CD4958C1FEEEBB73A9914B41,la Estrella de Dimas,San Luis Potosí,San Luis Potosí,No_Alcohol_Served,none,no_accessibility,2,1,0.7777777777777778,0.7777777777777778,0.6666666666666666,9,1.0,Mexican,1.0,U1037,0,0,0,0,0,0,"22.151448,-100.915099"
135082,22.151448,-100.915099,0101000020957F0000A29FAF95CD4958C1FEEEBB73A9914B41,la Estrella de Dimas,San Luis Potosí,San Luis Potosí,No_Alcohol_Served,none,no_accessibility,2,1,0.7777777777777778,0.7777777777777778,0.6666666666666666,9,1.0,Mexican,1.0,U1069,0,0,0,0,0,0,"22.151448,-100.915099"
135082,22.151448,-100.915099,0101000020957F0000A29FAF95CD4958C1FEEEBB73A9914B41,la Estrella de Dimas,San Luis Potosí,San Luis Potosí,No_Alcohol_Served,none,no_accessibility,2,1,0.7777777777777778,0.7777777777777778,0.6666666666666666,9,1.0,Mexican,1.0,U1111,1,0,0,0,0,0,"22.151448,-100.915099"
135082,22.151448,-100.915099,0101000020957F0000A29FAF95CD4958C1FEEEBB73A9914B41,la Estrella de Dimas,San Luis Potosí,San Luis Potosí,No_Alcohol_Served,none,no_accessibility,2,1,0.7777777777777778,0.7777777777777778,0.6666666666666666,9,1.0,Mexican,1.0,U1131,0,1,0,0,0,0,"22.151448,-100.915099"
135070,22.152918,-100.915164,0101000020957F0000ED435B84934958C1B3CF85FA97914B41,Restaurante 75,San Luis Potosí,San Luis Potosí,No_Alcohol_Served,none,no_accessibility,2,1,0.875,1.0,0.75,8,1.0,Mexican,1.0,U1014,2,2,2,1,0,0,"22.152918,-100.915164"
135070,22.152918,-100.915164,0101000020957F0000ED435B84934958C1B3CF85FA97914B41,Restaurante 75,San Luis Potosí,San Luis Potosí,No_Alcohol_Served,none,no_accessibility,2,1,0.875,1.0,0.75,8,1.0,Mexican,1.0,U1088,2,2,1,1,0,0,"22.152918,-100.915164"
135070,22.152918,-100.915164,0101000020957F0000ED435B84934958C1B3CF85FA97914B41,Restaurante 75,San Luis Potosí,San Luis Potosí,No_Alcohol_Served,none,no_accessibility,2,1,0.875,1.0,0.75,8,1.0,Mexican,1.0,U1124,1,1,1,1,0,0,"22.152918,-100.915164"
135070,22.152918,-100.915164,0101000020957F0000ED435B84934958C1B3CF85FA97914B41,Restaurante 75,San Luis Potosí,San Luis Potosí,No_Alcohol_Served,none,no_accessibility,2,1,0.875,1.0,0.75,8,1.0,Mexican,1.0,U1094,0,1,0,1,0,0,"22.152918,-100.915164"
135070,22.152918,-100.915164,0101000020957F0000ED435B84934958C1B3CF85FA97914B41,Restaurante 75,San Luis Potosí,San Luis Potosí,No_Alcohol_Served,none,no_accessibility,2,1,0.875,1.0,0.75,8,1.0,Mexican,1.0,U1115,1,1,1,1,0,0,"22.152918,-100.915164"
135070,22.152918,-100.915164,0101000020957F0000ED435B84934958C1B3CF85FA97914B41,Restaurante 75,San Luis Potosí,San Luis Potosí,No_Alcohol_Served,none,no_accessibility,2,1,0.875,1.0,0.75,8,1.0,Mexican,1.0,U1037,0,0,0,1,0,0,"22.152918,-100.915164"
135070,22.152918,-100.915164,0101000020957F0000ED435B84934958C1B3CF85FA97914B41,Restaurante 75,San Luis Potosí,San Luis Potosí,No_Alcohol_Served,none,no_accessibility,2,1,0.875,1.0,0.75,8,1.0,Mexican,1.0,U1069,0,0,0,1,0,0,"22.152918,-100.915164"
135070,22.152918,-100.915164,0101000020957F0000ED435B84934958C1B3CF85FA97914B41,Restaurante 75,San Luis Potosí,San Luis Potosí,No_Alcohol_Served,none,no_accessibility,2,1,0.875,1.0,0.75,8,1.0,Mexican,1.0,U1057,1,1,1,1,0,0,"22.152918,-100.915164"
135069,22.140129,-100.944872,0101000020957F000038E5D546B74A58C18FD29AD0D29A4B41,Abondance Restaurante Bar,San Luis Potosí,San Luis Potosí,Wine-Beer,none,no_accessibility,1,1,0.5,0.5,0.75,12,1.0,Bar,1.0,U1081,1,0,1,1,1,0,"22.140129,-100.944872"
135069,22.140129,-100.944872,0101000020957F000038E5D546B74A58C18FD29AD0D29A4B41,Abondance Restaurante Bar,San Luis Potosí,San Luis Potosí,Wine-Beer,none,no_accessibility,1,1,0.5,0.5,0.75,12,1.0,Bar,1.0,U1064,0,0,1,1,1,0,"22.140129,-100.944872"
135069,22.140129,-100.944872,0101000020957F000038E5D546B74A58C18FD29AD0D29A4B41,Abondance Restaurante Bar,San Luis Potosí,San Luis Potosí,Wine-Beer,none,no_accessibility,1,1,0.5,0.5,0.75,12,1.0,Bar,1.0,U1014,1,0,1,1,1,0,"22.140129,-100.944872"
135069,22.140129,-100.944872,0101000020957F000038E5D546B74A58C18FD29AD0D29A4B41,Abondance Restaurante Bar,San Luis Potosí,San Luis Potosí,Wine-Beer,none,no_accessibility,1,1,0.5,0.5,0.75,12,1.0,Bar,1.0,U1088,1,2,2,1,1,0,"22.140129,-100.944872"
135069,22.140129,-100.944872,0101000020957F000038E5D546B74A58C18FD29AD0D29A4B41,Abondance Restaurante Bar,San Luis Potosí,San Luis Potosí,Wine-Beer,none,no_accessibility,1,1,0.5,0.5,0.75,12,1.0,Bar,1.0,U1126,0,0,0,1,1,0,"22.140129,-100.944872"
135069,22.140129,-100.944872,0101000020957F000038E5D546B74A58C18FD29AD0D29A4B41,Abondance Restaurante Bar,San Luis Potosí,San Luis Potosí,Wine-Beer,none,no_accessibility,1,1,0.5,0.5,0.75,12,1.0,Bar,1.0,U1124,1,1,1,1,1,0,"22.140129,-100.944872"
135069,22.140129,-100.944872,0101000020957F000038E5D546B74A58C18FD29AD0D29A4B41,Abondance Restaurante Bar,San Luis Potosí,San Luis Potosí,Wine-Beer,none,no_accessibility,1,1,0.5,0.5,0.75,12,1.0,Bar,1.0,U1018,0,1,1,1,1,0,"22.140129,-100.944872"
135069,22.140129,-100.944872,0101000020957F000038E5D546B74A58C18FD29AD0D29A4B41,Abondance Restaurante Bar,San Luis Potosí,San Luis Potosí,Wine-Beer,none,no_accessibility,1,1,0.5,0.5,0.75,12,1.0,Bar,1.0,U1094,0,1,0,1,1,0,"22.140129,-100.944872"
135069,22.140129,-100.944872,0101000020957F000038E5D546B74A58C18FD29AD0D29A4B41,Abondance Restaurante Bar,San Luis Potosí,San Luis Potosí,Wine-Beer,none,no_accessibility,1,1,0.5,0.5,0.75,12,1.0,Bar,1.0,U1105,0,0,0,1,1,0,"22.140129,-100.944872"
135069,22.140129,-100.944872,0101000020957F000038E5D546B74A58C18FD29AD0D29A4B41,Abondance Restaurante Bar,San Luis Potosí,San Luis Potosí,Wine-Beer,none,no_accessibility,1,1,0.5,0.5,0.75,12,1.0,Bar,1.0,U1115,1,0,1,1,1,0,"22.140129,-100.944872"
135069,22.140129,-100.944872,0101000020957F000038E5D546B74A58C18FD29AD0D29A4B41,Abondance Restaurante Bar,San Luis Potosí,San Luis Potosí,Wine-Beer,none,no_accessibility,1,1,0.5,0.5,0.75,12,1.0,Bar,1.0,U1069,0,0,0,1,1,0,"22.140129,-100.944872"
135069,22.140129,-100.944872,0101000020957F000038E5D546B74A58C18FD29AD0D29A4B41,Abondance Restaurante Bar,San Luis Potosí,San Luis Potosí,Wine-Beer,none,no_accessibility,1,1,0.5,0.5,0.75,12,1.0,Bar,1.0,U1008,1,1,1,1,1,0,"22.140129,-100.944872"
135065,22.14958,-100.999557,0101000020957F000094A6A8E3C14758C17435E6D1DBA94B41,El angel Restaurante,San Luis Potosí,San Luis Potosí,Wine-Beer,section,no_accessibility,3,1,1.1111111111111112,1.1111111111111112,0.8888888888888888,9,1.0,Mexican,4.0,U1134,2,2,2,0,0,0,"22.14958,-100.999557"
135065,22.14958,-100.999557,0101000020957F000094A6A8E3C14758C17435E6D1DBA94B41,El angel Restaurante,San Luis Potosí,San Luis Potosí,Wine-Beer,section,no_accessibility,3,1,1.1111111111111112,1.1111111111111112,0.8888888888888888,9,1.0,Mexican,4.0,U1036,0,0,0,0,0,0,"22.14958,-100.999557"
135065,22.14958,-100.999557,0101000020957F000094A6A8E3C14758C17435E6D1DBA94B41,El angel Restaurante,San Luis Potosí,San Luis Potosí,Wine-Beer,section,no_accessibility,3,1,1.1111111111111112,1.1111111111111112,0.8888888888888888,9,1.0,Mexican,4.0,U1048,2,2,0,0,0,0,"22.14958,-100.999557"
135065,22.14958,-100.999557,0101000020957F000094A6A8E3C14758C17435E6D1DBA94B41,El angel Restaurante,San Luis Potosí,San Luis Potosí,Wine-Beer,section,no_accessibility,3,1,1.1111111111111112,1.1111111111111112,0.8888888888888888,9,1.0,Mexican,4.0,U1122,2,2,2,0,0,0,"22.14958,-100.999557"
135065,22.14958,-100.999557,0101000020957F000094A6A8E3C14758C17435E6D1DBA94B41,El angel Restaurante,San Luis Potosí,San Luis Potosí,Wine-Beer,section,no_accessibility,3,1,1.1111111111111112,1.1111111111111112,0.8888888888888888,9,1.0,Mexican,4.0,U1033,1,1,1,0,0,0,"22.14958,-100.999557"
135065,22.14958,-100.999557,0101000020957F000094A6A8E3C14758C17435E6D1DBA94B41,El angel Restaurante,San Luis Potosí,San Luis Potosí,Wine-Beer,section,no_accessibility,3,1,1.1111111111111112,1.1111111111111112,0.8888888888888888,9,1.0,Mexican,4.0,U1114,0,0,0,0,0,0,"22.14958,-100.999557"
135065,22.14958,-100.999557,0101000020957F000094A6A8E3C14758C17435E6D1DBA94B41,El angel Restaurante,San Luis Potosí,San Luis Potosí,Wine-Beer,section,no_accessibility,3,1,1.1111111111111112,1.1111111111111112,0.8888888888888888,9,1.0,Mexican,4.0,U1046,2,2,2,0,0,0,"22.14958,-100.999557"
135065,22.14958,-100.999557,0101000020957F000094A6A8E3C14758C17435E6D1DBA94B41,El angel Restaurante,San Luis Potosí,San Luis Potosí,Wine-Beer,section,no_accessibility,3,1,1.1111111111111112,1.1111111111111112,0.8888888888888888,9,1.0,Mexican,4.0,U1073,0,0,0,0,0,0,"22.14958,-100.999557"
135065,22.14958,-100.999557,0101000020957F000094A6A8E3C14758C17435E6D1DBA94B41,El angel Restaurante,San Luis Potosí,San Luis Potosí,Wine-Beer,section,no_accessibility,3,1,1.1111111111111112,1.1111111111111112,0.8888888888888888,9,1.0,Mexican,4.0,U1010,1,1,1,0,0,0,"22.14958,-100.999557"
135076,22.181017,-100.973614,0101000020957F00005657121FAA4358C1A8030D5598A04B41,Restaurante Pueblo Bonito,San Luis Potosí,San Luis Potosí,Wine-Beer,none,no_accessibility,3,1,1.3076923076923077,1.5384615384615385,1.0769230769230769,13,1.0,Mexican,4.0,U1053,1,1,1,1,1,1,"22.181017,-100.973614"
135076,22.181017,-100.973614,0101000020957F00005657121FAA4358C1A8030D5598A04B41,Restaurante Pueblo Bonito,San Luis Potosí,San Luis Potosí,Wine-Beer,none,no_accessibility,3,1,1.3076923076923077,1.5384615384615385,1.0769230769230769,13,1.0,Mexican,4.0,U1081,1,2,2,1,1,1,"22.181017,-100.973614"
135076,22.181017,-100.973614,0101000020957F00005657121FAA4358C1A8030D5598A04B41,Restaurante Pueblo Bonito,San Luis Potosí,San Luis Potosí,Wine-Beer,none,no_accessibility,3,1,1.3076923076923077,1.5384615384615385,1.0769230769230769,13,1.0,Mexican,4.0,U1014,1,2,1,1,1,1,"22.181017,-100.973614"
135076,22.181017,-100.973614,0101000020957F00005657121FAA4358C1A8030D5598A04B41,Restaurante Pueblo Bonito,San Luis Potosí,San Luis Potosí,Wine-Beer,none,no_accessibility,3,1,1.3076923076923077,1.5384615384615385,1.0769230769230769,13,1.0,Mexican,4.0,U1056,2,2,2,1,1,1,"22.181017,-100.973614"
135076,22.181017,-100.973614,0101000020957F00005657121FAA4358C1A8030D5598A04B41,Restaurante Pueblo Bonito,San Luis Potosí,San Luis Potosí,Wine-Beer,none,no_accessibility,3,1,1.3076923076923077,1.5384615384615385,1.0769230769230769,13,1.0,Mexican,4.0,U1125,1,1,1,1,1,1,"22.181017,-100.973614"
135076,22.181017,-100.973614,0101000020957F00005657121FAA4358C1A8030D5598A04B41,Restaurante Pueblo Bonito,San Luis Potosí,San Luis Potosí,Wine-Beer,none,no_accessibility,3,1,1.3076923076923077,1.5384615384615385,1.0769230769230769,13,1.0,Mexican,4.0,U1075,2,2,0,1,1,1,"22.181017,-100.973614"
135076,22.181017,-100.973614,0101000020957F00005657121FAA4358C1A8030D5598A04B41,Restaurante Pueblo Bonito,San Luis Potosí,San Luis Potosí,Wine-Beer,none,no_accessibility,3,1,1.3076923076923077,1.5384615384615385,1.0769230769230769,13,1.0,Mexican,4.0,U1005,2,2,1,1,1,1,"22.181017,-100.973614"
135076,22.181017,-100.973614,0101000020957F00005657121FAA4358C1A8030D5598A04B41,Restaurante Pueblo Bonito,San Luis Potosí,San Luis Potosí,Wine-Beer,none,no_accessibility,3,1,1.3076923076923077,1.5384615384615385,1.0769230769230769,13,1.0,Mexican,4.0,U1019,0,0,0,1,1,1,"22.181017,-100.973614"
135076,22.181017,-100.973614,0101000020957F00005657121FAA4358C1A8030D5598A04B41,Restaurante Pueblo Bonito,San Luis Potosí,San Luis Potosí,Wine-Beer,none,no_accessibility,3,1,1.3076923076923077,1.5384615384615385,1.0769230769230769,13,1.0,Mexican,4.0,U1099,1,1,0,1,1,1,"22.181017,-100.973614"
135076,22.181017,-100.973614,0101000020957F00005657121FAA4358C1A8030D5598A04B41,Restaurante Pueblo Bonito,San Luis Potosí,San Luis Potosí,Wine-Beer,none,no_accessibility,3,1,1.3076923076923077,1.5384615384615385,1.0769230769230769,13,1.0,Mexican,4.0,U1013,1,1,0,1,1,1,"22.181017,-100.973614"
135076,22.181017,-100.973614,0101000020957F00005657121FAA4358C1A8030D5598A04B41,Restaurante Pueblo Bonito,San Luis Potosí,San Luis Potosí,Wine-Beer,none,no_accessibility,3,1,1.3076923076923077,1.5384615384615385,1.0769230769230769,13,1.0,Mexican,4.0,U1085,2,2,2,1,1,1,"22.181017,-100.973614"
135076,22.181017,-100.973614,0101000020957F00005657121FAA4358C1A8030D5598A04B41,Restaurante Pueblo Bonito,San Luis Potosí,San Luis Potosí,Wine-Beer,none,no_accessibility,3,1,1.3076923076923077,1.5384615384615385,1.0769230769230769,13,1.0,Mexican,4.0,U1058,2,2,2,1,1,1,"22.181017,-100.973614"
135076,22.181017,-100.973614,0101000020957F00005657121FAA4358C1A8030D5598A04B41,Restaurante Pueblo Bonito,San Luis Potosí,San Luis Potosí,Wine-Beer,none,no_accessibility,3,1,1.3076923076923077,1.5384615384615385,1.0769230769230769,13,1.0,Mexican,4.0,U1010,1,2,2,1,1,1,"22.181017,-100.973614"
135086,22.141421,-101.013955,0101000020957F0000FA1A0E5A9B4858C17C884C4173AE4B41,Mcdonalds Parque Tangamanga,San Luis Potosí,San Luis Potosí,No_Alcohol_Served,not permitted,no_accessibility,2,0,0.8,0.6,0.8,10,2.0,Burgers,3.0,U1108,1,1,0,1,0,0,"22.141421,-101.013955"
135086,22.141421,-101.013955,0101000020957F0000FA1A0E5A9B4858C17C884C4173AE4B41,Mcdonalds Parque Tangamanga,San Luis Potosí,San Luis Potosí,No_Alcohol_Served,not permitted,no_accessibility,2,0,0.8,0.6,0.8,10,2.0,Burgers,3.0,U1034,1,1,1,1,0,0,"22.141421,-101.013955"
135086,22.141421,-101.013955,0101000020957F0000FA1A0E5A9B4858C17C884C4173AE4B41,Mcdonalds Parque Tangamanga,San Luis Potosí,San Luis Potosí,No_Alcohol_Served,not permitted,no_accessibility,2,0,0.8,0.6,0.8,10,2.0,Burgers,3.0,U1095,1,2,1,1,0,0,"22.141421,-101.013955"
135086,22.141421,-101.013955,0101000020957F0000FA1A0E5A9B4858C17C884C4173AE4B41,Mcdonalds Parque Tangamanga,San Luis Potosí,San Luis Potosí,No_Alcohol_Served,not permitted,no_accessibility,2,0,0.8,0.6,0.8,10,2.0,Burgers,3.0,U1007,0,0,0,1,0,0,"22.141421,-101.013955"
135086,22.141421,-101.013955,0101000020957F0000FA1A0E5A9B4858C17C884C4173AE4B41,Mcdonalds Parque Tangamanga,San Luis Potosí,San Luis Potosí,No_Alcohol_Served,not permitted,no_accessibility,2,0,0.8,0.6,0.8,10,2.0,Burgers,3.0,U1091,1,1,1,1,0,0,"22.141421,-101.013955"
135086,22.141421,-101.013955,0101000020957F0000FA1A0E5A9B4858C17C884C4173AE4B41,Mcdonalds Parque Tangamanga,San Luis Potosí,San Luis Potosí,No_Alcohol_Served,not permitted,no_accessibility,2,0,0.8,0.6,0.8,10,2.0,Burgers,3.0,U1019,0,0,0,1,0,0,"22.141421,-101.013955"
135086,22.141421,-101.013955,0101000020957F0000FA1A0E5A9B4858C17C884C4173AE4B41,Mcdonalds Parque Tangamanga,San Luis Potosí,San Luis Potosí,No_Alcohol_Served,not permitted,no_accessibility,2,0,0.8,0.6,0.8,10,2.0,Burgers,3.0,U1061,1,1,2,1,0,0,"22.141421,-101.013955"
135086,22.141421,-101.013955,0101000020957F0000FA1A0E5A9B4858C17C884C4173AE4B41,Mcdonalds Parque Tangamanga,San Luis Potosí,San Luis Potosí,No_Alcohol_Served,not permitted,no_accessibility,2,0,0.8,0.6,0.8,10,2.0,Burgers,3.0,U1112,0,0,0,1,0,0,"22.141421,-101.013955"
135086,22.141421,-101.013955,0101000020957F0000FA1A0E5A9B4858C17C884C4173AE4B41,Mcdonalds Parque Tangamanga,San Luis Potosí,San Luis Potosí,No_Alcohol_Served,not permitted,no_accessibility,2,0,0.8,0.6,0.8,10,2.0,Burgers,3.0,U1096,1,0,2,1,0,0,"22.141421,-101.013955"
135086,22.141421,-101.013955,0101000020957F0000FA1A0E5A9B4858C17C884C4173AE4B41,Mcdonalds Parque Tangamanga,San Luis Potosí,San Luis Potosí,No_Alcohol_Served,not permitted,no_accessibility,2,0,0.8,0.6,0.8,10,2.0,Burgers,3.0,U1097,2,0,1,1,0,0,"22.141421,-101.013955"
135086,22.141421,-101.013955,0101000020957F0000FA1A0E5A9B4858C17C884C4173AE4B41,Mcdonalds Parque Tangamanga,San Luis Potosí,San Luis Potosí,No_Alcohol_Served,not permitted,no_accessibility,2,0,0.8,0.6,0.8,10,2.0,Fast_Food,3.0,U1108,1,1,0,1,0,0,"22.141421,-101.013955"
135086,22.141421,-101.013955,0101000020957F0000FA1A0E5A9B4858C17C884C4173AE4B41,Mcdonalds Parque Tangamanga,San Luis Potosí,San Luis Potosí,No_Alcohol_Served,not permitted,no_accessibility,2,0,0.8,0.6,0.8,10,2.0,Fast_Food,3.0,U1034,1,1,1,1,0,0,"22.141421,-101.013955"
135086,22.141421,-101.013955,0101000020957F0000FA1A0E5A9B4858C17C884C4173AE4B41,Mcdonalds Parque Tangamanga,San Luis Potosí,San Luis Potosí,No_Alcohol_Served,not permitted,no_accessibility,2,0,0.8,0.6,0.8,10,2.0,Fast_Food,3.0,U1095,1,2,1,1,0,0,"22.141421,-101.013955"
135086,22.141421,-101.013955,0101000020957F0000FA1A0E5A9B4858C17C884C4173AE4B41,Mcdonalds Parque Tangamanga,San Luis Potosí,San Luis Potosí,No_Alcohol_Served,not permitted,no_accessibility,2,0,0.8,0.6,0.8,10,2.0,Fast_Food,3.0,U1007,0,0,0,1,0,0,"22.141421,-101.013955"
135086,22.141421,-101.013955,0101000020957F0000FA1A0E5A9B4858C17C884C4173AE4B41,Mcdonalds Parque Tangamanga,San Luis Potosí,San Luis Potosí,No_Alcohol_Served,not permitted,no_accessibility,2,0,0.8,0.6,0.8,10,2.0,Fast_Food,3.0,U1091,1,1,1,1,0,0,"22.141421,-101.013955"
135086,22.141421,-101.013955,0101000020957F0000FA1A0E5A9B4858C17C884C4173AE4B41,Mcdonalds Parque Tangamanga,San Luis Potosí,San Luis Potosí,No_Alcohol_Served,not permitted,no_accessibility,2,0,0.8,0.6,0.8,10,2.0,Fast_Food,3.0,U1019,0,0,0,1,0,0,"22.141421,-101.013955"
135086,22.141421,-101.013955,0101000020957F0000FA1A0E5A9B4858C17C884C4173AE4B41,Mcdonalds Parque Tangamanga,San Luis Potosí,San Luis Potosí,No_Alcohol_Served,not permitted,no_accessibility,2,0,0.8,0.6,0.8,10,2.0,Fast_Food,3.0,U1061,1,1,2,1,0,0,"22.141421,-101.013955"
135086,22.141421,-101.013955,0101000020957F0000FA1A0E5A9B4858C17C884C4173AE4B41,Mcdonalds Parque Tangamanga,San Luis Potosí,San Luis Potosí,No_Alcohol_Served,not permitted,no_accessibility,2,0,0.8,0.6,0.8,10,2.0,Fast_Food,3.0,U1112,0,0,0,1,0,0,"22.141421,-101.013955"
135086,22.141421,-101.013955,0101000020957F0000FA1A0E5A9B4858C17C884C4173AE4B41,Mcdonalds Parque Tangamanga,San Luis Potosí,San Luis Potosí,No_Alcohol_Served,not permitted,no_accessibility,2,0,0.8,0.6,0.8,10,2.0,Fast_Food,3.0,U1096,1,0,2,1,0,0,"22.141421,-101.013955"
135086,22.141421,-101.013955,0101000020957F0000FA1A0E5A9B4858C17C884C4173AE4B41,Mcdonalds Parque Tangamanga,San Luis Potosí,San Luis Potosí,No_Alcohol_Served,not permitted,no_accessibility,2,0,0.8,0.6,0.8,10,2.0,Fast_Food,3.0,U1097,2,0,1,1,0,0,"22.141421,-101.013955"
132870,22.1430781,-100.9354788,0101000020957F0000550FC1FC854A58C16D7D4E35F8974B41,Tortas y hamburguesas el gordo,San Luis Potosí,San Luis Potosí,No_Alcohol_Served,not permitted,no_accessibility,1,1,0.6,1.0,0.4,5,1.0,Burgers,1.0,U1052,1,1,1,0,0,0,"22.1430781,-100.9354788"
132870,22.1430781,-100.9354788,0101000020957F0000550FC1FC854A58C16D7D4E35F8974B41,Tortas y hamburguesas el gordo,San Luis Potosí,San Luis Potosí,No_Alcohol_Served,not permitted,no_accessibility,1,1,0.6,1.0,0.4,5,1.0,Burgers,1.0,U1111,0,0,0,0,0,0,"22.1430781,-100.9354788"
132870,22.1430781,-100.9354788,0101000020957F0000550FC1FC854A58C16D7D4E35F8974B41,Tortas y hamburguesas el gordo,San Luis Potosí,San Luis Potosí,No_Alcohol_Served,not permitted,no_accessibility,1,1,0.6,1.0,0.4,5,1.0,Burgers,1.0,U1015,0,0,1,0,0,0,"22.1430781,-100.9354788"
132870,22.1430781,-100.9354788,0101000020957F0000550FC1FC854A58C16D7D4E35F8974B41,Tortas y hamburguesas el gordo,San Luis Potosí,San Luis Potosí,No_Alcohol_Served,not permitted,no_accessibility,1,1,0.6,1.0,0.4,5,1.0,Burgers,1.0,U1131,0,2,0,0,0,0,"22.1430781,-100.9354788"
132870,22.1430781,-100.9354788,0101000020957F0000550FC1FC854A58C16D7D4E35F8974B41,Tortas y hamburguesas el gordo,San Luis Potosí,San Luis Potosí,No_Alcohol_Served,not permitted,no_accessibility,1,1,0.6,1.0,0.4,5,1.0,Burgers,1.0,U1102,2,2,0,0,0,0,"22.1430781,-100.9354788"
132854,22.1378633,-100.9383273,0101000020957F0000FEC3FB453E4B58C19B4A463617994B41,Sirlone,San Luis Potosí,San Luis Potosí,Wine-Beer,none,completely,2,1,1.3333333333333333,1.6666666666666667,1.1666666666666667,6,1.0,International,3.0,U1038,1,2,2,1,0,1,"22.1378633,-100.9383273"
132854,22.1378633,-100.9383273,0101000020957F0000FEC3FB453E4B58C19B4A463617994B41,Sirlone,San Luis Potosí,San Luis Potosí,Wine-Beer,none,completely,2,1,1.3333333333333333,1.6666666666666667,1.1666666666666667,6,1.0,International,3.0,U1113,0,0,0,1,0,1,"22.1378633,-100.9383273"
132854,22.1378633,-100.9383273,0101000020957F0000FEC3FB453E4B58C19B4A463617994B41,Sirlone,San Luis Potosí,San Luis Potosí,Wine-Beer,none,completely,2,1,1.3333333333333333,1.6666666666666667,1.1666666666666667,6,1.0,International,3.0,U1008,2,2,1,1,0,1,"22.1378633,-100.9383273"
132854,22.1378633,-100.9383273,0101000020957F0000FEC3FB453E4B58C19B4A463617994B41,Sirlone,San Luis Potosí,San Luis Potosí,Wine-Beer,none,completely,2,1,1.3333333333333333,1.6666666666666667,1.1666666666666667,6,1.0,International,3.0,U1111,2,2,2,1,0,1,"22.1378633,-100.9383273"
132854,22.1378633,-100.9383273,0101000020957F0000FEC3FB453E4B58C19B4A463617994B41,Sirlone,San Luis Potosí,San Luis Potosí,Wine-Beer,none,completely,2,1,1.3333333333333333,1.6666666666666667,1.1666666666666667,6,1.0,International,3.0,U1037,1,2,0,1,0,1,"22.1378633,-100.9383273"
132854,22.1378633,-100.9383273,0101000020957F0000FEC3FB453E4B58C19B4A463617994B41,Sirlone,San Luis Potosí,San Luis Potosí,Wine-Beer,none,completely,2,1,1.3333333333333333,1.6666666666666667,1.1666666666666667,6,1.0,International,3.0,U1102,2,2,2,1,0,1,"22.1378633,-100.9383273"
132937,22.1500193,-100.9799203,0101000020957F0000F9F19DDC3B4858C191B265A83BA44B41,rockabilly ,San Luis Potosí,San Luis Potosí,Full_Bar,section,completely,1,1,1.5,1.0,1.0,4,1.0,Bar,1.0,U1003,2,2,1,0,0,1,"22.1500193,-100.9799203"
132937,22.1500193,-100.9799203,0101000020957F0000F9F19DDC3B4858C191B265A83BA44B41,rockabilly ,San Luis Potosí,San Luis Potosí,Full_Bar,section,completely,1,1,1.5,1.0,1.0,4,1.0,Bar,1.0,U1027,1,1,1,0,0,1,"22.1500193,-100.9799203"
132937,22.1500193,-100.9799203,0101000020957F0000F9F19DDC3B4858C191B265A83BA44B41,rockabilly ,San Luis Potosí,San Luis Potosí,Full_Bar,section,completely,1,1,1.5,1.0,1.0,4,1.0,Bar,1.0,U1029,1,1,1,0,0,1,"22.1500193,-100.9799203"
132937,22.1500193,-100.9799203,0101000020957F0000F9F19DDC3B4858C191B265A83BA44B41,rockabilly ,San Luis Potosí,San Luis Potosí,Full_Bar,section,completely,1,1,1.5,1.0,1.0,4,1.0,Bar,1.0,U1086,2,0,1,0,0,1,"22.1500193,-100.9799203"
132856,22.1513782,-100.9746337,0101000020957F0000C1B7D30B2C4858C1CE557111A5A24B41,Unicols Pizza,San Luis Potosí,San Luis Potosí,Wine-Beer,none,completely,1,1,0.8571428571428571,1.1428571428571428,0.8571428571428571,14,1.0,Italian,1.0,U1038,0,1,1,0,1,0,"22.1513782,-100.9746337"
132856,22.1513782,-100.9746337,0101000020957F0000C1B7D30B2C4858C1CE557111A5A24B41,Unicols Pizza,San Luis Potosí,San Luis Potosí,Wine-Beer,none,completely,1,1,0.8571428571428571,1.1428571428571428,0.8571428571428571,14,1.0,Italian,1.0,U1071,2,2,2,0,1,0,"22.1513782,-100.9746337"
132856,22.1513782,-100.9746337,0101000020957F0000C1B7D30B2C4858C1CE557111A5A24B41,Unicols Pizza,San Luis Potosí,San Luis Potosí,Wine-Beer,none,completely,1,1,0.8571428571428571,1.1428571428571428,0.8571428571428571,14,1.0,Italian,1.0,U1019,0,0,0,0,1,0,"22.1513782,-100.9746337"
132856,22.1513782,-100.9746337,0101000020957F0000C1B7D30B2C4858C1CE557111A5A24B41,Unicols Pizza,San Luis Potosí,San Luis Potosí,Wine-Beer,none,completely,1,1,0.8571428571428571,1.1428571428571428,0.8571428571428571,14,1.0,Italian,1.0,U1113,0,1,0,0,1,0,"22.1513782,-100.9746337"
132856,22.1513782,-100.9746337,0101000020957F0000C1B7D30B2C4858C1CE557111A5A24B41,Unicols Pizza,San Luis Potosí,San Luis Potosí,Wine-Beer,none,completely,1,1,0.8571428571428571,1.1428571428571428,0.8571428571428571,14,1.0,Italian,1.0,U1106,0,1,0,0,1,0,"22.1513782,-100.9746337"
132856,22.1513782,-100.9746337,0101000020957F0000C1B7D30B2C4858C1CE557111A5A24B41,Unicols Pizza,San Luis Potosí,San Luis Potosí,Wine-Beer,none,completely,1,1,0.8571428571428571,1.1428571428571428,0.8571428571428571,14,1.0,Italian,1.0,U1045,1,2,2,0,1,0,"22.1513782,-100.9746337"
132856,22.1513782,-100.9746337,0101000020957F0000C1B7D30B2C4858C1CE557111A5A24B41,Unicols Pizza,San Luis Potosí,San Luis Potosí,Wine-Beer,none,completely,1,1,0.8571428571428571,1.1428571428571428,0.8571428571428571,14,1.0,Italian,1.0,U1016,2,2,2,0,1,0,"22.1513782,-100.9746337"
132856,22.1513782,-100.9746337,0101000020957F0000C1B7D30B2C4858C1CE557111A5A24B41,Unicols Pizza,San Luis Potosí,San Luis Potosí,Wine-Beer,none,completely,1,1,0.8571428571428571,1.1428571428571428,0.8571428571428571,14,1.0,Italian,1.0,U1099,1,1,0,0,1,0,"22.1513782,-100.9746337"
132856,22.1513782,-100.9746337,0101000020957F0000C1B7D30B2C4858C1CE557111A5A24B41,Unicols Pizza,San Luis Potosí,San Luis Potosí,Wine-Beer,none,completely,1,1,0.8571428571428571,1.1428571428571428,0.8571428571428571,14,1.0,Italian,1.0,U1054,2,2,2,0,1,0,"22.1513782,-100.9746337"
132856,22.1513782,-100.9746337,0101000020957F0000C1B7D30B2C4858C1CE557111A5A24B41,Unicols Pizza,San Luis Potosí,San Luis Potosí,Wine-Beer,none,completely,1,1,0.8571428571428571,1.1428571428571428,0.8571428571428571,14,1.0,Italian,1.0,U1101,1,0,1,0,1,0,"22.1513782,-100.9746337"
132856,22.1513782,-100.9746337,0101000020957F0000C1B7D30B2C4858C1CE557111A5A24B41,Unicols Pizza,San Luis Potosí,San Luis Potosí,Wine-Beer,none,completely,1,1,0.8571428571428571,1.1428571428571428,0.8571428571428571,14,1.0,Italian,1.0,U1032,1,1,0,0,1,0,"22.1513782,-100.9746337"
132856,22.1513782,-100.9746337,0101000020957F0000C1B7D30B2C4858C1CE557111A5A24B41,Unicols Pizza,San Luis Potosí,San Luis Potosí,Wine-Beer,none,completely,1,1,0.8571428571428571,1.1428571428571428,0.8571428571428571,14,1.0,Italian,1.0,U1135,0,0,0,0,1,0,"22.1513782,-100.9746337"
132856,22.1513782,-100.9746337,0101000020957F0000C1B7D30B2C4858C1CE557111A5A24B41,Unicols Pizza,San Luis Potosí,San Luis Potosí,Wine-Beer,none,completely,1,1,0.8571428571428571,1.1428571428571428,0.8571428571428571,14,1.0,Italian,1.0,U1109,1,1,1,0,1,0,"22.1513782,-100.9746337"
132856,22.1513782,-100.9746337,0101000020957F0000C1B7D30B2C4858C1CE557111A5A24B41,Unicols Pizza,San Luis Potosí,San Luis Potosí,Wine-Beer,none,completely,1,1,0.8571428571428571,1.1428571428571428,0.8571428571428571,14,1.0,Italian,1.0,U1098,1,2,1,0,1,0,"22.1513782,-100.9746337"
132668,23.738212,-99.1519547,0101000020957F000003B195E25F8457C1C535BD04614B4941,TACOS EL GUERO,Ciudad Victoria,Tamaulipas,No_Alcohol_Served,none,completely,1,1,1.0,1.0,1.0,3,1.0,Mexican,1.0,U1031,0,0,0,0,0,0,"23.738212,-99.1519547"
132668,23.738212,-99.1519547,0101000020957F000003B195E25F8457C1C535BD04614B4941,TACOS EL GUERO,Ciudad Victoria,Tamaulipas,No_Alcohol_Served,none,completely,1,1,1.0,1.0,1.0,3,1.0,Mexican,1.0,U1021,2,2,2,0,0,0,"23.738212,-99.1519547"
132668,23.738212,-99.1519547,0101000020957F000003B195E25F8457C1C535BD04614B4941,TACOS EL GUERO,Ciudad Victoria,Tamaulipas,No_Alcohol_Served,none,completely,1,1,1.0,1.0,1.0,3,1.0,Mexican,1.0,U1080,1,1,1,0,0,0,"23.738212,-99.1519547"
135033,22.14161,-100.973142,0101000020957F00000F624C60B54958C11757339BCCA24B41,Restaurant El Muladar de Calzada,San Luis Potosí,San Luis Potosí,No_Alcohol_Served,section,no_accessibility,2,1,0.75,0.75,1.25,4,1.0,Mexican,4.0,U1022,1,1,2,0,0,0,"22.14161,-100.973142"
135033,22.14161,-100.973142,0101000020957F00000F624C60B54958C11757339BCCA24B41,Restaurant El Muladar de Calzada,San Luis Potosí,San Luis Potosí,No_Alcohol_Served,section,no_accessibility,2,1,0.75,0.75,1.25,4,1.0,Mexican,4.0,U1105,0,0,0,0,0,0,"22.14161,-100.973142"
135033,22.14161,-100.973142,0101000020957F00000F624C60B54958C11757339BCCA24B41,Restaurant El Muladar de Calzada,San Luis Potosí,San Luis Potosí,No_Alcohol_Served,section,no_accessibility,2,1,0.75,0.75,1.25,4,1.0,Mexican,4.0,U1104,1,1,2,0,0,0,"22.14161,-100.973142"
135033,22.14161,-100.973142,0101000020957F00000F624C60B54958C11757339BCCA24B41,Restaurant El Muladar de Calzada,San Luis Potosí,San Luis Potosí,No_Alcohol_Served,section,no_accessibility,2,1,0.75,0.75,1.25,4,1.0,Mexican,4.0,U1001,1,1,1,0,0,0,"22.14161,-100.973142"
132862,22.1506429,-100.9870148,0101000020957F0000AF95272CF14758C165B2F91238A64B41,La Posada del Virrey,San Luis Potosí,San Luis Potosí,Wine-Beer,none,completely,3,1,1.3888888888888888,1.3888888888888888,1.4444444444444444,18,1.0,International,5.0,U1038,2,2,2,1,1,1,"22.1506429,-100.9870148"
132862,22.1506429,-100.9870148,0101000020957F0000AF95272CF14758C165B2F91238A64B41,La Posada del Virrey,San Luis Potosí,San Luis Potosí,Wine-Beer,none,completely,3,1,1.3888888888888888,1.3888888888888888,1.4444444444444444,18,1.0,International,5.0,U1071,2,2,2,1,1,1,"22.1506429,-100.9870148"
132862,22.1506429,-100.9870148,0101000020957F0000AF95272CF14758C165B2F91238A64B41,La Posada del Virrey,San Luis Potosí,San Luis Potosí,Wine-Beer,none,completely,3,1,1.3888888888888888,1.3888888888888888,1.4444444444444444,18,1.0,International,5.0,U1084,2,2,2,1,1,1,"22.1506429,-100.9870148"
132862,22.1506429,-100.9870148,0101000020957F0000AF95272CF14758C165B2F91238A64B41,La Posada del Virrey,San Luis Potosí,San Luis Potosí,Wine-Beer,none,completely,3,1,1.3888888888888888,1.3888888888888888,1.4444444444444444,18,1.0,International,5.0,U1106,2,2,2,1,1,1,"22.1506429,-100.9870148"
132862,22.1506429,-100.9870148,0101000020957F0000AF95272CF14758C165B2F91238A64B41,La Posada del Virrey,San Luis Potosí,San Luis Potosí,Wine-Beer,none,completely,3,1,1.3888888888888888,1.3888888888888888,1.4444444444444444,18,1.0,International,5.0,U1009,2,1,2,1,1,1,"22.1506429,-100.9870148"
132862,22.1506429,-100.9870148,0101000020957F0000AF95272CF14758C165B2F91238A64B41,La Posada del Virrey,San Luis Potosí,San Luis Potosí,Wine-Beer,none,completely,3,1,1.3888888888888888,1.3888888888888888,1.4444444444444444,18,1.0,International,5.0,U1016,2,2,2,1,1,1,"22.1506429,-100.9870148"
132862,22.1506429,-100.9870148,0101000020957F0000AF95272CF14758C165B2F91238A64B41,La Posada del Virrey,San Luis Potosí,San Luis Potosí,Wine-Beer,none,completely,3,1,1.3888888888888888,1.3888888888888888,1.4444444444444444,18,1.0,International,5.0,U1098,1,2,2,1,1,1,"22.1506429,-100.9870148"
132862,22.1506429,-100.9870148,0101000020957F0000AF95272CF14758C165B2F91238A64B41,La Posada del Virrey,San Luis Potosí,San Luis Potosí,Wine-Beer,none,completely,3,1,1.3888888888888888,1.3888888888888888,1.4444444444444444,18,1.0,International,5.0,U1003,1,2,2,1,1,1,"22.1506429,-100.9870148"
132862,22.1506429,-100.9870148,0101000020957F0000AF95272CF14758C165B2F91238A64B41,La Posada del Virrey,San Luis Potosí,San Luis Potosí,Wine-Beer,none,completely,3,1,1.3888888888888888,1.3888888888888888,1.4444444444444444,18,1.0,International,5.0,U1029,1,1,1,1,1,1,"22.1506429,-100.9870148"
132862,22.1506429,-100.9870148,0101000020957F0000AF95272CF14758C165B2F91238A64B41,La Posada del Virrey,San Luis Potosí,San Luis Potosí,Wine-Beer,none,completely,3,1,1.3888888888888888,1.3888888888888888,1.4444444444444444,18,1.0,International,5.0,U1137,2,2,2,1,1,1,"22.1506429,-100.9870148"
132862,22.1506429,-100.9870148,0101000020957F0000AF95272CF14758C165B2F91238A64B41,La Posada del Virrey,San Luis Potosí,San Luis Potosí,Wine-Beer,none,completely,3,1,1.3888888888888888,1.3888888888888888,1.4444444444444444,18,1.0,International,5.0,U1090,2,2,2,1,1,1,"22.1506429,-100.9870148"
132862,22.1506429,-100.9870148,0101000020957F0000AF95272CF14758C165B2F91238A64B41,La Posada del Virrey,San Luis Potosí,San Luis Potosí,Wine-Beer,none,completely,3,1,1.3888888888888888,1.3888888888888888,1.4444444444444444,18,1.0,International,5.0,U1112,1,1,1,1,1,1,"22.1506429,-100.9870148"
132862,22.1506429,-100.9870148,0101000020957F0000AF95272CF14758C165B2F91238A64B41,La Posada del Virrey,San Luis Potosí,San Luis Potosí,Wine-Beer,none,completely,3,1,1.3888888888888888,1.3888888888888888,1.4444444444444444,18,1.0,International,5.0,U1057,1,0,0,1,1,1,"22.1506429,-100.9870148"
132862,22.1506429,-100.9870148,0101000020957F0000AF95272CF14758C165B2F91238A64B41,La Posada del Virrey,San Luis Potosí,San Luis Potosí,Wine-Beer,none,completely,3,1,1.3888888888888888,1.3888888888888888,1.4444444444444444,18,1.0,International,5.0,U1059,0,0,0,1,1,1,"22.1506429,-100.9870148"
132862,22.1506429,-100.9870148,0101000020957F0000AF95272CF14758C165B2F91238A64B41,La Posada del Virrey,San Luis Potosí,San Luis Potosí,Wine-Beer,none,completely,3,1,1.3888888888888888,1.3888888888888888,1.4444444444444444,18,1.0,International,5.0,U1073,0,0,0,1,1,1,"22.1506429,-100.9870148"
132862,22.1506429,-100.9870148,0101000020957F0000AF95272CF14758C165B2F91238A64B41,La Posada del Virrey,San Luis Potosí,San Luis Potosí,Wine-Beer,none,completely,3,1,1.3888888888888888,1.3888888888888888,1.4444444444444444,18,1.0,International,5.0,U1049,0,0,0,1,1,1,"22.1506429,-100.9870148"
132862,22.1506429,-100.9870148,0101000020957F0000AF95272CF14758C165B2F91238A64B41,La Posada del Virrey,San Luis Potosí,San Luis Potosí,Wine-Beer,none,completely,3,1,1.3888888888888888,1.3888888888888888,1.4444444444444444,18,1.0,International,5.0,U1002,2,2,2,1,1,1,"22.1506429,-100.9870148"
132862,22.1506429,-100.9870148,0101000020957F0000AF95272CF14758C165B2F91238A64B41,La Posada del Virrey,San Luis Potosí,San Luis Potosí,Wine-Beer,none,completely,3,1,1.3888888888888888,1.3888888888888888,1.4444444444444444,18,1.0,International,5.0,U1136,2,2,2,1,1,1,"22.1506429,-100.9870148"
134983,18.948657,-99.235361,0101000020957F0000DEF36F4FC76A5AC162B083D9A0544A41,Restaurant and Bar and Clothesline Carlos N Charlies,Cuernavaca,Morelos,Full_Bar,section,no_accessibility,3,1,1.0,1.0,1.2,5,2.0,Bar,3.0,U1012,2,2,2,1,0,0,"18.948657,-99.235361"
134983,18.948657,-99.235361,0101000020957F0000DEF36F4FC76A5AC162B083D9A0544A41,Restaurant and Bar and Clothesline Carlos N Charlies,Cuernavaca,Morelos,Full_Bar,section,no_accessibility,3,1,1.0,1.0,1.2,5,2.0,Bar,3.0,U1017,0,0,1,1,0,0,"18.948657,-99.235361"
134983,18.948657,-99.235361,0101000020957F0000DEF36F4FC76A5AC162B083D9A0544A41,Restaurant and Bar and Clothesline Carlos N Charlies,Cuernavaca,Morelos,Full_Bar,section,no_accessibility,3,1,1.0,1.0,1.2,5,2.0,Bar,3.0,U1133,1,1,1,1,0,0,"18.948657,-99.235361"
134983,18.948657,-99.235361,0101000020957F0000DEF36F4FC76A5AC162B083D9A0544A41,Restaurant and Bar and Clothesline Carlos N Charlies,Cuernavaca,Morelos,Full_Bar,section,no_accessibility,3,1,1.0,1.0,1.2,5,2.0,Bar,3.0,U1118,0,0,0,1,0,0,"18.948657,-99.235361"
134983,18.948657,-99.235361,0101000020957F0000DEF36F4FC76A5AC162B083D9A0544A41,Restaurant and Bar and Clothesline Carlos N Charlies,Cuernavaca,Morelos,Full_Bar,section,no_accessibility,3,1,1.0,1.0,1.2,5,2.0,Bar,3.0,U1041,2,2,2,1,0,0,"18.948657,-99.235361"
134983,18.948657,-99.235361,0101000020957F0000DEF36F4FC76A5AC162B083D9A0544A41,Restaurant and Bar and Clothesline Carlos N Charlies,Cuernavaca,Morelos,Full_Bar,section,no_accessibility,3,1,1.0,1.0,1.2,5,2.0,Bar_Pub_Brewery,3.0,U1012,2,2,2,1,0,0,"18.948657,-99.235361"
134983,18.948657,-99.235361,0101000020957F0000DEF36F4FC76A5AC162B083D9A0544A41,Restaurant and Bar and Clothesline Carlos N Charlies,Cuernavaca,Morelos,Full_Bar,section,no_accessibility,3,1,1.0,1.0,1.2,5,2.0,Bar_Pub_Brewery,3.0,U1017,0,0,1,1,0,0,"18.948657,-99.235361"
134983,18.948657,-99.235361,0101000020957F0000DEF36F4FC76A5AC162B083D9A0544A41,Restaurant and Bar and Clothesline Carlos N Charlies,Cuernavaca,Morelos,Full_Bar,section,no_accessibility,3,1,1.0,1.0,1.2,5,2.0,Bar_Pub_Brewery,3.0,U1133,1,1,1,1,0,0,"18.948657,-99.235361"
134983,18.948657,-99.235361,0101000020957F0000DEF36F4FC76A5AC162B083D9A0544A41,Restaurant and Bar and Clothesline Carlos N Charlies,Cuernavaca,Morelos,Full_Bar,section,no_accessibility,3,1,1.0,1.0,1.2,5,2.0,Bar_Pub_Brewery,3.0,U1118,0,0,0,1,0,0,"18.948657,-99.235361"
134983,18.948657,-99.235361,0101000020957F0000DEF36F4FC76A5AC162B083D9A0544A41,Restaurant and Bar and Clothesline Carlos N Charlies,Cuernavaca,Morelos,Full_Bar,section,no_accessibility,3,1,1.0,1.0,1.2,5,2.0,Bar_Pub_Brewery,3.0,U1041,2,2,2,1,0,0,"18.948657,-99.235361"
132851,22.136872,-100.9345736,0101000020957F0000C74DE39C7F4B58C1061F291714984B41,KFC,San Luis Potosí,San Luis Potosí,No_Alcohol_Served,not permitted,completely,1,1,1.4285714285714286,1.0,1.0,7,2.0,American,1.0,U1052,1,0,2,1,0,1,"22.136872,-100.9345736"
132851,22.136872,-100.9345736,0101000020957F0000C74DE39C7F4B58C1061F291714984B41,KFC,San Luis Potosí,San Luis Potosí,No_Alcohol_Served,not permitted,completely,1,1,1.4285714285714286,1.0,1.0,7,2.0,American,1.0,U1069,1,0,0,1,0,1,"22.136872,-100.9345736"
132851,22.136872,-100.9345736,0101000020957F0000C74DE39C7F4B58C1061F291714984B41,KFC,San Luis Potosí,San Luis Potosí,No_Alcohol_Served,not permitted,completely,1,1,1.4285714285714286,1.0,1.0,7,2.0,American,1.0,U1008,1,1,1,1,0,1,"22.136872,-100.9345736"
132851,22.136872,-100.9345736,0101000020957F0000C74DE39C7F4B58C1061F291714984B41,KFC,San Luis Potosí,San Luis Potosí,No_Alcohol_Served,not permitted,completely,1,1,1.4285714285714286,1.0,1.0,7,2.0,American,1.0,U1111,2,1,0,1,0,1,"22.136872,-100.9345736"
132851,22.136872,-100.9345736,0101000020957F0000C74DE39C7F4B58C1061F291714984B41,KFC,San Luis Potosí,San Luis Potosí,No_Alcohol_Served,not permitted,completely,1,1,1.4285714285714286,1.0,1.0,7,2.0,American,1.0,U1037,2,2,1,1,0,1,"22.136872,-100.9345736"
132851,22.136872,-100.9345736,0101000020957F0000C74DE39C7F4B58C1061F291714984B41,KFC,San Luis Potosí,San Luis Potosí,No_Alcohol_Served,not permitted,completely,1,1,1.4285714285714286,1.0,1.0,7,2.0,American,1.0,U1015,1,1,1,1,0,1,"22.136872,-100.9345736"
132851,22.136872,-100.9345736,0101000020957F0000C74DE39C7F4B58C1061F291714984B41,KFC,San Luis Potosí,San Luis Potosí,No_Alcohol_Served,not permitted,completely,1,1,1.4285714285714286,1.0,1.0,7,2.0,American,1.0,U1131,2,2,2,1,0,1,"22.136872,-100.9345736"
132851,22.136872,-100.9345736,0101000020957F0000C74DE39C7F4B58C1061F291714984B41,KFC,San Luis Potosí,San Luis Potosí,No_Alcohol_Served,not permitted,completely,1,1,1.4285714285714286,1.0,1.0,7,2.0,Game,1.0,U1052,1,0,2,1,0,1,"22.136872,-100.9345736"
132851,22.136872,-100.9345736,0101000020957F0000C74DE39C7F4B58C1061F291714984B41,KFC,San Luis Potosí,San Luis Potosí,No_Alcohol_Served,not permitted,completely,1,1,1.4285714285714286,1.0,1.0,7,2.0,Game,1.0,U1069,1,0,0,1,0,1,"22.136872,-100.9345736"
132851,22.136872,-100.9345736,0101000020957F0000C74DE39C7F4B58C1061F291714984B41,KFC,San Luis Potosí,San Luis Potosí,No_Alcohol_Served,not permitted,completely,1,1,1.4285714285714286,1.0,1.0,7,2.0,Game,1.0,U1008,1,1,1,1,0,1,"22.136872,-100.9345736"
132851,22.136872,-100.9345736,0101000020957F0000C74DE39C7F4B58C1061F291714984B41,KFC,San Luis Potosí,San Luis Potosí,No_Alcohol_Served,not permitted,completely,1,1,1.4285714285714286,1.0,1.0,7,2.0,Game,1.0,U1111,2,1,0,1,0,1,"22.136872,-100.9345736"
132851,22.136872,-100.9345736,0101000020957F0000C74DE39C7F4B58C1061F291714984B41,KFC,San Luis Potosí,San Luis Potosí,No_Alcohol_Served,not permitted,completely,1,1,1.4285714285714286,1.0,1.0,7,2.0,Game,1.0,U1037,2,2,1,1,0,1,"22.136872,-100.9345736"
132851,22.136872,-100.9345736,0101000020957F0000C74DE39C7F4B58C1061F291714984B41,KFC,San Luis Potosí,San Luis Potosí,No_Alcohol_Served,not permitted,completely,1,1,1.4285714285714286,1.0,1.0,7,2.0,Game,1.0,U1015,1,1,1,1,0,1,"22.136872,-100.9345736"
132851,22.136872,-100.9345736,0101000020957F0000C74DE39C7F4B58C1061F291714984B41,KFC,San Luis Potosí,San Luis Potosí,No_Alcohol_Served,not permitted,completely,1,1,1.4285714285714286,1.0,1.0,7,2.0,Game,1.0,U1131,2,2,2,1,0,1,"22.136872,-100.9345736"
135013,18.917441,-99.165945,0101000020957F0000D241E94E7B715AC119862B3B1E414A41,Giovannis,Jiutepec,Morelos,No_Alcohol_Served,none,no_accessibility,1,1,1.75,2.0,1.75,4,1.0,Mexican,1.0,U1093,2,2,1,0,0,1,"18.917441,-99.165945"
135013,18.917441,-99.165945,0101000020957F0000D241E94E7B715AC119862B3B1E414A41,Giovannis,Jiutepec,Morelos,No_Alcohol_Served,none,no_accessibility,1,1,1.75,2.0,1.75,4,1.0,Mexican,1.0,U1066,1,2,2,0,0,1,"18.917441,-99.165945"
135013,18.917441,-99.165945,0101000020957F0000D241E94E7B715AC119862B3B1E414A41,Giovannis,Jiutepec,Morelos,No_Alcohol_Served,none,no_accessibility,1,1,1.75,2.0,1.75,4,1.0,Mexican,1.0,U1040,2,2,2,0,0,1,"18.917441,-99.165945"
135013,18.917441,-99.165945,0101000020957F0000D241E94E7B715AC119862B3B1E414A41,Giovannis,Jiutepec,Morelos,No_Alcohol_Served,none,no_accessibility,1,1,1.75,2.0,1.75,4,1.0,Mexican,1.0,U1110,2,2,2,0,0,1,"18.917441,-99.165945"
135042,22.159357,-100.973411,0101000020957F0000C66BB014FC4658C17CFE8D93D2A14B41,Restaurant Oriental Express,San Luis Potosí,San Luis Potosí,No_Alcohol_Served,none,no_accessibility,2,1,1.25,1.25,1.15,20,1.0,Chinese,1.0,U1053,2,1,2,0,1,1,"22.159357,-100.973411"
135042,22.159357,-100.973411,0101000020957F0000C66BB014FC4658C17CFE8D93D2A14B41,Restaurant Oriental Express,San Luis Potosí,San Luis Potosí,No_Alcohol_Served,none,no_accessibility,2,1,1.25,1.25,1.15,20,1.0,Chinese,1.0,U1064,1,2,1,0,1,1,"22.159357,-100.973411"
135042,22.159357,-100.973411,0101000020957F0000C66BB014FC4658C17CFE8D93D2A14B41,Restaurant Oriental Express,San Luis Potosí,San Luis Potosí,No_Alcohol_Served,none,no_accessibility,2,1,1.25,1.25,1.15,20,1.0,Chinese,1.0,U1014,1,1,0,0,1,1,"22.159357,-100.973411"
135042,22.159357,-100.973411,0101000020957F0000C66BB014FC4658C17CFE8D93D2A14B41,Restaurant Oriental Express,San Luis Potosí,San Luis Potosí,No_Alcohol_Served,none,no_accessibility,2,1,1.25,1.25,1.15,20,1.0,Chinese,1.0,U1125,1,1,1,0,1,1,"22.159357,-100.973411"
135042,22.159357,-100.973411,0101000020957F0000C66BB014FC4658C17CFE8D93D2A14B41,Restaurant Oriental Express,San Luis Potosí,San Luis Potosí,No_Alcohol_Served,none,no_accessibility,2,1,1.25,1.25,1.15,20,1.0,Chinese,1.0,U1076,2,2,2,0,1,1,"22.159357,-100.973411"
135042,22.159357,-100.973411,0101000020957F0000C66BB014FC4658C17CFE8D93D2A14B41,Restaurant Oriental Express,San Luis Potosí,San Luis Potosí,No_Alcohol_Served,none,no_accessibility,2,1,1.25,1.25,1.15,20,1.0,Chinese,1.0,U1024,1,2,1,0,1,1,"22.159357,-100.973411"
135042,22.159357,-100.973411,0101000020957F0000C66BB014FC4658C17CFE8D93D2A14B41,Restaurant Oriental Express,San Luis Potosí,San Luis Potosí,No_Alcohol_Served,none,no_accessibility,2,1,1.25,1.25,1.15,20,1.0,Chinese,1.0,U1005,2,1,2,0,1,1,"22.159357,-100.973411"
135042,22.159357,-100.973411,0101000020957F0000C66BB014FC4658C17CFE8D93D2A14B41,Restaurant Oriental Express,San Luis Potosí,San Luis Potosí,No_Alcohol_Served,none,no_accessibility,2,1,1.25,1.25,1.15,20,1.0,Chinese,1.0,U1036,2,2,2,0,1,1,"22.159357,-100.973411"
135042,22.159357,-100.973411,0101000020957F0000C66BB014FC4658C17CFE8D93D2A14B41,Restaurant Oriental Express,San Luis Potosí,San Luis Potosí,No_Alcohol_Served,none,no_accessibility,2,1,1.25,1.25,1.15,20,1.0,Chinese,1.0,U1071,2,2,2,0,1,1,"22.159357,-100.973411"
135042,22.159357,-100.973411,0101000020957F0000C66BB014FC4658C17CFE8D93D2A14B41,Restaurant Oriental Express,San Luis Potosí,San Luis Potosí,No_Alcohol_Served,none,no_accessibility,2,1,1.25,1.25,1.15,20,1.0,Chinese,1.0,U1106,2,0,0,0,1,1,"22.159357,-100.973411"
135042,22.159357,-100.973411,0101000020957F0000C66BB014FC4658C17CFE8D93D2A14B41,Restaurant Oriental Express,San Luis Potosí,San Luis Potosí,No_Alcohol_Served,none,no_accessibility,2,1,1.25,1.25,1.15,20,1.0,Chinese,1.0,U1016,1,2,2,0,1,1,"22.159357,-100.973411"
135042,22.159357,-100.973411,0101000020957F0000C66BB014FC4658C17CFE8D93D2A14B41,Restaurant Oriental Express,San Luis Potosí,San Luis Potosí,No_Alcohol_Served,none,no_accessibility,2,1,1.25,1.25,1.15,20,1.0,Chinese,1.0,U1099,1,1,1,0,1,1,"22.159357,-100.973411"
135042,22.159357,-100.973411,0101000020957F0000C66BB014FC4658C17CFE8D93D2A14B41,Restaurant Oriental Express,San Luis Potosí,San Luis Potosí,No_Alcohol_Served,none,no_accessibility,2,1,1.25,1.25,1.15,20,1.0,Chinese,1.0,U1032,0,1,0,0,1,1,"22.159357,-100.973411"
135042,22.159357,-100.973411,0101000020957F0000C66BB014FC4658C17CFE8D93D2A14B41,Restaurant Oriental Express,San Luis Potosí,San Luis Potosí,No_Alcohol_Served,none,no_accessibility,2,1,1.25,1.25,1.15,20,1.0,Chinese,1.0,U1135,0,0,0,0,1,1,"22.159357,-100.973411"
135042,22.159357,-100.973411,0101000020957F0000C66BB014FC4658C17CFE8D93D2A14B41,Restaurant Oriental Express,San Luis Potosí,San Luis Potosí,No_Alcohol_Served,none,no_accessibility,2,1,1.25,1.25,1.15,20,1.0,Chinese,1.0,U1085,0,0,0,0,1,1,"22.159357,-100.973411"
135042,22.159357,-100.973411,0101000020957F0000C66BB014FC4658C17CFE8D93D2A14B41,Restaurant Oriental Express,San Luis Potosí,San Luis Potosí,No_Alcohol_Served,none,no_accessibility,2,1,1.25,1.25,1.15,20,1.0,Chinese,1.0,U1109,2,2,2,0,1,1,"22.159357,-100.973411"
135042,22.159357,-100.973411,0101000020957F0000C66BB014FC4658C17CFE8D93D2A14B41,Restaurant Oriental Express,San Luis Potosí,San Luis Potosí,No_Alcohol_Served,none,no_accessibility,2,1,1.25,1.25,1.15,20,1.0,Chinese,1.0,U1027,1,1,1,0,1,1,"22.159357,-100.973411"
135042,22.159357,-100.973411,0101000020957F0000C66BB014FC4658C17CFE8D93D2A14B41,Restaurant Oriental Express,San Luis Potosí,San Luis Potosí,No_Alcohol_Served,none,no_accessibility,2,1,1.25,1.25,1.15,20,1.0,Chinese,1.0,U1137,2,2,2,0,1,1,"22.159357,-100.973411"
135042,22.159357,-100.973411,0101000020957F0000C66BB014FC4658C17CFE8D93D2A14B41,Restaurant Oriental Express,San Luis Potosí,San Luis Potosí,No_Alcohol_Served,none,no_accessibility,2,1,1.25,1.25,1.15,20,1.0,Chinese,1.0,U1049,0,0,0,0,1,1,"22.159357,-100.973411"
135042,22.159357,-100.973411,0101000020957F0000C66BB014FC4658C17CFE8D93D2A14B41,Restaurant Oriental Express,San Luis Potosí,San Luis Potosí,No_Alcohol_Served,none,no_accessibility,2,1,1.25,1.25,1.15,20,1.0,Chinese,1.0,U1010,2,2,2,0,1,1,"22.159357,-100.973411"
132768,18.9257734,-99.2326355,0101000020957F000000DD3546816E5AC119D4BD17FD544A41,Mariscos Tia Licha,Cuernavaca,Morelos,No_Alcohol_Served,not permitted,partially,2,0,1.6,1.7,1.4,10,1.0,Family,2.0,U1017,1,1,1,0,0,1,"18.9257734,-99.2326355"
132768,18.9257734,-99.2326355,0101000020957F000000DD3546816E5AC119D4BD17FD544A41,Mariscos Tia Licha,Cuernavaca,Morelos,No_Alcohol_Served,not permitted,partially,2,0,1.6,1.7,1.4,10,1.0,Family,2.0,U1100,2,2,2,0,0,1,"18.9257734,-99.2326355"
132768,18.9257734,-99.2326355,0101000020957F000000DD3546816E5AC119D4BD17FD544A41,Mariscos Tia Licha,Cuernavaca,Morelos,No_Alcohol_Served,not permitted,partially,2,0,1.6,1.7,1.4,10,1.0,Family,2.0,U1118,0,0,0,0,0,1,"18.9257734,-99.2326355"
132768,18.9257734,-99.2326355,0101000020957F000000DD3546816E5AC119D4BD17FD544A41,Mariscos Tia Licha,Cuernavaca,Morelos,No_Alcohol_Served,not permitted,partially,2,0,1.6,1.7,1.4,10,1.0,Family,2.0,U1020,2,2,2,0,0,1,"18.9257734,-99.2326355"
132768,18.9257734,-99.2326355,0101000020957F000000DD3546816E5AC119D4BD17FD544A41,Mariscos Tia Licha,Cuernavaca,Morelos,No_Alcohol_Served,not permitted,partially,2,0,1.6,1.7,1.4,10,1.0,Family,2.0,U1051,1,2,1,0,0,1,"18.9257734,-99.2326355"
132768,18.9257734,-99.2326355,0101000020957F000000DD3546816E5AC119D4BD17FD544A41,Mariscos Tia Licha,Cuernavaca,Morelos,No_Alcohol_Served,not permitted,partially,2,0,1.6,1.7,1.4,10,1.0,Family,2.0,U1044,2,2,2,0,0,1,"18.9257734,-99.2326355"
132768,18.9257734,-99.2326355,0101000020957F000000DD3546816E5AC119D4BD17FD544A41,Mariscos Tia Licha,Cuernavaca,Morelos,No_Alcohol_Served,not permitted,partially,2,0,1.6,1.7,1.4,10,1.0,Family,2.0,U1119,2,2,2,0,0,1,"18.9257734,-99.2326355"
132768,18.9257734,-99.2326355,0101000020957F000000DD3546816E5AC119D4BD17FD544A41,Mariscos Tia Licha,Cuernavaca,Morelos,No_Alcohol_Served,not permitted,partially,2,0,1.6,1.7,1.4,10,1.0,Family,2.0,U1079,2,2,2,0,0,1,"18.9257734,-99.2326355"
132768,18.9257734,-99.2326355,0101000020957F000000DD3546816E5AC119D4BD17FD544A41,Mariscos Tia Licha,Cuernavaca,Morelos,No_Alcohol_Served,not permitted,partially,2,0,1.6,1.7,1.4,10,1.0,Family,2.0,U1042,2,2,1,0,0,1,"18.9257734,-99.2326355"
132768,18.9257734,-99.2326355,0101000020957F000000DD3546816E5AC119D4BD17FD544A41,Mariscos Tia Licha,Cuernavaca,Morelos,No_Alcohol_Served,not permitted,partially,2,0,1.6,1.7,1.4,10,1.0,Family,2.0,U1041,2,2,1,0,0,1,"18.9257734,-99.2326355"
132561,23.726819,-99.1265059,0101000020957F000004457BB7AA8657C15F10835CD9444941,cafe ambar,Desconocida,Desconocido,No_Alcohol_Served,none,completely,1,1,0.75,1.0,1.0,4,1.0,Mexican,1.0,U1026,1,1,1,0,0,0,"23.726819,-99.1265059"
132561,23.726819,-99.1265059,0101000020957F000004457BB7AA8657C15F10835CD9444941,cafe ambar,Desconocida,Desconocido,No_Alcohol_Served,none,completely,1,1,0.75,1.0,1.0,4,1.0,Mexican,1.0,U1129,1,2,2,0,0,0,"23.726819,-99.1265059"
132561,23.726819,-99.1265059,0101000020957F000004457BB7AA8657C15F10835CD9444941,cafe ambar,Desconocida,Desconocido,No_Alcohol_Served,none,completely,1,1,0.75,1.0,1.0,4,1.0,Mexican,1.0,U1065,1,1,1,0,0,0,"23.726819,-99.1265059"
132561,23.726819,-99.1265059,0101000020957F000004457BB7AA8657C15F10835CD9444941,cafe ambar,Desconocida,Desconocido,No_Alcohol_Served,none,completely,1,1,0.75,1.0,1.0,4,1.0,Mexican,1.0,U1130,0,0,0,0,0,0,"23.726819,-99.1265059"
135045,22.151189,-100.98179,0101000020957F00000B6735CA004858C108FD525CB2A44B41,Restaurante la Gran Via,San Luis Potosí,San Luis Potosí,Wine-Beer,none,no_accessibility,3,1,1.4615384615384615,1.3076923076923077,1.3076923076923077,13,1.0,Mexican,4.0,U1022,2,1,1,1,1,1,"22.151189,-100.98179"
135045,22.151189,-100.98179,0101000020957F00000B6735CA004858C108FD525CB2A44B41,Restaurante la Gran Via,San Luis Potosí,San Luis Potosí,Wine-Beer,none,no_accessibility,3,1,1.4615384615384615,1.3076923076923077,1.3076923076923077,13,1.0,Mexican,4.0,U1024,2,2,0,1,1,1,"22.151189,-100.98179"
135045,22.151189,-100.98179,0101000020957F00000B6735CA004858C108FD525CB2A44B41,Restaurante la Gran Via,San Luis Potosí,San Luis Potosí,Wine-Beer,none,no_accessibility,3,1,1.4615384615384615,1.3076923076923077,1.3076923076923077,13,1.0,Mexican,4.0,U1120,1,2,2,1,1,1,"22.151189,-100.98179"
135045,22.151189,-100.98179,0101000020957F00000B6735CA004858C108FD525CB2A44B41,Restaurante la Gran Via,San Luis Potosí,San Luis Potosí,Wine-Beer,none,no_accessibility,3,1,1.4615384615384615,1.3076923076923077,1.3076923076923077,13,1.0,Mexican,4.0,U1036,2,2,2,1,1,1,"22.151189,-100.98179"
135045,22.151189,-100.98179,0101000020957F00000B6735CA004858C108FD525CB2A44B41,Restaurante la Gran Via,San Luis Potosí,San Luis Potosí,Wine-Beer,none,no_accessibility,3,1,1.4615384615384615,1.3076923076923077,1.3076923076923077,13,1.0,Mexican,4.0,U1084,2,2,2,1,1,1,"22.151189,-100.98179"
135045,22.151189,-100.98179,0101000020957F00000B6735CA004858C108FD525CB2A44B41,Restaurante la Gran Via,San Luis Potosí,San Luis Potosí,Wine-Beer,none,no_accessibility,3,1,1.4615384615384615,1.3076923076923077,1.3076923076923077,13,1.0,Mexican,4.0,U1016,2,2,2,1,1,1,"22.151189,-100.98179"
135045,22.151189,-100.98179,0101000020957F00000B6735CA004858C108FD525CB2A44B41,Restaurante la Gran Via,San Luis Potosí,San Luis Potosí,Wine-Beer,none,no_accessibility,3,1,1.4615384615384615,1.3076923076923077,1.3076923076923077,13,1.0,Mexican,4.0,U1099,1,1,1,1,1,1,"22.151189,-100.98179"
135045,22.151189,-100.98179,0101000020957F00000B6735CA004858C108FD525CB2A44B41,Restaurante la Gran Via,San Luis Potosí,San Luis Potosí,Wine-Beer,none,no_accessibility,3,1,1.4615384615384615,1.3076923076923077,1.3076923076923077,13,1.0,Mexican,4.0,U1054,2,1,2,1,1,1,"22.151189,-100.98179"
135045,22.151189,-100.98179,0101000020957F00000B6735CA004858C108FD525CB2A44B41,Restaurante la Gran Via,San Luis Potosí,San Luis Potosí,Wine-Beer,none,no_accessibility,3,1,1.4615384615384615,1.3076923076923077,1.3076923076923077,13,1.0,Mexican,4.0,U1001,1,1,1,1,1,1,"22.151189,-100.98179"
135045,22.151189,-100.98179,0101000020957F00000B6735CA004858C108FD525CB2A44B41,Restaurante la Gran Via,San Luis Potosí,San Luis Potosí,Wine-Beer,none,no_accessibility,3,1,1.4615384615384615,1.3076923076923077,1.3076923076923077,13,1.0,Mexican,4.0,U1135,0,0,0,1,1,1,"22.151189,-100.98179"
135045,22.151189,-100.98179,0101000020957F00000B6735CA004858C108FD525CB2A44B41,Restaurante la Gran Via,San Luis Potosí,San Luis Potosí,Wine-Beer,none,no_accessibility,3,1,1.4615384615384615,1.3076923076923077,1.3076923076923077,13,1.0,Mexican,4.0,U1062,0,0,0,1,1,1,"22.151189,-100.98179"
135045,22.151189,-100.98179,0101000020957F00000B6735CA004858C108FD525CB2A44B41,Restaurante la Gran Via,San Luis Potosí,San Luis Potosí,Wine-Beer,none,no_accessibility,3,1,1.4615384615384615,1.3076923076923077,1.3076923076923077,13,1.0,Mexican,4.0,U1033,2,1,2,1,1,1,"22.151189,-100.98179"
135045,22.151189,-100.98179,0101000020957F00000B6735CA004858C108FD525CB2A44B41,Restaurante la Gran Via,San Luis Potosí,San Luis Potosí,Wine-Beer,none,no_accessibility,3,1,1.4615384615384615,1.3076923076923077,1.3076923076923077,13,1.0,Mexican,4.0,U1086,2,2,2,1,1,1,"22.151189,-100.98179"
132847,22.1443365,-100.9373825,0101000020957F00004717A23D474A58C17D1F102970984B41,don burguers,San Luis Potosí,San Luis Potosí,No_Alcohol_Served,none,no_accessibility,1,1,1.1666666666666667,1.3333333333333333,0.6666666666666666,6,1.0,Mexican,1.0,U1120,2,2,2,0,0,0,"22.1443365,-100.9373825"
132847,22.1443365,-100.9373825,0101000020957F00004717A23D474A58C17D1F102970984B41,don burguers,San Luis Potosí,San Luis Potosí,No_Alcohol_Served,none,no_accessibility,1,1,1.1666666666666667,1.3333333333333333,0.6666666666666666,6,1.0,Mexican,1.0,U1037,1,1,1,0,0,0,"22.1443365,-100.9373825"
132847,22.1443365,-100.9373825,0101000020957F00004717A23D474A58C17D1F102970984B41,don burguers,San Luis Potosí,San Luis Potosí,No_Alcohol_Served,none,no_accessibility,1,1,1.1666666666666667,1.3333333333333333,0.6666666666666666,6,1.0,Mexican,1.0,U1069,0,2,0,0,0,0,"22.1443365,-100.9373825"
132847,22.1443365,-100.9373825,0101000020957F00004717A23D474A58C17D1F102970984B41,don burguers,San Luis Potosí,San Luis Potosí,No_Alcohol_Served,none,no_accessibility,1,1,1.1666666666666667,1.3333333333333333,0.6666666666666666,6,1.0,Mexican,1.0,U1111,0,0,0,0,0,0,"22.1443365,-100.9373825"
132847,22.1443365,-100.9373825,0101000020957F00004717A23D474A58C17D1F102970984B41,don burguers,San Luis Potosí,San Luis Potosí,No_Alcohol_Served,none,no_accessibility,1,1,1.1666666666666667,1.3333333333333333,0.6666666666666666,6,1.0,Mexican,1.0,U1025,2,1,1,0,0,0,"22.1443365,-100.9373825"
132847,22.1443365,-100.9373825,0101000020957F00004717A23D474A58C17D1F102970984B41,don burguers,San Luis Potosí,San Luis Potosí,No_Alcohol_Served,none,no_accessibility,1,1,1.1666666666666667,1.3333333333333333,0.6666666666666666,6,1.0,Mexican,1.0,U1102,2,2,0,0,0,0,"22.1443365,-100.9373825"
135054,22.140626,-100.915657,0101000020957F000011E92CCE714B58C19BF8C0CA75924B41,Restaurante y Pescaderia Tampico,San Luis Potosí,San Luis Potosí,No_Alcohol_Served,none,no_accessibility,3,1,1.0,0.9,1.0,10,1.0,Seafood,3.0,U1088,2,2,2,1,0,0,"22.140626,-100.915657"
135054,22.140626,-100.915657,0101000020957F000011E92CCE714B58C19BF8C0CA75924B41,Restaurante y Pescaderia Tampico,San Luis Potosí,San Luis Potosí,No_Alcohol_Served,none,no_accessibility,3,1,1.0,0.9,1.0,10,1.0,Seafood,3.0,U1126,1,2,1,1,0,0,"22.140626,-100.915657"
135054,22.140626,-100.915657,0101000020957F000011E92CCE714B58C19BF8C0CA75924B41,Restaurante y Pescaderia Tampico,San Luis Potosí,San Luis Potosí,No_Alcohol_Served,none,no_accessibility,3,1,1.0,0.9,1.0,10,1.0,Seafood,3.0,U1124,1,1,1,1,0,0,"22.140626,-100.915657"
135054,22.140626,-100.915657,0101000020957F000011E92CCE714B58C19BF8C0CA75924B41,Restaurante y Pescaderia Tampico,San Luis Potosí,San Luis Potosí,No_Alcohol_Served,none,no_accessibility,3,1,1.0,0.9,1.0,10,1.0,Seafood,3.0,U1094,0,0,0,1,0,0,"22.140626,-100.915657"
135054,22.140626,-100.915657,0101000020957F000011E92CCE714B58C19BF8C0CA75924B41,Restaurante y Pescaderia Tampico,San Luis Potosí,San Luis Potosí,No_Alcohol_Served,none,no_accessibility,3,1,1.0,0.9,1.0,10,1.0,Seafood,3.0,U1105,0,0,0,1,0,0,"22.140626,-100.915657"
135054,22.140626,-100.915657,0101000020957F000011E92CCE714B58C19BF8C0CA75924B41,Restaurante y Pescaderia Tampico,San Luis Potosí,San Luis Potosí,No_Alcohol_Served,none,no_accessibility,3,1,1.0,0.9,1.0,10,1.0,Seafood,3.0,U1115,0,0,1,1,0,0,"22.140626,-100.915657"
135054,22.140626,-100.915657,0101000020957F000011E92CCE714B58C19BF8C0CA75924B41,Restaurante y Pescaderia Tampico,San Luis Potosí,San Luis Potosí,No_Alcohol_Served,none,no_accessibility,3,1,1.0,0.9,1.0,10,1.0,Seafood,3.0,U1037,2,1,1,1,0,0,"22.140626,-100.915657"
135054,22.140626,-100.915657,0101000020957F000011E92CCE714B58C19BF8C0CA75924B41,Restaurante y Pescaderia Tampico,San Luis Potosí,San Luis Potosí,No_Alcohol_Served,none,no_accessibility,3,1,1.0,0.9,1.0,10,1.0,Seafood,3.0,U1008,1,1,1,1,0,0,"22.140626,-100.915657"
135054,22.140626,-100.915657,0101000020957F000011E92CCE714B58C19BF8C0CA75924B41,Restaurante y Pescaderia Tampico,San Luis Potosí,San Luis Potosí,No_Alcohol_Served,none,no_accessibility,3,1,1.0,0.9,1.0,10,1.0,Seafood,3.0,U1015,1,1,1,1,0,0,"22.140626,-100.915657"
135054,22.140626,-100.915657,0101000020957F000011E92CCE714B58C19BF8C0CA75924B41,Restaurante y Pescaderia Tampico,San Luis Potosí,San Luis Potosí,No_Alcohol_Served,none,no_accessibility,3,1,1.0,0.9,1.0,10,1.0,Seafood,3.0,U1131,2,1,2,1,0,0,"22.140626,-100.915657"
134975,18.940828,-99.215426,0101000020957F000076F426DC856C5AC1CB520721F84E4A41,Rincon del Bife,Desconocida,Desconocido,Full_Bar,section,completely,3,1,1.6666666666666667,1.3333333333333333,1.3333333333333333,3,1.0,Mexican,4.0,U1127,2,2,2,1,0,1,"18.940828,-99.215426"
134975,18.940828,-99.215426,0101000020957F000076F426DC856C5AC1CB520721F84E4A41,Rincon del Bife,Desconocida,Desconocido,Full_Bar,section,completely,3,1,1.6666666666666667,1.3333333333333333,1.3333333333333333,3,1.0,Mexican,4.0,U1017,2,1,1,1,0,1,"18.940828,-99.215426"
134975,18.940828,-99.215426,0101000020957F000076F426DC856C5AC1CB520721F84E4A41,Rincon del Bife,Desconocida,Desconocido,Full_Bar,section,completely,3,1,1.6666666666666667,1.3333333333333333,1.3333333333333333,3,1.0,Mexican,4.0,U1133,1,1,1,1,0,1,"18.940828,-99.215426"
135053,22.178931,-101.012861,0101000020957F0000B3C05AB5E54258C180F99573E7AB4B41,La Fontana Pizza Restaurante and Cafe,San Luis Potosí,San Luis Potosí,No_Alcohol_Served,section,no_accessibility,3,1,1.125,1.0,0.75,8,3.0,Cafeteria,4.0,U1053,2,2,0,1,0,0,"22.178931,-101.012861"
135053,22.178931,-101.012861,0101000020957F0000B3C05AB5E54258C180F99573E7AB4B41,La Fontana Pizza Restaurante and Cafe,San Luis Potosí,San Luis Potosí,No_Alcohol_Served,section,no_accessibility,3,1,1.125,1.0,0.75,8,3.0,Cafeteria,4.0,U1114,0,0,0,1,0,0,"22.178931,-101.012861"
135053,22.178931,-101.012861,0101000020957F0000B3C05AB5E54258C180F99573E7AB4B41,La Fontana Pizza Restaurante and Cafe,San Luis Potosí,San Luis Potosí,No_Alcohol_Served,section,no_accessibility,3,1,1.125,1.0,0.75,8,3.0,Cafeteria,4.0,U1062,0,0,0,1,0,0,"22.178931,-101.012861"
135053,22.178931,-101.012861,0101000020957F0000B3C05AB5E54258C180F99573E7AB4B41,La Fontana Pizza Restaurante and Cafe,San Luis Potosí,San Luis Potosí,No_Alcohol_Served,section,no_accessibility,3,1,1.125,1.0,0.75,8,3.0,Cafeteria,4.0,U1122,2,2,2,1,0,0,"22.178931,-101.012861"
135053,22.178931,-101.012861,0101000020957F0000B3C05AB5E54258C180F99573E7AB4B41,La Fontana Pizza Restaurante and Cafe,San Luis Potosí,San Luis Potosí,No_Alcohol_Served,section,no_accessibility,3,1,1.125,1.0,0.75,8,3.0,Cafeteria,4.0,U1128,0,0,0,1,0,0,"22.178931,-101.012861"
135053,22.178931,-101.012861,0101000020957F0000B3C05AB5E54258C180F99573E7AB4B41,La Fontana Pizza Restaurante and Cafe,San Luis Potosí,San Luis Potosí,No_Alcohol_Served,section,no_accessibility,3,1,1.125,1.0,0.75,8,3.0,Cafeteria,4.0,U1058,2,1,1,1,0,0,"22.178931,-101.012861"
135053,22.178931,-101.012861,0101000020957F0000B3C05AB5E54258C180F99573E7AB4B41,La Fontana Pizza Restaurante and Cafe,San Luis Potosí,San Luis Potosí,No_Alcohol_Served,section,no_accessibility,3,1,1.125,1.0,0.75,8,3.0,Cafeteria,4.0,U1097,2,2,2,1,0,0,"22.178931,-101.012861"
135053,22.178931,-101.012861,0101000020957F0000B3C05AB5E54258C180F99573E7AB4B41,La Fontana Pizza Restaurante and Cafe,San Luis Potosí,San Luis Potosí,No_Alcohol_Served,section,no_accessibility,3,1,1.125,1.0,0.75,8,3.0,Cafeteria,4.0,U1010,1,1,1,1,0,0,"22.178931,-101.012861"
135053,22.178931,-101.012861,0101000020957F0000B3C05AB5E54258C180F99573E7AB4B41,La Fontana Pizza Restaurante and Cafe,San Luis Potosí,San Luis Potosí,No_Alcohol_Served,section,no_accessibility,3,1,1.125,1.0,0.75,8,3.0,Fast_Food,4.0,U1053,2,2,0,1,0,0,"22.178931,-101.012861"
135053,22.178931,-101.012861,0101000020957F0000B3C05AB5E54258C180F99573E7AB4B41,La Fontana Pizza Restaurante and Cafe,San Luis Potosí,San Luis Potosí,No_Alcohol_Served,section,no_accessibility,3,1,1.125,1.0,0.75,8,3.0,Fast_Food,4.0,U1114,0,0,0,1,0,0,"22.178931,-101.012861"
135053,22.178931,-101.012861,0101000020957F0000B3C05AB5E54258C180F99573E7AB4B41,La Fontana Pizza Restaurante and Cafe,San Luis Potosí,San Luis Potosí,No_Alcohol_Served,section,no_accessibility,3,1,1.125,1.0,0.75,8,3.0,Fast_Food,4.0,U1062,0,0,0,1,0,0,"22.178931,-101.012861"
135053,22.178931,-101.012861,0101000020957F0000B3C05AB5E54258C180F99573E7AB4B41,La Fontana Pizza Restaurante and Cafe,San Luis Potosí,San Luis Potosí,No_Alcohol_Served,section,no_accessibility,3,1,1.125,1.0,0.75,8,3.0,Fast_Food,4.0,U1122,2,2,2,1,0,0,"22.178931,-101.012861"
135053,22.178931,-101.012861,0101000020957F0000B3C05AB5E54258C180F99573E7AB4B41,La Fontana Pizza Restaurante and Cafe,San Luis Potosí,San Luis Potosí,No_Alcohol_Served,section,no_accessibility,3,1,1.125,1.0,0.75,8,3.0,Fast_Food,4.0,U1128,0,0,0,1,0,0,"22.178931,-101.012861"
135053,22.178931,-101.012861,0101000020957F0000B3C05AB5E54258C180F99573E7AB4B41,La Fontana Pizza Restaurante and Cafe,San Luis Potosí,San Luis Potosí,No_Alcohol_Served,section,no_accessibility,3,1,1.125,1.0,0.75,8,3.0,Fast_Food,4.0,U1058,2,1,1,1,0,0,"22.178931,-101.012861"
135053,22.178931,-101.012861,0101000020957F0000B3C05AB5E54258C180F99573E7AB4B41,La Fontana Pizza Restaurante and Cafe,San Luis Potosí,San Luis Potosí,No_Alcohol_Served,section,no_accessibility,3,1,1.125,1.0,0.75,8,3.0,Fast_Food,4.0,U1097,2,2,2,1,0,0,"22.178931,-101.012861"
135053,22.178931,-101.012861,0101000020957F0000B3C05AB5E54258C180F99573E7AB4B41,La Fontana Pizza Restaurante and Cafe,San Luis Potosí,San Luis Potosí,No_Alcohol_Served,section,no_accessibility,3,1,1.125,1.0,0.75,8,3.0,Fast_Food,4.0,U1010,1,1,1,1,0,0,"22.178931,-101.012861"
135053,22.178931,-101.012861,0101000020957F0000B3C05AB5E54258C180F99573E7AB4B41,La Fontana Pizza Restaurante and Cafe,San Luis Potosí,San Luis Potosí,No_Alcohol_Served,section,no_accessibility,3,1,1.125,1.0,0.75,8,3.0,Pizzeria,4.0,U1053,2,2,0,1,0,0,"22.178931,-101.012861"
135053,22.178931,-101.012861,0101000020957F0000B3C05AB5E54258C180F99573E7AB4B41,La Fontana Pizza Restaurante and Cafe,San Luis Potosí,San Luis Potosí,No_Alcohol_Served,section,no_accessibility,3,1,1.125,1.0,0.75,8,3.0,Pizzeria,4.0,U1114,0,0,0,1,0,0,"22.178931,-101.012861"
135053,22.178931,-101.012861,0101000020957F0000B3C05AB5E54258C180F99573E7AB4B41,La Fontana Pizza Restaurante and Cafe,San Luis Potosí,San Luis Potosí,No_Alcohol_Served,section,no_accessibility,3,1,1.125,1.0,0.75,8,3.0,Pizzeria,4.0,U1062,0,0,0,1,0,0,"22.178931,-101.012861"
135053,22.178931,-101.012861,0101000020957F0000B3C05AB5E54258C180F99573E7AB4B41,La Fontana Pizza Restaurante and Cafe,San Luis Potosí,San Luis Potosí,No_Alcohol_Served,section,no_accessibility,3,1,1.125,1.0,0.75,8,3.0,Pizzeria,4.0,U1122,2,2,2,1,0,0,"22.178931,-101.012861"
135053,22.178931,-101.012861,0101000020957F0000B3C05AB5E54258C180F99573E7AB4B41,La Fontana Pizza Restaurante and Cafe,San Luis Potosí,San Luis Potosí,No_Alcohol_Served,section,no_accessibility,3,1,1.125,1.0,0.75,8,3.0,Pizzeria,4.0,U1128,0,0,0,1,0,0,"22.178931,-101.012861"
135053,22.178931,-101.012861,0101000020957F0000B3C05AB5E54258C180F99573E7AB4B41,La Fontana Pizza Restaurante and Cafe,San Luis Potosí,San Luis Potosí,No_Alcohol_Served,section,no_accessibility,3,1,1.125,1.0,0.75,8,3.0,Pizzeria,4.0,U1058,2,1,1,1,0,0,"22.178931,-101.012861"
135053,22.178931,-101.012861,0101000020957F0000B3C05AB5E54258C180F99573E7AB4B41,La Fontana Pizza Restaurante and Cafe,San Luis Potosí,San Luis Potosí,No_Alcohol_Served,section,no_accessibility,3,1,1.125,1.0,0.75,8,3.0,Pizzeria,4.0,U1097,2,2,2,1,0,0,"22.178931,-101.012861"
135053,22.178931,-101.012861,0101000020957F0000B3C05AB5E54258C180F99573E7AB4B41,La Fontana Pizza Restaurante and Cafe,San Luis Potosí,San Luis Potosí,No_Alcohol_Served,section,no_accessibility,3,1,1.125,1.0,0.75,8,3.0,Pizzeria,4.0,U1010,1,1,1,1,0,0,"22.178931,-101.012861"
135050,22.174887,-100.970825,0101000020957F0000FD78FFF7AD4458C1896A33F029A04B41,Restaurante la Estrella de Dima,Soledad,San Luis Potosí,Wine-Beer,none,no_accessibility,3,1,1.25,1.25,1.0,8,1.0,Mexican,4.0,U1014,2,2,2,1,0,1,"22.174887,-100.970825"
135050,22.174887,-100.970825,0101000020957F0000FD78FFF7AD4458C1896A33F029A04B41,Restaurante la Estrella de Dima,Soledad,San Luis Potosí,Wine-Beer,none,no_accessibility,3,1,1.25,1.25,1.0,8,1.0,Mexican,4.0,U1056,0,0,0,1,0,1,"22.174887,-100.970825"
135050,22.174887,-100.970825,0101000020957F0000FD78FFF7AD4458C1896A33F029A04B41,Restaurante la Estrella de Dima,Soledad,San Luis Potosí,Wine-Beer,none,no_accessibility,3,1,1.25,1.25,1.0,8,1.0,Mexican,4.0,U1124,0,1,0,1,0,1,"22.174887,-100.970825"
135050,22.174887,-100.970825,0101000020957F0000FD78FFF7AD4458C1896A33F029A04B41,Restaurante la Estrella de Dima,Soledad,San Luis Potosí,Wine-Beer,none,no_accessibility,3,1,1.25,1.25,1.0,8,1.0,Mexican,4.0,U1125,2,1,1,1,0,1,"22.174887,-100.970825"
135050,22.174887,-100.970825,0101000020957F0000FD78FFF7AD4458C1896A33F029A04B41,Restaurante la Estrella de Dima,Soledad,San Luis Potosí,Wine-Beer,none,no_accessibility,3,1,1.25,1.25,1.0,8,1.0,Mexican,4.0,U1075,2,2,2,1,0,1,"22.174887,-100.970825"
135050,22.174887,-100.970825,0101000020957F0000FD78FFF7AD4458C1896A33F029A04B41,Restaurante la Estrella de Dima,Soledad,San Luis Potosí,Wine-Beer,none,no_accessibility,3,1,1.25,1.25,1.0,8,1.0,Mexican,4.0,U1005,1,2,1,1,0,1,"22.174887,-100.970825"
135050,22.174887,-100.970825,0101000020957F0000FD78FFF7AD4458C1896A33F029A04B41,Restaurante la Estrella de Dima,Soledad,San Luis Potosí,Wine-Beer,none,no_accessibility,3,1,1.25,1.25,1.0,8,1.0,Mexican,4.0,U1085,2,2,2,1,0,1,"22.174887,-100.970825"
135050,22.174887,-100.970825,0101000020957F0000FD78FFF7AD4458C1896A33F029A04B41,Restaurante la Estrella de Dima,Soledad,San Luis Potosí,Wine-Beer,none,no_accessibility,3,1,1.25,1.25,1.0,8,1.0,Mexican,4.0,U1058,1,0,0,1,0,1,"22.174887,-100.970825"
135025,22.14955,-100.97797,0101000020957F0000C7080D105C4858C108B4006AB4A34B41,El Rincon de San Francisco,San Luis Potosí,San Luis Potosí,No_Alcohol_Served,none,no_accessibility,2,1,1.6666666666666667,1.4666666666666666,1.6,15,1.0,Mexican,4.0,U1055,2,2,2,0,1,1,"22.14955,-100.97797"
135025,22.14955,-100.97797,0101000020957F0000C7080D105C4858C108B4006AB4A34B41,El Rincon de San Francisco,San Luis Potosí,San Luis Potosí,No_Alcohol_Served,none,no_accessibility,2,1,1.6666666666666667,1.4666666666666666,1.6,15,1.0,Mexican,4.0,U1053,2,1,2,0,1,1,"22.14955,-100.97797"
135025,22.14955,-100.97797,0101000020957F0000C7080D105C4858C108B4006AB4A34B41,El Rincon de San Francisco,San Luis Potosí,San Luis Potosí,No_Alcohol_Served,none,no_accessibility,2,1,1.6666666666666667,1.4666666666666666,1.6,15,1.0,Mexican,4.0,U1018,1,1,1,0,1,1,"22.14955,-100.97797"
135025,22.14955,-100.97797,0101000020957F0000C7080D105C4858C108B4006AB4A34B41,El Rincon de San Francisco,San Luis Potosí,San Luis Potosí,No_Alcohol_Served,none,no_accessibility,2,1,1.6666666666666667,1.4666666666666666,1.6,15,1.0,Mexican,4.0,U1022,0,0,0,0,1,1,"22.14955,-100.97797"
135025,22.14955,-100.97797,0101000020957F0000C7080D105C4858C108B4006AB4A34B41,El Rincon de San Francisco,San Luis Potosí,San Luis Potosí,No_Alcohol_Served,none,no_accessibility,2,1,1.6666666666666667,1.4666666666666666,1.6,15,1.0,Mexican,4.0,U1116,2,2,2,0,1,1,"22.14955,-100.97797"
135025,22.14955,-100.97797,0101000020957F0000C7080D105C4858C108B4006AB4A34B41,El Rincon de San Francisco,San Luis Potosí,San Luis Potosí,No_Alcohol_Served,none,no_accessibility,2,1,1.6666666666666667,1.4666666666666666,1.6,15,1.0,Mexican,4.0,U1132,1,1,2,0,1,1,"22.14955,-100.97797"
135025,22.14955,-100.97797,0101000020957F0000C7080D105C4858C108B4006AB4A34B41,El Rincon de San Francisco,San Luis Potosí,San Luis Potosí,No_Alcohol_Served,none,no_accessibility,2,1,1.6666666666666667,1.4666666666666666,1.6,15,1.0,Mexican,4.0,U1036,2,2,2,0,1,1,"22.14955,-100.97797"
135025,22.14955,-100.97797,0101000020957F0000C7080D105C4858C108B4006AB4A34B41,El Rincon de San Francisco,San Luis Potosí,San Luis Potosí,No_Alcohol_Served,none,no_accessibility,2,1,1.6666666666666667,1.4666666666666666,1.6,15,1.0,Mexican,4.0,U1071,2,2,2,0,1,1,"22.14955,-100.97797"
135025,22.14955,-100.97797,0101000020957F0000C7080D105C4858C108B4006AB4A34B41,El Rincon de San Francisco,San Luis Potosí,San Luis Potosí,No_Alcohol_Served,none,no_accessibility,2,1,1.6666666666666667,1.4666666666666666,1.6,15,1.0,Mexican,4.0,U1104,2,1,1,0,1,1,"22.14955,-100.97797"
135025,22.14955,-100.97797,0101000020957F0000C7080D105C4858C108B4006AB4A34B41,El Rincon de San Francisco,San Luis Potosí,San Luis Potosí,No_Alcohol_Served,none,no_accessibility,2,1,1.6666666666666667,1.4666666666666666,1.6,15,1.0,Mexican,4.0,U1007,1,1,1,0,1,1,"22.14955,-100.97797"
135025,22.14955,-100.97797,0101000020957F0000C7080D105C4858C108B4006AB4A34B41,El Rincon de San Francisco,San Luis Potosí,San Luis Potosí,No_Alcohol_Served,none,no_accessibility,2,1,1.6666666666666667,1.4666666666666666,1.6,15,1.0,Mexican,4.0,U1054,2,2,2,0,1,1,"22.14955,-100.97797"
135025,22.14955,-100.97797,0101000020957F0000C7080D105C4858C108B4006AB4A34B41,El Rincon de San Francisco,San Luis Potosí,San Luis Potosí,No_Alcohol_Served,none,no_accessibility,2,1,1.6666666666666667,1.4666666666666666,1.6,15,1.0,Mexican,4.0,U1001,2,2,2,0,1,1,"22.14955,-100.97797"
135025,22.14955,-100.97797,0101000020957F0000C7080D105C4858C108B4006AB4A34B41,El Rincon de San Francisco,San Luis Potosí,San Luis Potosí,No_Alcohol_Served,none,no_accessibility,2,1,1.6666666666666667,1.4666666666666666,1.6,15,1.0,Mexican,4.0,U1092,2,1,1,0,1,1,"22.14955,-100.97797"
135025,22.14955,-100.97797,0101000020957F0000C7080D105C4858C108B4006AB4A34B41,El Rincon de San Francisco,San Luis Potosí,San Luis Potosí,No_Alcohol_Served,none,no_accessibility,2,1,1.6666666666666667,1.4666666666666666,1.6,15,1.0,Mexican,4.0,U1090,2,2,2,0,1,1,"22.14955,-100.97797"
135025,22.14955,-100.97797,0101000020957F0000C7080D105C4858C108B4006AB4A34B41,El Rincon de San Francisco,San Luis Potosí,San Luis Potosí,No_Alcohol_Served,none,no_accessibility,2,1,1.6666666666666667,1.4666666666666666,1.6,15,1.0,Mexican,4.0,U1096,2,2,2,0,1,1,"22.14955,-100.97797"
135030,22.147879999999997,-100.989472,0101000020957F0000C57C76034C4858C10E437A7E15A74B41,Preambulo Wifi Zone Cafe,San Luis Potosí,San Luis Potosí,No_Alcohol_Served,none,no_accessibility,2,1,1.5833333333333333,1.3333333333333333,1.4166666666666667,12,2.0,Cafe-Coffee_Shop,1.0,U1081,1,1,1,0,1,1,"22.147879999999997,-100.989472"
135030,22.147879999999997,-100.989472,0101000020957F0000C57C76034C4858C10E437A7E15A74B41,Preambulo Wifi Zone Cafe,San Luis Potosí,San Luis Potosí,No_Alcohol_Served,none,no_accessibility,2,1,1.5833333333333333,1.3333333333333333,1.4166666666666667,12,2.0,Cafe-Coffee_Shop,1.0,U1116,1,2,2,0,1,1,"22.147879999999997,-100.989472"
135030,22.147879999999997,-100.989472,0101000020957F0000C57C76034C4858C10E437A7E15A74B41,Preambulo Wifi Zone Cafe,San Luis Potosí,San Luis Potosí,No_Alcohol_Served,none,no_accessibility,2,1,1.5833333333333333,1.3333333333333333,1.4166666666666667,12,2.0,Cafe-Coffee_Shop,1.0,U1024,1,1,1,0,1,1,"22.147879999999997,-100.989472"
135030,22.147879999999997,-100.989472,0101000020957F0000C57C76034C4858C10E437A7E15A74B41,Preambulo Wifi Zone Cafe,San Luis Potosí,San Luis Potosí,No_Alcohol_Served,none,no_accessibility,2,1,1.5833333333333333,1.3333333333333333,1.4166666666666667,12,2.0,Cafe-Coffee_Shop,1.0,U1071,2,2,2,0,1,1,"22.147879999999997,-100.989472"
135030,22.147879999999997,-100.989472,0101000020957F0000C57C76034C4858C10E437A7E15A74B41,Preambulo Wifi Zone Cafe,San Luis Potosí,San Luis Potosí,No_Alcohol_Served,none,no_accessibility,2,1,1.5833333333333333,1.3333333333333333,1.4166666666666667,12,2.0,Cafe-Coffee_Shop,1.0,U1084,2,2,2,0,1,1,"22.147879999999997,-100.989472"
135030,22.147879999999997,-100.989472,0101000020957F0000C57C76034C4858C10E437A7E15A74B41,Preambulo Wifi Zone Cafe,San Luis Potosí,San Luis Potosí,No_Alcohol_Served,none,no_accessibility,2,1,1.5833333333333333,1.3333333333333333,1.4166666666666667,12,2.0,Cafe-Coffee_Shop,1.0,U1104,2,1,1,0,1,1,"22.147879999999997,-100.989472"
135030,22.147879999999997,-100.989472,0101000020957F0000C57C76034C4858C10E437A7E15A74B41,Preambulo Wifi Zone Cafe,San Luis Potosí,San Luis Potosí,No_Alcohol_Served,none,no_accessibility,2,1,1.5833333333333333,1.3333333333333333,1.4166666666666667,12,2.0,Cafe-Coffee_Shop,1.0,U1106,2,2,1,0,1,1,"22.147879999999997,-100.989472"
135030,22.147879999999997,-100.989472,0101000020957F0000C57C76034C4858C10E437A7E15A74B41,Preambulo Wifi Zone Cafe,San Luis Potosí,San Luis Potosí,No_Alcohol_Served,none,no_accessibility,2,1,1.5833333333333333,1.3333333333333333,1.4166666666666667,12,2.0,Cafe-Coffee_Shop,1.0,U1122,2,1,1,0,1,1,"22.147879999999997,-100.989472"
135030,22.147879999999997,-100.989472,0101000020957F0000C57C76034C4858C10E437A7E15A74B41,Preambulo Wifi Zone Cafe,San Luis Potosí,San Luis Potosí,No_Alcohol_Served,none,no_accessibility,2,1,1.5833333333333333,1.3333333333333333,1.4166666666666667,12,2.0,Cafe-Coffee_Shop,1.0,U1033,2,1,1,0,1,1,"22.147879999999997,-100.989472"
135030,22.147879999999997,-100.989472,0101000020957F0000C57C76034C4858C10E437A7E15A74B41,Preambulo Wifi Zone Cafe,San Luis Potosí,San Luis Potosí,No_Alcohol_Served,none,no_accessibility,2,1,1.5833333333333333,1.3333333333333333,1.4166666666666667,12,2.0,Cafe-Coffee_Shop,1.0,U1057,1,0,1,0,1,1,"22.147879999999997,-100.989472"
135030,22.147879999999997,-100.989472,0101000020957F0000C57C76034C4858C10E437A7E15A74B41,Preambulo Wifi Zone Cafe,San Luis Potosí,San Luis Potosí,No_Alcohol_Served,none,no_accessibility,2,1,1.5833333333333333,1.3333333333333333,1.4166666666666667,12,2.0,Cafe-Coffee_Shop,1.0,U1059,2,2,2,0,1,1,"22.147879999999997,-100.989472"
135030,22.147879999999997,-100.989472,0101000020957F0000C57C76034C4858C10E437A7E15A74B41,Preambulo Wifi Zone Cafe,San Luis Potosí,San Luis Potosí,No_Alcohol_Served,none,no_accessibility,2,1,1.5833333333333333,1.3333333333333333,1.4166666666666667,12,2.0,Cafe-Coffee_Shop,1.0,U1006,1,1,2,0,1,1,"22.147879999999997,-100.989472"
135030,22.147879999999997,-100.989472,0101000020957F0000C57C76034C4858C10E437A7E15A74B41,Preambulo Wifi Zone Cafe,San Luis Potosí,San Luis Potosí,No_Alcohol_Served,none,no_accessibility,2,1,1.5833333333333333,1.3333333333333333,1.4166666666666667,12,2.0,Cafeteria,1.0,U1081,1,1,1,0,1,1,"22.147879999999997,-100.989472"
135030,22.147879999999997,-100.989472,0101000020957F0000C57C76034C4858C10E437A7E15A74B41,Preambulo Wifi Zone Cafe,San Luis Potosí,San Luis Potosí,No_Alcohol_Served,none,no_accessibility,2,1,1.5833333333333333,1.3333333333333333,1.4166666666666667,12,2.0,Cafeteria,1.0,U1116,1,2,2,0,1,1,"22.147879999999997,-100.989472"
135030,22.147879999999997,-100.989472,0101000020957F0000C57C76034C4858C10E437A7E15A74B41,Preambulo Wifi Zone Cafe,San Luis Potosí,San Luis Potosí,No_Alcohol_Served,none,no_accessibility,2,1,1.5833333333333333,1.3333333333333333,1.4166666666666667,12,2.0,Cafeteria,1.0,U1024,1,1,1,0,1,1,"22.147879999999997,-100.989472"
135030,22.147879999999997,-100.989472,0101000020957F0000C57C76034C4858C10E437A7E15A74B41,Preambulo Wifi Zone Cafe,San Luis Potosí,San Luis Potosí,No_Alcohol_Served,none,no_accessibility,2,1,1.5833333333333333,1.3333333333333333,1.4166666666666667,12,2.0,Cafeteria,1.0,U1071,2,2,2,0,1,1,"22.147879999999997,-100.989472"
135030,22.147879999999997,-100.989472,0101000020957F0000C57C76034C4858C10E437A7E15A74B41,Preambulo Wifi Zone Cafe,San Luis Potosí,San Luis Potosí,No_Alcohol_Served,none,no_accessibility,2,1,1.5833333333333333,1.3333333333333333,1.4166666666666667,12,2.0,Cafeteria,1.0,U1084,2,2,2,0,1,1,"22.147879999999997,-100.989472"
135030,22.147879999999997,-100.989472,0101000020957F0000C57C76034C4858C10E437A7E15A74B41,Preambulo Wifi Zone Cafe,San Luis Potosí,San Luis Potosí,No_Alcohol_Served,none,no_accessibility,2,1,1.5833333333333333,1.3333333333333333,1.4166666666666667,12,2.0,Cafeteria,1.0,U1104,2,1,1,0,1,1,"22.147879999999997,-100.989472"
135030,22.147879999999997,-100.989472,0101000020957F0000C57C76034C4858C10E437A7E15A74B41,Preambulo Wifi Zone Cafe,San Luis Potosí,San Luis Potosí,No_Alcohol_Served,none,no_accessibility,2,1,1.5833333333333333,1.3333333333333333,1.4166666666666667,12,2.0,Cafeteria,1.0,U1106,2,2,1,0,1,1,"22.147879999999997,-100.989472"
135030,22.147879999999997,-100.989472,0101000020957F0000C57C76034C4858C10E437A7E15A74B41,Preambulo Wifi Zone Cafe,San Luis Potosí,San Luis Potosí,No_Alcohol_Served,none,no_accessibility,2,1,1.5833333333333333,1.3333333333333333,1.4166666666666667,12,2.0,Cafeteria,1.0,U1122,2,1,1,0,1,1,"22.147879999999997,-100.989472"
135030,22.147879999999997,-100.989472,0101000020957F0000C57C76034C4858C10E437A7E15A74B41,Preambulo Wifi Zone Cafe,San Luis Potosí,San Luis Potosí,No_Alcohol_Served,none,no_accessibility,2,1,1.5833333333333333,1.3333333333333333,1.4166666666666667,12,2.0,Cafeteria,1.0,U1033,2,1,1,0,1,1,"22.147879999999997,-100.989472"
135030,22.147879999999997,-100.989472,0101000020957F0000C57C76034C4858C10E437A7E15A74B41,Preambulo Wifi Zone Cafe,San Luis Potosí,San Luis Potosí,No_Alcohol_Served,none,no_accessibility,2,1,1.5833333333333333,1.3333333333333333,1.4166666666666667,12,2.0,Cafeteria,1.0,U1057,1,0,1,0,1,1,"22.147879999999997,-100.989472"
135030,22.147879999999997,-100.989472,0101000020957F0000C57C76034C4858C10E437A7E15A74B41,Preambulo Wifi Zone Cafe,San Luis Potosí,San Luis Potosí,No_Alcohol_Served,none,no_accessibility,2,1,1.5833333333333333,1.3333333333333333,1.4166666666666667,12,2.0,Cafeteria,1.0,U1059,2,2,2,0,1,1,"22.147879999999997,-100.989472"
135030,22.147879999999997,-100.989472,0101000020957F0000C57C76034C4858C10E437A7E15A74B41,Preambulo Wifi Zone Cafe,San Luis Potosí,San Luis Potosí,No_Alcohol_Served,none,no_accessibility,2,1,1.5833333333333333,1.3333333333333333,1.4166666666666667,12,2.0,Cafeteria,1.0,U1006,1,1,2,0,1,1,"22.147879999999997,-100.989472"
135057,22.145992,-100.955118,0101000020957F000095669021894958C182C9C10E669D4B41,El Herradero Restaurante and Bar,San Luis Potosí,San Luis Potosí,Wine-Beer,section,no_accessibility,2,1,1.2666666666666666,1.3333333333333333,1.3333333333333333,15,1.0,Bar,4.0,U1064,1,1,2,1,1,1,"22.145992,-100.955118"
135057,22.145992,-100.955118,0101000020957F000095669021894958C182C9C10E669D4B41,El Herradero Restaurante and Bar,San Luis Potosí,San Luis Potosí,Wine-Beer,section,no_accessibility,2,1,1.2666666666666666,1.3333333333333333,1.3333333333333333,15,1.0,Bar,4.0,U1088,1,2,2,1,1,1,"22.145992,-100.955118"
135057,22.145992,-100.955118,0101000020957F000095669021894958C182C9C10E669D4B41,El Herradero Restaurante and Bar,San Luis Potosí,San Luis Potosí,Wine-Beer,section,no_accessibility,2,1,1.2666666666666666,1.3333333333333333,1.3333333333333333,15,1.0,Bar,4.0,U1014,1,0,2,1,1,1,"22.145992,-100.955118"
135057,22.145992,-100.955118,0101000020957F000095669021894958C182C9C10E669D4B41,El Herradero Restaurante and Bar,San Luis Potosí,San Luis Potosí,Wine-Beer,section,no_accessibility,2,1,1.2666666666666666,1.3333333333333333,1.3333333333333333,15,1.0,Bar,4.0,U1126,2,2,2,1,1,1,"22.145992,-100.955118"
135057,22.145992,-100.955118,0101000020957F000095669021894958C182C9C10E669D4B41,El Herradero Restaurante and Bar,San Luis Potosí,San Luis Potosí,Wine-Beer,section,no_accessibility,2,1,1.2666666666666666,1.3333333333333333,1.3333333333333333,15,1.0,Bar,4.0,U1124,1,1,1,1,1,1,"22.145992,-100.955118"
135057,22.145992,-100.955118,0101000020957F000095669021894958C182C9C10E669D4B41,El Herradero Restaurante and Bar,San Luis Potosí,San Luis Potosí,Wine-Beer,section,no_accessibility,2,1,1.2666666666666666,1.3333333333333333,1.3333333333333333,15,1.0,Bar,4.0,U1018,1,1,0,1,1,1,"22.145992,-100.955118"
135057,22.145992,-100.955118,0101000020957F000095669021894958C182C9C10E669D4B41,El Herradero Restaurante and Bar,San Luis Potosí,San Luis Potosí,Wine-Beer,section,no_accessibility,2,1,1.2666666666666666,1.3333333333333333,1.3333333333333333,15,1.0,Bar,4.0,U1022,2,2,2,1,1,1,"22.145992,-100.955118"
135057,22.145992,-100.955118,0101000020957F000095669021894958C182C9C10E669D4B41,El Herradero Restaurante and Bar,San Luis Potosí,San Luis Potosí,Wine-Beer,section,no_accessibility,2,1,1.2666666666666666,1.3333333333333333,1.3333333333333333,15,1.0,Bar,4.0,U1094,0,1,0,1,1,1,"22.145992,-100.955118"
135057,22.145992,-100.955118,0101000020957F000095669021894958C182C9C10E669D4B41,El Herradero Restaurante and Bar,San Luis Potosí,San Luis Potosí,Wine-Beer,section,no_accessibility,2,1,1.2666666666666666,1.3333333333333333,1.3333333333333333,15,1.0,Bar,4.0,U1105,0,0,0,1,1,1,"22.145992,-100.955118"
135057,22.145992,-100.955118,0101000020957F000095669021894958C182C9C10E669D4B41,El Herradero Restaurante and Bar,San Luis Potosí,San Luis Potosí,Wine-Beer,section,no_accessibility,2,1,1.2666666666666666,1.3333333333333333,1.3333333333333333,15,1.0,Bar,4.0,U1007,1,1,2,1,1,1,"22.145992,-100.955118"
135057,22.145992,-100.955118,0101000020957F000095669021894958C182C9C10E669D4B41,El Herradero Restaurante and Bar,San Luis Potosí,San Luis Potosí,Wine-Beer,section,no_accessibility,2,1,1.2666666666666666,1.3333333333333333,1.3333333333333333,15,1.0,Bar,4.0,U1075,2,1,1,1,1,1,"22.145992,-100.955118"
135057,22.145992,-100.955118,0101000020957F000095669021894958C182C9C10E669D4B41,El Herradero Restaurante and Bar,San Luis Potosí,San Luis Potosí,Wine-Beer,section,no_accessibility,2,1,1.2666666666666666,1.3333333333333333,1.3333333333333333,15,1.0,Bar,4.0,U1115,2,2,2,1,1,1,"22.145992,-100.955118"
135057,22.145992,-100.955118,0101000020957F000095669021894958C182C9C10E669D4B41,El Herradero Restaurante and Bar,San Luis Potosí,San Luis Potosí,Wine-Beer,section,no_accessibility,2,1,1.2666666666666666,1.3333333333333333,1.3333333333333333,15,1.0,Bar,4.0,U1005,1,2,1,1,1,1,"22.145992,-100.955118"
135057,22.145992,-100.955118,0101000020957F000095669021894958C182C9C10E669D4B41,El Herradero Restaurante and Bar,San Luis Potosí,San Luis Potosí,Wine-Beer,section,no_accessibility,2,1,1.2666666666666666,1.3333333333333333,1.3333333333333333,15,1.0,Bar,4.0,U1120,2,2,2,1,1,1,"22.145992,-100.955118"
135057,22.145992,-100.955118,0101000020957F000095669021894958C182C9C10E669D4B41,El Herradero Restaurante and Bar,San Luis Potosí,San Luis Potosí,Wine-Beer,section,no_accessibility,2,1,1.2666666666666666,1.3333333333333333,1.3333333333333333,15,1.0,Bar,4.0,U1113,2,2,1,1,1,1,"22.145992,-100.955118"
135079,22.156376,-100.998355,0101000020957F00009FF49E27C04658C1BA8689941CA94B41,Koye Sushi,San Luis Potosí,San Luis Potosí,No_Alcohol_Served,none,no_accessibility,3,1,1.1764705882352942,1.1176470588235294,0.9411764705882353,17,1.0,Chinese,2.0,U1134,1,1,2,0,1,0,"22.156376,-100.998355"
135079,22.156376,-100.998355,0101000020957F00009FF49E27C04658C1BA8689941CA94B41,Koye Sushi,San Luis Potosí,San Luis Potosí,No_Alcohol_Served,none,no_accessibility,3,1,1.1764705882352942,1.1176470588235294,0.9411764705882353,17,1.0,Chinese,2.0,U1036,2,2,2,0,1,0,"22.156376,-100.998355"
135079,22.156376,-100.998355,0101000020957F00009FF49E27C04658C1BA8689941CA94B41,Koye Sushi,San Luis Potosí,San Luis Potosí,No_Alcohol_Served,none,no_accessibility,3,1,1.1764705882352942,1.1176470588235294,0.9411764705882353,17,1.0,Chinese,2.0,U1113,1,2,1,0,1,0,"22.156376,-100.998355"
135079,22.156376,-100.998355,0101000020957F00009FF49E27C04658C1BA8689941CA94B41,Koye Sushi,San Luis Potosí,San Luis Potosí,No_Alcohol_Served,none,no_accessibility,3,1,1.1764705882352942,1.1176470588235294,0.9411764705882353,17,1.0,Chinese,2.0,U1106,2,2,2,0,1,0,"22.156376,-100.998355"
135079,22.156376,-100.998355,0101000020957F00009FF49E27C04658C1BA8689941CA94B41,Koye Sushi,San Luis Potosí,San Luis Potosí,No_Alcohol_Served,none,no_accessibility,3,1,1.1764705882352942,1.1176470588235294,0.9411764705882353,17,1.0,Chinese,2.0,U1009,1,2,2,0,1,0,"22.156376,-100.998355"
135079,22.156376,-100.998355,0101000020957F00009FF49E27C04658C1BA8689941CA94B41,Koye Sushi,San Luis Potosí,San Luis Potosí,No_Alcohol_Served,none,no_accessibility,3,1,1.1764705882352942,1.1176470588235294,0.9411764705882353,17,1.0,Chinese,2.0,U1013,1,1,1,0,1,0,"22.156376,-100.998355"
135079,22.156376,-100.998355,0101000020957F00009FF49E27C04658C1BA8689941CA94B41,Koye Sushi,San Luis Potosí,San Luis Potosí,No_Alcohol_Served,none,no_accessibility,3,1,1.1764705882352942,1.1176470588235294,0.9411764705882353,17,1.0,Chinese,2.0,U1032,2,2,0,0,1,0,"22.156376,-100.998355"
135079,22.156376,-100.998355,0101000020957F00009FF49E27C04658C1BA8689941CA94B41,Koye Sushi,San Luis Potosí,San Luis Potosí,No_Alcohol_Served,none,no_accessibility,3,1,1.1764705882352942,1.1176470588235294,0.9411764705882353,17,1.0,Chinese,2.0,U1019,0,0,0,0,1,0,"22.156376,-100.998355"
135079,22.156376,-100.998355,0101000020957F00009FF49E27C04658C1BA8689941CA94B41,Koye Sushi,San Luis Potosí,San Luis Potosí,No_Alcohol_Served,none,no_accessibility,3,1,1.1764705882352942,1.1176470588235294,0.9411764705882353,17,1.0,Chinese,2.0,U1122,2,2,2,0,1,0,"22.156376,-100.998355"
135079,22.156376,-100.998355,0101000020957F00009FF49E27C04658C1BA8689941CA94B41,Koye Sushi,San Luis Potosí,San Luis Potosí,No_Alcohol_Served,none,no_accessibility,3,1,1.1764705882352942,1.1176470588235294,0.9411764705882353,17,1.0,Chinese,2.0,U1098,2,1,1,0,1,0,"22.156376,-100.998355"
135079,22.156376,-100.998355,0101000020957F00009FF49E27C04658C1BA8689941CA94B41,Koye Sushi,San Luis Potosí,San Luis Potosí,No_Alcohol_Served,none,no_accessibility,3,1,1.1764705882352942,1.1176470588235294,0.9411764705882353,17,1.0,Chinese,2.0,U1089,0,0,0,0,1,0,"22.156376,-100.998355"
135079,22.156376,-100.998355,0101000020957F00009FF49E27C04658C1BA8689941CA94B41,Koye Sushi,San Luis Potosí,San Luis Potosí,No_Alcohol_Served,none,no_accessibility,3,1,1.1764705882352942,1.1176470588235294,0.9411764705882353,17,1.0,Chinese,2.0,U1003,2,2,2,0,1,0,"22.156376,-100.998355"
135079,22.156376,-100.998355,0101000020957F00009FF49E27C04658C1BA8689941CA94B41,Koye Sushi,San Luis Potosí,San Luis Potosí,No_Alcohol_Served,none,no_accessibility,3,1,1.1764705882352942,1.1176470588235294,0.9411764705882353,17,1.0,Chinese,2.0,U1112,1,0,0,0,1,0,"22.156376,-100.998355"
135079,22.156376,-100.998355,0101000020957F00009FF49E27C04658C1BA8689941CA94B41,Koye Sushi,San Luis Potosí,San Luis Potosí,No_Alcohol_Served,none,no_accessibility,3,1,1.1764705882352942,1.1176470588235294,0.9411764705882353,17,1.0,Chinese,2.0,U1097,2,1,0,0,1,0,"22.156376,-100.998355"
135079,22.156376,-100.998355,0101000020957F00009FF49E27C04658C1BA8689941CA94B41,Koye Sushi,San Luis Potosí,San Luis Potosí,No_Alcohol_Served,none,no_accessibility,3,1,1.1764705882352942,1.1176470588235294,0.9411764705882353,17,1.0,Chinese,2.0,U1128,0,0,0,0,1,0,"22.156376,-100.998355"
135079,22.156376,-100.998355,0101000020957F00009FF49E27C04658C1BA8689941CA94B41,Koye Sushi,San Luis Potosí,San Luis Potosí,No_Alcohol_Served,none,no_accessibility,3,1,1.1764705882352942,1.1176470588235294,0.9411764705882353,17,1.0,Chinese,2.0,U1006,1,1,1,0,1,0,"22.156376,-100.998355"
135079,22.156376,-100.998355,0101000020957F00009FF49E27C04658C1BA8689941CA94B41,Koye Sushi,San Luis Potosí,San Luis Potosí,No_Alcohol_Served,none,no_accessibility,3,1,1.1764705882352942,1.1176470588235294,0.9411764705882353,17,1.0,Chinese,2.0,U1010,0,0,0,0,1,0,"22.156376,-100.998355"
134992,18.936683,-99.247366,0101000020957F0000FC799354656C5AC1233FCC70E7584A41,Restaurant Teely,Cuernavaca,Morelos,Wine-Beer,section,no_accessibility,3,1,1.0,1.5,1.0,4,1.0,Mexican,3.0,U1133,1,2,1,1,0,0,"18.936683,-99.247366"
134992,18.936683,-99.247366,0101000020957F0000FC799354656C5AC1233FCC70E7584A41,Restaurant Teely,Cuernavaca,Morelos,Wine-Beer,section,no_accessibility,3,1,1.0,1.5,1.0,4,1.0,Mexican,3.0,U1118,0,0,0,1,0,0,"18.936683,-99.247366"
134992,18.936683,-99.247366,0101000020957F0000FC799354656C5AC1233FCC70E7584A41,Restaurant Teely,Cuernavaca,Morelos,Wine-Beer,section,no_accessibility,3,1,1.0,1.5,1.0,4,1.0,Mexican,3.0,U1042,1,2,1,1,0,0,"18.936683,-99.247366"
134992,18.936683,-99.247366,0101000020957F0000FC799354656C5AC1233FCC70E7584A41,Restaurant Teely,Cuernavaca,Morelos,Wine-Beer,section,no_accessibility,3,1,1.0,1.5,1.0,4,1.0,Mexican,3.0,U1041,2,2,2,1,0,0,"18.936683,-99.247366"
132954,22.1603808,-100.9880447,0101000020957F0000F78F04596C4658C1C151AA1AEFA54B41,la parroquia,San Luis Potosí,San Luis Potosí,No_Alcohol_Served,not permitted,partially,2,0,1.0,0.7777777777777778,0.8888888888888888,9,1.0,Breakfast-Brunch,4.0,U1004,2,2,2,1,0,0,"22.1603808,-100.9880447"
132954,22.1603808,-100.9880447,0101000020957F0000F78F04596C4658C1C151AA1AEFA54B41,la parroquia,San Luis Potosí,San Luis Potosí,No_Alcohol_Served,not permitted,partially,2,0,1.0,0.7777777777777778,0.8888888888888888,9,1.0,Breakfast-Brunch,4.0,U1112,0,0,1,1,0,0,"22.1603808,-100.9880447"
132954,22.1603808,-100.9880447,0101000020957F0000F78F04596C4658C1C151AA1AEFA54B41,la parroquia,San Luis Potosí,San Luis Potosí,No_Alcohol_Served,not permitted,partially,2,0,1.0,0.7777777777777778,0.8888888888888888,9,1.0,Breakfast-Brunch,4.0,U1090,2,2,2,1,0,0,"22.1603808,-100.9880447"
132954,22.1603808,-100.9880447,0101000020957F0000F78F04596C4658C1C151AA1AEFA54B41,la parroquia,San Luis Potosí,San Luis Potosí,No_Alcohol_Served,not permitted,partially,2,0,1.0,0.7777777777777778,0.8888888888888888,9,1.0,Breakfast-Brunch,4.0,U1057,1,0,0,1,0,0,"22.1603808,-100.9880447"
132954,22.1603808,-100.9880447,0101000020957F0000F78F04596C4658C1C151AA1AEFA54B41,la parroquia,San Luis Potosí,San Luis Potosí,No_Alcohol_Served,not permitted,partially,2,0,1.0,0.7777777777777778,0.8888888888888888,9,1.0,Breakfast-Brunch,4.0,U1061,2,1,2,1,0,0,"22.1603808,-100.9880447"
132954,22.1603808,-100.9880447,0101000020957F0000F78F04596C4658C1C151AA1AEFA54B41,la parroquia,San Luis Potosí,San Luis Potosí,No_Alcohol_Served,not permitted,partially,2,0,1.0,0.7777777777777778,0.8888888888888888,9,1.0,Breakfast-Brunch,4.0,U1097,1,1,0,1,0,0,"22.1603808,-100.9880447"
132954,22.1603808,-100.9880447,0101000020957F0000F78F04596C4658C1C151AA1AEFA54B41,la parroquia,San Luis Potosí,San Luis Potosí,No_Alcohol_Served,not permitted,partially,2,0,1.0,0.7777777777777778,0.8888888888888888,9,1.0,Breakfast-Brunch,4.0,U1128,0,0,0,1,0,0,"22.1603808,-100.9880447"
132954,22.1603808,-100.9880447,0101000020957F0000F78F04596C4658C1C151AA1AEFA54B41,la parroquia,San Luis Potosí,San Luis Potosí,No_Alcohol_Served,not permitted,partially,2,0,1.0,0.7777777777777778,0.8888888888888888,9,1.0,Breakfast-Brunch,4.0,U1006,1,1,1,1,0,0,"22.1603808,-100.9880447"
132954,22.1603808,-100.9880447,0101000020957F0000F78F04596C4658C1C151AA1AEFA54B41,la parroquia,San Luis Potosí,San Luis Potosí,No_Alcohol_Served,not permitted,partially,2,0,1.0,0.7777777777777778,0.8888888888888888,9,1.0,Breakfast-Brunch,4.0,U1073,0,0,0,1,0,0,"22.1603808,-100.9880447"
135041,22.15106,-100.977659,0101000020957F0000D2002719234858C1CC7A9FC186A34B41,Luna Cafe,San Luis Potosí,San Luis Potosí,Wine-Beer,none,no_accessibility,2,1,1.1764705882352942,1.1764705882352942,1.0,17,2.0,Bar,1.0,U1088,2,2,2,0,1,0,"22.15106,-100.977659"
135041,22.15106,-100.977659,0101000020957F0000D2002719234858C1CC7A9FC186A34B41,Luna Cafe,San Luis Potosí,San Luis Potosí,Wine-Beer,none,no_accessibility,2,1,1.1764705882352942,1.1764705882352942,1.0,17,2.0,Bar,1.0,U1106,1,1,1,0,1,0,"22.15106,-100.977659"
135041,22.15106,-100.977659,0101000020957F0000D2002719234858C1CC7A9FC186A34B41,Luna Cafe,San Luis Potosí,San Luis Potosí,Wine-Beer,none,no_accessibility,2,1,1.1764705882352942,1.1764705882352942,1.0,17,2.0,Bar,1.0,U1126,2,1,1,0,1,0,"22.15106,-100.977659"
135041,22.15106,-100.977659,0101000020957F0000D2002719234858C1CC7A9FC186A34B41,Luna Cafe,San Luis Potosí,San Luis Potosí,Wine-Beer,none,no_accessibility,2,1,1.1764705882352942,1.1764705882352942,1.0,17,2.0,Bar,1.0,U1075,1,1,0,0,1,0,"22.15106,-100.977659"
135041,22.15106,-100.977659,0101000020957F0000D2002719234858C1CC7A9FC186A34B41,Luna Cafe,San Luis Potosí,San Luis Potosí,Wine-Beer,none,no_accessibility,2,1,1.1764705882352942,1.1764705882352942,1.0,17,2.0,Bar,1.0,U1024,1,1,1,0,1,0,"22.15106,-100.977659"
135041,22.15106,-100.977659,0101000020957F0000D2002719234858C1CC7A9FC186A34B41,Luna Cafe,San Luis Potosí,San Luis Potosí,Wine-Beer,none,no_accessibility,2,1,1.1764705882352942,1.1764705882352942,1.0,17,2.0,Bar,1.0,U1005,1,1,1,0,1,0,"22.15106,-100.977659"
135041,22.15106,-100.977659,0101000020957F0000D2002719234858C1CC7A9FC186A34B41,Luna Cafe,San Luis Potosí,San Luis Potosí,Wine-Beer,none,no_accessibility,2,1,1.1764705882352942,1.1764705882352942,1.0,17,2.0,Bar,1.0,U1049,0,0,0,0,1,0,"22.15106,-100.977659"
135041,22.15106,-100.977659,0101000020957F0000D2002719234858C1CC7A9FC186A34B41,Luna Cafe,San Luis Potosí,San Luis Potosí,Wine-Beer,none,no_accessibility,2,1,1.1764705882352942,1.1764705882352942,1.0,17,2.0,Bar,1.0,U1104,1,2,1,0,1,0,"22.15106,-100.977659"
135041,22.15106,-100.977659,0101000020957F0000D2002719234858C1CC7A9FC186A34B41,Luna Cafe,San Luis Potosí,San Luis Potosí,Wine-Beer,none,no_accessibility,2,1,1.1764705882352942,1.1764705882352942,1.0,17,2.0,Bar,1.0,U1045,1,2,1,0,1,0,"22.15106,-100.977659"
135041,22.15106,-100.977659,0101000020957F0000D2002719234858C1CC7A9FC186A34B41,Luna Cafe,San Luis Potosí,San Luis Potosí,Wine-Beer,none,no_accessibility,2,1,1.1764705882352942,1.1764705882352942,1.0,17,2.0,Bar,1.0,U1054,2,2,2,0,1,0,"22.15106,-100.977659"
135041,22.15106,-100.977659,0101000020957F0000D2002719234858C1CC7A9FC186A34B41,Luna Cafe,San Luis Potosí,San Luis Potosí,Wine-Beer,none,no_accessibility,2,1,1.1764705882352942,1.1764705882352942,1.0,17,2.0,Bar,1.0,U1101,0,0,0,0,1,0,"22.15106,-100.977659"
135041,22.15106,-100.977659,0101000020957F0000D2002719234858C1CC7A9FC186A34B41,Luna Cafe,San Luis Potosí,San Luis Potosí,Wine-Beer,none,no_accessibility,2,1,1.1764705882352942,1.1764705882352942,1.0,17,2.0,Bar,1.0,U1135,0,0,0,0,1,0,"22.15106,-100.977659"
135041,22.15106,-100.977659,0101000020957F0000D2002719234858C1CC7A9FC186A34B41,Luna Cafe,San Luis Potosí,San Luis Potosí,Wine-Beer,none,no_accessibility,2,1,1.1764705882352942,1.1764705882352942,1.0,17,2.0,Bar,1.0,U1078,2,1,2,0,1,0,"22.15106,-100.977659"
135041,22.15106,-100.977659,0101000020957F0000D2002719234858C1CC7A9FC186A34B41,Luna Cafe,San Luis Potosí,San Luis Potosí,Wine-Beer,none,no_accessibility,2,1,1.1764705882352942,1.1764705882352942,1.0,17,2.0,Bar,1.0,U1003,0,1,1,0,1,0,"22.15106,-100.977659"
135041,22.15106,-100.977659,0101000020957F0000D2002719234858C1CC7A9FC186A34B41,Luna Cafe,San Luis Potosí,San Luis Potosí,Wine-Beer,none,no_accessibility,2,1,1.1764705882352942,1.1764705882352942,1.0,17,2.0,Bar,1.0,U1086,2,2,2,0,1,0,"22.15106,-100.977659"
135041,22.15106,-100.977659,0101000020957F0000D2002719234858C1CC7A9FC186A34B41,Luna Cafe,San Luis Potosí,San Luis Potosí,Wine-Beer,none,no_accessibility,2,1,1.1764705882352942,1.1764705882352942,1.0,17,2.0,Bar,1.0,U1061,2,2,2,0,1,0,"22.15106,-100.977659"
135041,22.15106,-100.977659,0101000020957F0000D2002719234858C1CC7A9FC186A34B41,Luna Cafe,San Luis Potosí,San Luis Potosí,Wine-Beer,none,no_accessibility,2,1,1.1764705882352942,1.1764705882352942,1.0,17,2.0,Bar,1.0,U1002,2,1,0,0,1,0,"22.15106,-100.977659"
135041,22.15106,-100.977659,0101000020957F0000D2002719234858C1CC7A9FC186A34B41,Luna Cafe,San Luis Potosí,San Luis Potosí,Wine-Beer,none,no_accessibility,2,1,1.1764705882352942,1.1764705882352942,1.0,17,2.0,Cafeteria,1.0,U1088,2,2,2,0,1,0,"22.15106,-100.977659"
135041,22.15106,-100.977659,0101000020957F0000D2002719234858C1CC7A9FC186A34B41,Luna Cafe,San Luis Potosí,San Luis Potosí,Wine-Beer,none,no_accessibility,2,1,1.1764705882352942,1.1764705882352942,1.0,17,2.0,Cafeteria,1.0,U1106,1,1,1,0,1,0,"22.15106,-100.977659"
135041,22.15106,-100.977659,0101000020957F0000D2002719234858C1CC7A9FC186A34B41,Luna Cafe,San Luis Potosí,San Luis Potosí,Wine-Beer,none,no_accessibility,2,1,1.1764705882352942,1.1764705882352942,1.0,17,2.0,Cafeteria,1.0,U1126,2,1,1,0,1,0,"22.15106,-100.977659"
135041,22.15106,-100.977659,0101000020957F0000D2002719234858C1CC7A9FC186A34B41,Luna Cafe,San Luis Potosí,San Luis Potosí,Wine-Beer,none,no_accessibility,2,1,1.1764705882352942,1.1764705882352942,1.0,17,2.0,Cafeteria,1.0,U1075,1,1,0,0,1,0,"22.15106,-100.977659"
135041,22.15106,-100.977659,0101000020957F0000D2002719234858C1CC7A9FC186A34B41,Luna Cafe,San Luis Potosí,San Luis Potosí,Wine-Beer,none,no_accessibility,2,1,1.1764705882352942,1.1764705882352942,1.0,17,2.0,Cafeteria,1.0,U1024,1,1,1,0,1,0,"22.15106,-100.977659"
135041,22.15106,-100.977659,0101000020957F0000D2002719234858C1CC7A9FC186A34B41,Luna Cafe,San Luis Potosí,San Luis Potosí,Wine-Beer,none,no_accessibility,2,1,1.1764705882352942,1.1764705882352942,1.0,17,2.0,Cafeteria,1.0,U1005,1,1,1,0,1,0,"22.15106,-100.977659"
135041,22.15106,-100.977659,0101000020957F0000D2002719234858C1CC7A9FC186A34B41,Luna Cafe,San Luis Potosí,San Luis Potosí,Wine-Beer,none,no_accessibility,2,1,1.1764705882352942,1.1764705882352942,1.0,17,2.0,Cafeteria,1.0,U1049,0,0,0,0,1,0,"22.15106,-100.977659"
135041,22.15106,-100.977659,0101000020957F0000D2002719234858C1CC7A9FC186A34B41,Luna Cafe,San Luis Potosí,San Luis Potosí,Wine-Beer,none,no_accessibility,2,1,1.1764705882352942,1.1764705882352942,1.0,17,2.0,Cafeteria,1.0,U1104,1,2,1,0,1,0,"22.15106,-100.977659"
135041,22.15106,-100.977659,0101000020957F0000D2002719234858C1CC7A9FC186A34B41,Luna Cafe,San Luis Potosí,San Luis Potosí,Wine-Beer,none,no_accessibility,2,1,1.1764705882352942,1.1764705882352942,1.0,17,2.0,Cafeteria,1.0,U1045,1,2,1,0,1,0,"22.15106,-100.977659"
135041,22.15106,-100.977659,0101000020957F0000D2002719234858C1CC7A9FC186A34B41,Luna Cafe,San Luis Potosí,San Luis Potosí,Wine-Beer,none,no_accessibility,2,1,1.1764705882352942,1.1764705882352942,1.0,17,2.0,Cafeteria,1.0,U1054,2,2,2,0,1,0,"22.15106,-100.977659"
135041,22.15106,-100.977659,0101000020957F0000D2002719234858C1CC7A9FC186A34B41,Luna Cafe,San Luis Potosí,San Luis Potosí,Wine-Beer,none,no_accessibility,2,1,1.1764705882352942,1.1764705882352942,1.0,17,2.0,Cafeteria,1.0,U1101,0,0,0,0,1,0,"22.15106,-100.977659"
135041,22.15106,-100.977659,0101000020957F0000D2002719234858C1CC7A9FC186A34B41,Luna Cafe,San Luis Potosí,San Luis Potosí,Wine-Beer,none,no_accessibility,2,1,1.1764705882352942,1.1764705882352942,1.0,17,2.0,Cafeteria,1.0,U1135,0,0,0,0,1,0,"22.15106,-100.977659"
135041,22.15106,-100.977659,0101000020957F0000D2002719234858C1CC7A9FC186A34B41,Luna Cafe,San Luis Potosí,San Luis Potosí,Wine-Beer,none,no_accessibility,2,1,1.1764705882352942,1.1764705882352942,1.0,17,2.0,Cafeteria,1.0,U1078,2,1,2,0,1,0,"22.15106,-100.977659"
135041,22.15106,-100.977659,0101000020957F0000D2002719234858C1CC7A9FC186A34B41,Luna Cafe,San Luis Potosí,San Luis Potosí,Wine-Beer,none,no_accessibility,2,1,1.1764705882352942,1.1764705882352942,1.0,17,2.0,Cafeteria,1.0,U1003,0,1,1,0,1,0,"22.15106,-100.977659"
135041,22.15106,-100.977659,0101000020957F0000D2002719234858C1CC7A9FC186A34B41,Luna Cafe,San Luis Potosí,San Luis Potosí,Wine-Beer,none,no_accessibility,2,1,1.1764705882352942,1.1764705882352942,1.0,17,2.0,Cafeteria,1.0,U1086,2,2,2,0,1,0,"22.15106,-100.977659"
135041,22.15106,-100.977659,0101000020957F0000D2002719234858C1CC7A9FC186A34B41,Luna Cafe,San Luis Potosí,San Luis Potosí,Wine-Beer,none,no_accessibility,2,1,1.1764705882352942,1.1764705882352942,1.0,17,2.0,Cafeteria,1.0,U1061,2,2,2,0,1,0,"22.15106,-100.977659"
135041,22.15106,-100.977659,0101000020957F0000D2002719234858C1CC7A9FC186A34B41,Luna Cafe,San Luis Potosí,San Luis Potosí,Wine-Beer,none,no_accessibility,2,1,1.1764705882352942,1.1764705882352942,1.0,17,2.0,Cafeteria,1.0,U1002,2,1,0,0,1,0,"22.15106,-100.977659"
132608,23.7588052,-99.1651297,0101000020957F0000A15C8F5FF78057C1C93CEA9E0A4E4941,Hamburguesas La perica,Ciudad Victoria,Tamaulipas,No_Alcohol_Served,permitted,completely,1,0,1.0,1.1666666666666667,0.8333333333333334,6,1.0,Mexican,1.0,U1070,2,2,1,1,0,0,"23.7588052,-99.1651297"
132608,23.7588052,-99.1651297,0101000020957F0000A15C8F5FF78057C1C93CEA9E0A4E4941,Hamburguesas La perica,Ciudad Victoria,Tamaulipas,No_Alcohol_Served,permitted,completely,1,0,1.0,1.1666666666666667,0.8333333333333334,6,1.0,Mexican,1.0,U1082,0,0,0,1,0,0,"23.7588052,-99.1651297"
132608,23.7588052,-99.1651297,0101000020957F0000A15C8F5FF78057C1C93CEA9E0A4E4941,Hamburguesas La perica,Ciudad Victoria,Tamaulipas,No_Alcohol_Served,permitted,completely,1,0,1.0,1.1666666666666667,0.8333333333333334,6,1.0,Mexican,1.0,U1123,1,2,1,1,0,0,"23.7588052,-99.1651297"
132608,23.7588052,-99.1651297,0101000020957F0000A15C8F5FF78057C1C93CEA9E0A4E4941,Hamburguesas La perica,Ciudad Victoria,Tamaulipas,No_Alcohol_Served,permitted,completely,1,0,1.0,1.1666666666666667,0.8333333333333334,6,1.0,Mexican,1.0,U1080,2,2,2,1,0,0,"23.7588052,-99.1651297"
132608,23.7588052,-99.1651297,0101000020957F0000A15C8F5FF78057C1C93CEA9E0A4E4941,Hamburguesas La perica,Ciudad Victoria,Tamaulipas,No_Alcohol_Served,permitted,completely,1,0,1.0,1.1666666666666667,0.8333333333333334,6,1.0,Mexican,1.0,U1050,0,0,0,1,0,0,"23.7588052,-99.1651297"
132608,23.7588052,-99.1651297,0101000020957F0000A15C8F5FF78057C1C93CEA9E0A4E4941,Hamburguesas La perica,Ciudad Victoria,Tamaulipas,No_Alcohol_Served,permitted,completely,1,0,1.0,1.1666666666666667,0.8333333333333334,6,1.0,Mexican,1.0,U1043,1,1,1,1,0,0,"23.7588052,-99.1651297"
135046,22.141282,-101.002958,0101000020957F000011DFB4E3EE4858C13F78758452AB4B41,Restaurante El Reyecito,San Luis Potosí,San Luis Potosí,No_Alcohol_Served,none,no_accessibility,2,1,1.2727272727272727,1.2727272727272727,0.8181818181818182,11,1.0,Fast_Food,3.0,U1083,2,2,1,1,0,1,"22.141282,-101.002958"
135046,22.141282,-101.002958,0101000020957F000011DFB4E3EE4858C13F78758452AB4B41,Restaurante El Reyecito,San Luis Potosí,San Luis Potosí,No_Alcohol_Served,none,no_accessibility,2,1,1.2727272727272727,1.2727272727272727,0.8181818181818182,11,1.0,Fast_Food,3.0,U1108,1,2,1,1,0,1,"22.141282,-101.002958"
135046,22.141282,-101.002958,0101000020957F000011DFB4E3EE4858C13F78758452AB4B41,Restaurante El Reyecito,San Luis Potosí,San Luis Potosí,No_Alcohol_Served,none,no_accessibility,2,1,1.2727272727272727,1.2727272727272727,0.8181818181818182,11,1.0,Fast_Food,3.0,U1134,2,1,1,1,0,1,"22.141282,-101.002958"
135046,22.141282,-101.002958,0101000020957F000011DFB4E3EE4858C13F78758452AB4B41,Restaurante El Reyecito,San Luis Potosí,San Luis Potosí,No_Alcohol_Served,none,no_accessibility,2,1,1.2727272727272727,1.2727272727272727,0.8181818181818182,11,1.0,Fast_Food,3.0,U1113,2,2,1,1,0,1,"22.141282,-101.002958"
135046,22.141282,-101.002958,0101000020957F000011DFB4E3EE4858C13F78758452AB4B41,Restaurante El Reyecito,San Luis Potosí,San Luis Potosí,No_Alcohol_Served,none,no_accessibility,2,1,1.2727272727272727,1.2727272727272727,0.8181818181818182,11,1.0,Fast_Food,3.0,U1092,0,0,0,1,0,1,"22.141282,-101.002958"
135046,22.141282,-101.002958,0101000020957F000011DFB4E3EE4858C13F78758452AB4B41,Restaurante El Reyecito,San Luis Potosí,San Luis Potosí,No_Alcohol_Served,none,no_accessibility,2,1,1.2727272727272727,1.2727272727272727,0.8181818181818182,11,1.0,Fast_Food,3.0,U1098,1,2,1,1,0,1,"22.141282,-101.002958"
135046,22.141282,-101.002958,0101000020957F000011DFB4E3EE4858C13F78758452AB4B41,Restaurante El Reyecito,San Luis Potosí,San Luis Potosí,No_Alcohol_Served,none,no_accessibility,2,1,1.2727272727272727,1.2727272727272727,0.8181818181818182,11,1.0,Fast_Food,3.0,U1033,2,1,1,1,0,1,"22.141282,-101.002958"
135046,22.141282,-101.002958,0101000020957F000011DFB4E3EE4858C13F78758452AB4B41,Restaurante El Reyecito,San Luis Potosí,San Luis Potosí,No_Alcohol_Served,none,no_accessibility,2,1,1.2727272727272727,1.2727272727272727,0.8181818181818182,11,1.0,Fast_Food,3.0,U1061,1,2,1,1,0,1,"22.141282,-101.002958"
135046,22.141282,-101.002958,0101000020957F000011DFB4E3EE4858C13F78758452AB4B41,Restaurante El Reyecito,San Luis Potosí,San Luis Potosí,No_Alcohol_Served,none,no_accessibility,2,1,1.2727272727272727,1.2727272727272727,0.8181818181818182,11,1.0,Fast_Food,3.0,U1112,0,0,0,1,0,1,"22.141282,-101.002958"
135046,22.141282,-101.002958,0101000020957F000011DFB4E3EE4858C13F78758452AB4B41,Restaurante El Reyecito,San Luis Potosí,San Luis Potosí,No_Alcohol_Served,none,no_accessibility,2,1,1.2727272727272727,1.2727272727272727,0.8181818181818182,11,1.0,Fast_Food,3.0,U1057,1,0,0,1,0,1,"22.141282,-101.002958"
135046,22.141282,-101.002958,0101000020957F000011DFB4E3EE4858C13F78758452AB4B41,Restaurante El Reyecito,San Luis Potosí,San Luis Potosí,No_Alcohol_Served,none,no_accessibility,2,1,1.2727272727272727,1.2727272727272727,0.8181818181818182,11,1.0,Fast_Food,3.0,U1136,2,2,2,1,0,1,"22.141282,-101.002958"
132564,23.7309245,-99.1451848,0101000020957F0000EA4F00C5A08557C140085474D9494941,churchs,Desconocida,Desconocido,No_Alcohol_Served,none,completely,1,1,1.25,1.25,1.5,4,1.0,Mexican,1.0,U1060,2,2,2,0,0,1,"23.7309245,-99.1451848"
132564,23.7309245,-99.1451848,0101000020957F0000EA4F00C5A08557C140085474D9494941,churchs,Desconocida,Desconocido,No_Alcohol_Served,none,completely,1,1,1.25,1.25,1.5,4,1.0,Mexican,1.0,U1080,1,1,1,0,0,1,"23.7309245,-99.1451848"
132564,23.7309245,-99.1451848,0101000020957F0000EA4F00C5A08557C140085474D9494941,churchs,Desconocida,Desconocido,No_Alcohol_Served,none,completely,1,1,1.25,1.25,1.5,4,1.0,Mexican,1.0,U1039,1,1,2,0,0,1,"23.7309245,-99.1451848"
132564,23.7309245,-99.1451848,0101000020957F0000EA4F00C5A08557C140085474D9494941,churchs,Desconocida,Desconocido,No_Alcohol_Served,none,completely,1,1,1.25,1.25,1.5,4,1.0,Mexican,1.0,U1011,1,1,1,0,0,1,"23.7309245,-99.1451848"
132869,22.1412384,-100.9239252,0101000020957F0000BC62C18D1F4B58C169E0A959C8944B41,Dominos Pizza,San Luis Potosí,San Luis Potosí,No_Alcohol_Served,not permitted,no_accessibility,2,1,1.1666666666666667,1.3333333333333333,1.1666666666666667,6,1.0,Pizzeria,1.0,U1052,2,2,1,1,0,0,"22.1412384,-100.9239252"
132869,22.1412384,-100.9239252,0101000020957F0000BC62C18D1F4B58C169E0A959C8944B41,Dominos Pizza,San Luis Potosí,San Luis Potosí,No_Alcohol_Served,not permitted,no_accessibility,2,1,1.1666666666666667,1.3333333333333333,1.1666666666666667,6,1.0,Pizzeria,1.0,U1008,1,1,1,1,0,0,"22.1412384,-100.9239252"
132869,22.1412384,-100.9239252,0101000020957F0000BC62C18D1F4B58C169E0A959C8944B41,Dominos Pizza,San Luis Potosí,San Luis Potosí,No_Alcohol_Served,not permitted,no_accessibility,2,1,1.1666666666666667,1.3333333333333333,1.1666666666666667,6,1.0,Pizzeria,1.0,U1111,0,0,0,1,0,0,"22.1412384,-100.9239252"
132869,22.1412384,-100.9239252,0101000020957F0000BC62C18D1F4B58C169E0A959C8944B41,Dominos Pizza,San Luis Potosí,San Luis Potosí,No_Alcohol_Served,not permitted,no_accessibility,2,1,1.1666666666666667,1.3333333333333333,1.1666666666666667,6,1.0,Pizzeria,1.0,U1037,1,1,2,1,0,0,"22.1412384,-100.9239252"
132869,22.1412384,-100.9239252,0101000020957F0000BC62C18D1F4B58C169E0A959C8944B41,Dominos Pizza,San Luis Potosí,San Luis Potosí,No_Alcohol_Served,not permitted,no_accessibility,2,1,1.1666666666666667,1.3333333333333333,1.1666666666666667,6,1.0,Pizzeria,1.0,U1015,2,2,2,1,0,0,"22.1412384,-100.9239252"
132869,22.1412384,-100.9239252,0101000020957F0000BC62C18D1F4B58C169E0A959C8944B41,Dominos Pizza,San Luis Potosí,San Luis Potosí,No_Alcohol_Served,not permitted,no_accessibility,2,1,1.1666666666666667,1.3333333333333333,1.1666666666666667,6,1.0,Pizzeria,1.0,U1131,1,2,1,1,0,0,"22.1412384,-100.9239252"
132925,22.1534997,-100.976243,0101000020957F00001EF62687CD4758C1BE336F4EFAA24B41,el pueblito,Desconocida,Desconocido,Wine-Beer,not permitted,completely,2,1,1.0,1.2,1.2,5,1.0,Mexican,1.0,U1138,1,2,1,0,0,0,"22.1534997,-100.976243"
132925,22.1534997,-100.976243,0101000020957F00001EF62687CD4758C1BE336F4EFAA24B41,el pueblito,Desconocida,Desconocido,Wine-Beer,not permitted,completely,2,1,1.0,1.2,1.2,5,1.0,Mexican,1.0,U1027,1,1,1,0,0,0,"22.1534997,-100.976243"
132925,22.1534997,-100.976243,0101000020957F00001EF62687CD4758C1BE336F4EFAA24B41,el pueblito,Desconocida,Desconocido,Wine-Beer,not permitted,completely,2,1,1.0,1.2,1.2,5,1.0,Mexican,1.0,U1090,2,2,2,0,0,0,"22.1534997,-100.976243"
132925,22.1534997,-100.976243,0101000020957F00001EF62687CD4758C1BE336F4EFAA24B41,el pueblito,Desconocida,Desconocido,Wine-Beer,not permitted,completely,2,1,1.0,1.2,1.2,5,1.0,Mexican,1.0,U1128,0,0,0,0,0,0,"22.1534997,-100.976243"
132925,22.1534997,-100.976243,0101000020957F00001EF62687CD4758C1BE336F4EFAA24B41,el pueblito,Desconocida,Desconocido,Wine-Beer,not permitted,completely,2,1,1.0,1.2,1.2,5,1.0,Mexican,1.0,U1002,1,1,2,0,0,0,"22.1534997,-100.976243"
132955,22.147622,-101.0102749,0101000020957F000068BE7C87C24758C1920A360A08AD4B41,emilianos,San Luis Potosí,México,Wine-Beer,none,completely,1,0,2.0,1.8,1.8,5,1.0,Bar_Pub_Brewery,5.0,U1004,2,2,2,0,0,1,"22.147622,-101.0102749"
132955,22.147622,-101.0102749,0101000020957F000068BE7C87C24758C1920A360A08AD4B41,emilianos,San Luis Potosí,México,Wine-Beer,none,completely,1,0,2.0,1.8,1.8,5,1.0,Bar_Pub_Brewery,5.0,U1061,2,2,2,0,0,1,"22.147622,-101.0102749"
132955,22.147622,-101.0102749,0101000020957F000068BE7C87C24758C1920A360A08AD4B41,emilianos,San Luis Potosí,México,Wine-Beer,none,completely,1,0,2.0,1.8,1.8,5,1.0,Bar_Pub_Brewery,5.0,U1059,2,1,2,0,0,1,"22.147622,-101.0102749"
132955,22.147622,-101.0102749,0101000020957F000068BE7C87C24758C1920A360A08AD4B41,emilianos,San Luis Potosí,México,Wine-Beer,none,completely,1,0,2.0,1.8,1.8,5,1.0,Bar_Pub_Brewery,5.0,U1097,2,2,1,0,0,1,"22.147622,-101.0102749"
132955,22.147622,-101.0102749,0101000020957F000068BE7C87C24758C1920A360A08AD4B41,emilianos,San Luis Potosí,México,Wine-Beer,none,completely,1,0,2.0,1.8,1.8,5,1.0,Bar_Pub_Brewery,5.0,U1096,2,2,2,0,0,1,"22.147622,-101.0102749"
135059,22.145108,-100.989547,0101000020957F000005810F19B84858C136805B2745A74B41,Restaurant Bar Hacienda los Martinez,San Luis Potosí,San Luis Potosí,Wine-Beer,section,no_accessibility,2,1,1.6666666666666667,1.4444444444444444,1.3333333333333333,9,1.0,Bar,1.0,U1134,2,1,0,1,0,1,"22.145108,-100.989547"
135059,22.145108,-100.989547,0101000020957F000005810F19B84858C136805B2745A74B41,Restaurant Bar Hacienda los Martinez,San Luis Potosí,San Luis Potosí,Wine-Beer,section,no_accessibility,2,1,1.6666666666666667,1.4444444444444444,1.3333333333333333,9,1.0,Bar,1.0,U1116,0,2,2,1,0,1,"22.145108,-100.989547"
135059,22.145108,-100.989547,0101000020957F000005810F19B84858C136805B2745A74B41,Restaurant Bar Hacienda los Martinez,San Luis Potosí,San Luis Potosí,Wine-Beer,section,no_accessibility,2,1,1.6666666666666667,1.4444444444444444,1.3333333333333333,9,1.0,Bar,1.0,U1036,2,2,2,1,0,1,"22.145108,-100.989547"
135059,22.145108,-100.989547,0101000020957F000005810F19B84858C136805B2745A74B41,Restaurant Bar Hacienda los Martinez,San Luis Potosí,San Luis Potosí,Wine-Beer,section,no_accessibility,2,1,1.6666666666666667,1.4444444444444444,1.3333333333333333,9,1.0,Bar,1.0,U1009,2,1,1,1,0,1,"22.145108,-100.989547"
135059,22.145108,-100.989547,0101000020957F000005810F19B84858C136805B2745A74B41,Restaurant Bar Hacienda los Martinez,San Luis Potosí,San Luis Potosí,Wine-Beer,section,no_accessibility,2,1,1.6666666666666667,1.4444444444444444,1.3333333333333333,9,1.0,Bar,1.0,U1085,2,2,1,1,0,1,"22.145108,-100.989547"
135059,22.145108,-100.989547,0101000020957F000005810F19B84858C136805B2745A74B41,Restaurant Bar Hacienda los Martinez,San Luis Potosí,San Luis Potosí,Wine-Beer,section,no_accessibility,2,1,1.6666666666666667,1.4444444444444444,1.3333333333333333,9,1.0,Bar,1.0,U1029,2,1,1,1,0,1,"22.145108,-100.989547"
135059,22.145108,-100.989547,0101000020957F000005810F19B84858C136805B2745A74B41,Restaurant Bar Hacienda los Martinez,San Luis Potosí,San Luis Potosí,Wine-Beer,section,no_accessibility,2,1,1.6666666666666667,1.4444444444444444,1.3333333333333333,9,1.0,Bar,1.0,U1137,2,0,2,1,0,1,"22.145108,-100.989547"
135059,22.145108,-100.989547,0101000020957F000005810F19B84858C136805B2745A74B41,Restaurant Bar Hacienda los Martinez,San Luis Potosí,San Luis Potosí,Wine-Beer,section,no_accessibility,2,1,1.6666666666666667,1.4444444444444444,1.3333333333333333,9,1.0,Bar,1.0,U1002,1,2,1,1,0,1,"22.145108,-100.989547"
135059,22.145108,-100.989547,0101000020957F000005810F19B84858C136805B2745A74B41,Restaurant Bar Hacienda los Martinez,San Luis Potosí,San Luis Potosí,Wine-Beer,section,no_accessibility,2,1,1.6666666666666667,1.4444444444444444,1.3333333333333333,9,1.0,Bar,1.0,U1003,2,2,2,1,0,1,"22.145108,-100.989547"
135001,18.941859,-99.241927,0101000020957F0000429477F3B36B5AC1D65C45CAFA564A41,Vips,Cuernavaca,Morelos,Wine-Beer,none,completely,2,0,1.4285714285714286,1.4285714285714286,1.5714285714285714,7,1.0,Mexican,4.0,U1012,1,1,2,1,0,1,"18.941859,-99.241927"
135001,18.941859,-99.241927,0101000020957F0000429477F3B36B5AC1D65C45CAFA564A41,Vips,Cuernavaca,Morelos,Wine-Beer,none,completely,2,0,1.4285714285714286,1.4285714285714286,1.5714285714285714,7,1.0,Mexican,4.0,U1093,2,2,2,1,0,1,"18.941859,-99.241927"
135001,18.941859,-99.241927,0101000020957F0000429477F3B36B5AC1D65C45CAFA564A41,Vips,Cuernavaca,Morelos,Wine-Beer,none,completely,2,0,1.4285714285714286,1.4285714285714286,1.5714285714285714,7,1.0,Mexican,4.0,U1100,2,2,2,1,0,1,"18.941859,-99.241927"
135001,18.941859,-99.241927,0101000020957F0000429477F3B36B5AC1D65C45CAFA564A41,Vips,Cuernavaca,Morelos,Wine-Beer,none,completely,2,0,1.4285714285714286,1.4285714285714286,1.5714285714285714,7,1.0,Mexican,4.0,U1133,2,2,2,1,0,1,"18.941859,-99.241927"
135001,18.941859,-99.241927,0101000020957F0000429477F3B36B5AC1D65C45CAFA564A41,Vips,Cuernavaca,Morelos,Wine-Beer,none,completely,2,0,1.4285714285714286,1.4285714285714286,1.5714285714285714,7,1.0,Mexican,4.0,U1118,0,0,0,1,0,1,"18.941859,-99.241927"
135001,18.941859,-99.241927,0101000020957F0000429477F3B36B5AC1D65C45CAFA564A41,Vips,Cuernavaca,Morelos,Wine-Beer,none,completely,2,0,1.4285714285714286,1.4285714285714286,1.5714285714285714,7,1.0,Mexican,4.0,U1119,2,2,2,1,0,1,"18.941859,-99.241927"
135001,18.941859,-99.241927,0101000020957F0000429477F3B36B5AC1D65C45CAFA564A41,Vips,Cuernavaca,Morelos,Wine-Beer,none,completely,2,0,1.4285714285714286,1.4285714285714286,1.5714285714285714,7,1.0,Mexican,4.0,U1041,1,1,1,1,0,1,"18.941859,-99.241927"
135063,22.156724,-100.975556,0101000020957F000054B1A10F544758C15BD6A12797A24B41,Restaurante Alhondiga,San Luis Potosí,San Luis Potosí,No_Alcohol_Served,none,no_accessibility,2,1,1.25,1.0,1.25,8,1.0,Mexican,1.0,U1053,2,1,2,0,0,1,"22.156724,-100.975556"
135063,22.156724,-100.975556,0101000020957F000054B1A10F544758C15BD6A12797A24B41,Restaurante Alhondiga,San Luis Potosí,San Luis Potosí,No_Alcohol_Served,none,no_accessibility,2,1,1.25,1.0,1.25,8,1.0,Mexican,1.0,U1125,1,2,1,0,0,1,"22.156724,-100.975556"
135063,22.156724,-100.975556,0101000020957F000054B1A10F544758C15BD6A12797A24B41,Restaurante Alhondiga,San Luis Potosí,San Luis Potosí,No_Alcohol_Served,none,no_accessibility,2,1,1.25,1.0,1.25,8,1.0,Mexican,1.0,U1022,2,1,2,0,0,1,"22.156724,-100.975556"
135063,22.156724,-100.975556,0101000020957F000054B1A10F544758C15BD6A12797A24B41,Restaurante Alhondiga,San Luis Potosí,San Luis Potosí,No_Alcohol_Served,none,no_accessibility,2,1,1.25,1.0,1.25,8,1.0,Mexican,1.0,U1071,2,1,2,0,0,1,"22.156724,-100.975556"
135063,22.156724,-100.975556,0101000020957F000054B1A10F544758C15BD6A12797A24B41,Restaurante Alhondiga,San Luis Potosí,San Luis Potosí,No_Alcohol_Served,none,no_accessibility,2,1,1.25,1.0,1.25,8,1.0,Mexican,1.0,U1009,0,0,0,0,0,1,"22.156724,-100.975556"
135063,22.156724,-100.975556,0101000020957F000054B1A10F544758C15BD6A12797A24B41,Restaurante Alhondiga,San Luis Potosí,San Luis Potosí,No_Alcohol_Served,none,no_accessibility,2,1,1.25,1.0,1.25,8,1.0,Mexican,1.0,U1135,0,0,0,0,0,1,"22.156724,-100.975556"
135063,22.156724,-100.975556,0101000020957F000054B1A10F544758C15BD6A12797A24B41,Restaurante Alhondiga,San Luis Potosí,San Luis Potosí,No_Alcohol_Served,none,no_accessibility,2,1,1.25,1.0,1.25,8,1.0,Mexican,1.0,U1109,2,2,2,0,0,1,"22.156724,-100.975556"
135063,22.156724,-100.975556,0101000020957F000054B1A10F544758C15BD6A12797A24B41,Restaurante Alhondiga,San Luis Potosí,San Luis Potosí,No_Alcohol_Served,none,no_accessibility,2,1,1.25,1.0,1.25,8,1.0,Mexican,1.0,U1086,1,1,1,0,0,1,"22.156724,-100.975556"
135080,22.145007999999997,-100.997969,0101000020957F000033331E4B804858C166643087ADA94B41,los Toneles,San Luis Potosí,San Luis Potosí,No_Alcohol_Served,section,no_accessibility,3,1,1.0,1.0,1.0,6,1.0,Mexican,4.0,U1134,1,1,1,0,0,0,"22.145007999999997,-100.997969"
135080,22.145007999999997,-100.997969,0101000020957F000033331E4B804858C166643087ADA94B41,los Toneles,San Luis Potosí,San Luis Potosí,No_Alcohol_Served,section,no_accessibility,3,1,1.0,1.0,1.0,6,1.0,Mexican,4.0,U1003,2,1,2,0,0,0,"22.145007999999997,-100.997969"
135080,22.145007999999997,-100.997969,0101000020957F000033331E4B804858C166643087ADA94B41,los Toneles,San Luis Potosí,San Luis Potosí,No_Alcohol_Served,section,no_accessibility,3,1,1.0,1.0,1.0,6,1.0,Mexican,4.0,U1091,0,1,1,0,0,0,"22.145007999999997,-100.997969"
135080,22.145007999999997,-100.997969,0101000020957F000033331E4B804858C166643087ADA94B41,los Toneles,San Luis Potosí,San Luis Potosí,No_Alcohol_Served,section,no_accessibility,3,1,1.0,1.0,1.0,6,1.0,Mexican,4.0,U1061,2,2,2,0,0,0,"22.145007999999997,-100.997969"
135080,22.145007999999997,-100.997969,0101000020957F000033331E4B804858C166643087ADA94B41,los Toneles,San Luis Potosí,San Luis Potosí,No_Alcohol_Served,section,no_accessibility,3,1,1.0,1.0,1.0,6,1.0,Mexican,4.0,U1057,1,1,0,0,0,0,"22.145007999999997,-100.997969"
135080,22.145007999999997,-100.997969,0101000020957F000033331E4B804858C166643087ADA94B41,los Toneles,San Luis Potosí,San Luis Potosí,No_Alcohol_Served,section,no_accessibility,3,1,1.0,1.0,1.0,6,1.0,Mexican,4.0,U1073,0,0,0,0,0,0,"22.145007999999997,-100.997969"
135000,18.870565,-99.226938,0101000020957F00001CCDD2577A775AC1D25FB8BA1F564A41,Restaurant los Pinos,Cuernavaca,Morelos,No_Alcohol_Served,none,no_accessibility,2,1,1.25,1.0,1.0,4,1.0,Mexican,1.0,U1100,2,1,1,0,0,1,"18.870565,-99.226938"
135000,18.870565,-99.226938,0101000020957F00001CCDD2577A775AC1D25FB8BA1F564A41,Restaurant los Pinos,Cuernavaca,Morelos,No_Alcohol_Served,none,no_accessibility,2,1,1.25,1.0,1.0,4,1.0,Mexican,1.0,U1117,1,1,1,0,0,1,"18.870565,-99.226938"
135000,18.870565,-99.226938,0101000020957F00001CCDD2577A775AC1D25FB8BA1F564A41,Restaurant los Pinos,Cuernavaca,Morelos,No_Alcohol_Served,none,no_accessibility,2,1,1.25,1.0,1.0,4,1.0,Mexican,1.0,U1072,0,0,0,0,0,1,"18.870565,-99.226938"
135000,18.870565,-99.226938,0101000020957F00001CCDD2577A775AC1D25FB8BA1F564A41,Restaurant los Pinos,Cuernavaca,Morelos,No_Alcohol_Served,none,no_accessibility,2,1,1.25,1.0,1.0,4,1.0,Mexican,1.0,U1035,2,2,2,0,0,1,"18.870565,-99.226938"
135066,22.16835,-100.972466,0101000020957F000013696871A24558C11EE432FB04A14B41,Restaurante Guerra,San Luis Potosí,San Luis Potosí,Wine-Beer,section,no_accessibility,3,1,1.5,1.0,1.3333333333333333,12,1.0,Mexican,3.0,U1014,2,1,2,1,1,1,"22.16835,-100.972466"
135066,22.16835,-100.972466,0101000020957F000013696871A24558C11EE432FB04A14B41,Restaurante Guerra,San Luis Potosí,San Luis Potosí,Wine-Beer,section,no_accessibility,3,1,1.5,1.0,1.3333333333333333,12,1.0,Mexican,3.0,U1056,2,2,2,1,1,1,"22.16835,-100.972466"
135066,22.16835,-100.972466,0101000020957F000013696871A24558C11EE432FB04A14B41,Restaurante Guerra,San Luis Potosí,San Luis Potosí,Wine-Beer,section,no_accessibility,3,1,1.5,1.0,1.3333333333333333,12,1.0,Mexican,3.0,U1125,1,0,1,1,1,1,"22.16835,-100.972466"
135066,22.16835,-100.972466,0101000020957F000013696871A24558C11EE432FB04A14B41,Restaurante Guerra,San Luis Potosí,San Luis Potosí,Wine-Beer,section,no_accessibility,3,1,1.5,1.0,1.3333333333333333,12,1.0,Mexican,3.0,U1018,1,1,1,1,1,1,"22.16835,-100.972466"
135066,22.16835,-100.972466,0101000020957F000013696871A24558C11EE432FB04A14B41,Restaurante Guerra,San Luis Potosí,San Luis Potosí,Wine-Beer,section,no_accessibility,3,1,1.5,1.0,1.3333333333333333,12,1.0,Mexican,3.0,U1075,2,1,2,1,1,1,"22.16835,-100.972466"
135066,22.16835,-100.972466,0101000020957F000013696871A24558C11EE432FB04A14B41,Restaurante Guerra,San Luis Potosí,San Luis Potosí,Wine-Beer,section,no_accessibility,3,1,1.5,1.0,1.3333333333333333,12,1.0,Mexican,3.0,U1005,2,1,1,1,1,1,"22.16835,-100.972466"
135066,22.16835,-100.972466,0101000020957F000013696871A24558C11EE432FB04A14B41,Restaurante Guerra,San Luis Potosí,San Luis Potosí,Wine-Beer,section,no_accessibility,3,1,1.5,1.0,1.3333333333333333,12,1.0,Mexican,3.0,U1106,2,1,2,1,1,1,"22.16835,-100.972466"
135066,22.16835,-100.972466,0101000020957F000013696871A24558C11EE432FB04A14B41,Restaurante Guerra,San Luis Potosí,San Luis Potosí,Wine-Beer,section,no_accessibility,3,1,1.5,1.0,1.3333333333333333,12,1.0,Mexican,3.0,U1016,2,2,2,1,1,1,"22.16835,-100.972466"
135066,22.16835,-100.972466,0101000020957F000013696871A24558C11EE432FB04A14B41,Restaurante Guerra,San Luis Potosí,San Luis Potosí,Wine-Beer,section,no_accessibility,3,1,1.5,1.0,1.3333333333333333,12,1.0,Mexican,3.0,U1099,1,1,1,1,1,1,"22.16835,-100.972466"
135066,22.16835,-100.972466,0101000020957F000013696871A24558C11EE432FB04A14B41,Restaurante Guerra,San Luis Potosí,San Luis Potosí,Wine-Beer,section,no_accessibility,3,1,1.5,1.0,1.3333333333333333,12,1.0,Mexican,3.0,U1122,2,1,1,1,1,1,"22.16835,-100.972466"
135066,22.16835,-100.972466,0101000020957F000013696871A24558C11EE432FB04A14B41,Restaurante Guerra,San Luis Potosí,San Luis Potosí,Wine-Beer,section,no_accessibility,3,1,1.5,1.0,1.3333333333333333,12,1.0,Mexican,3.0,U1027,0,0,0,1,1,1,"22.16835,-100.972466"
135066,22.16835,-100.972466,0101000020957F000013696871A24558C11EE432FB04A14B41,Restaurante Guerra,San Luis Potosí,San Luis Potosí,Wine-Beer,section,no_accessibility,3,1,1.5,1.0,1.3333333333333333,12,1.0,Mexican,3.0,U1058,1,1,1,1,1,1,"22.16835,-100.972466"
135034,22.140517000000003,-101.021422,0101000020957F000026D92BB4894858C161A7552DA2B04B41,Michiko Restaurant Japones,San Luis Potosí,San Luis Potosí,No_Alcohol_Served,none,no_accessibility,2,1,2.0,2.0,1.6,5,1.0,Japanese,4.0,U1083,2,2,2,0,0,1,"22.140517000000003,-101.021422"
135034,22.140517000000003,-101.021422,0101000020957F000026D92BB4894858C161A7552DA2B04B41,Michiko Restaurant Japones,San Luis Potosí,San Luis Potosí,No_Alcohol_Served,none,no_accessibility,2,1,2.0,2.0,1.6,5,1.0,Japanese,4.0,U1095,2,2,2,0,0,1,"22.140517000000003,-101.021422"
135034,22.140517000000003,-101.021422,0101000020957F000026D92BB4894858C161A7552DA2B04B41,Michiko Restaurant Japones,San Luis Potosí,San Luis Potosí,No_Alcohol_Served,none,no_accessibility,2,1,2.0,2.0,1.6,5,1.0,Japanese,4.0,U1048,2,2,1,0,0,1,"22.140517000000003,-101.021422"
135034,22.140517000000003,-101.021422,0101000020957F000026D92BB4894858C161A7552DA2B04B41,Michiko Restaurant Japones,San Luis Potosí,San Luis Potosí,No_Alcohol_Served,none,no_accessibility,2,1,2.0,2.0,1.6,5,1.0,Japanese,4.0,U1061,2,2,2,0,0,1,"22.140517000000003,-101.021422"
135034,22.140517000000003,-101.021422,0101000020957F000026D92BB4894858C161A7552DA2B04B41,Michiko Restaurant Japones,San Luis Potosí,San Luis Potosí,No_Alcohol_Served,none,no_accessibility,2,1,2.0,2.0,1.6,5,1.0,Japanese,4.0,U1097,2,2,1,0,0,1,"22.140517000000003,-101.021422"
135060,22.156882999999997,-100.978485,0101000020957F00004C95C918394758C17A5C44896AA34B41,Restaurante Marisco Sam,San Luis Potosí,San Luis Potosí,No_Alcohol_Served,none,no_accessibility,2,1,1.1363636363636365,1.0454545454545454,1.2727272727272727,22,1.0,Seafood,1.0,U1077,1,2,2,0,1,0,"22.156882999999997,-100.978485"
135060,22.156882999999997,-100.978485,0101000020957F00004C95C918394758C17A5C44896AA34B41,Restaurante Marisco Sam,San Luis Potosí,San Luis Potosí,No_Alcohol_Served,none,no_accessibility,2,1,1.1363636363636365,1.0454545454545454,1.2727272727272727,22,1.0,Seafood,1.0,U1053,2,2,1,0,1,0,"22.156882999999997,-100.978485"
135060,22.156882999999997,-100.978485,0101000020957F00004C95C918394758C17A5C44896AA34B41,Restaurante Marisco Sam,San Luis Potosí,San Luis Potosí,No_Alcohol_Served,none,no_accessibility,2,1,1.1363636363636365,1.0454545454545454,1.2727272727272727,22,1.0,Seafood,1.0,U1064,1,0,1,0,1,0,"22.156882999999997,-100.978485"
135060,22.156882999999997,-100.978485,0101000020957F00004C95C918394758C17A5C44896AA34B41,Restaurante Marisco Sam,San Luis Potosí,San Luis Potosí,No_Alcohol_Served,none,no_accessibility,2,1,1.1363636363636365,1.0454545454545454,1.2727272727272727,22,1.0,Seafood,1.0,U1125,1,0,2,0,1,0,"22.156882999999997,-100.978485"
135060,22.156882999999997,-100.978485,0101000020957F00004C95C918394758C17A5C44896AA34B41,Restaurante Marisco Sam,San Luis Potosí,San Luis Potosí,No_Alcohol_Served,none,no_accessibility,2,1,1.1363636363636365,1.0454545454545454,1.2727272727272727,22,1.0,Seafood,1.0,U1022,1,1,2,0,1,0,"22.156882999999997,-100.978485"
135060,22.156882999999997,-100.978485,0101000020957F00004C95C918394758C17A5C44896AA34B41,Restaurante Marisco Sam,San Luis Potosí,San Luis Potosí,No_Alcohol_Served,none,no_accessibility,2,1,1.1363636363636365,1.0454545454545454,1.2727272727272727,22,1.0,Seafood,1.0,U1116,0,0,0,0,1,0,"22.156882999999997,-100.978485"
135060,22.156882999999997,-100.978485,0101000020957F00004C95C918394758C17A5C44896AA34B41,Restaurante Marisco Sam,San Luis Potosí,San Luis Potosí,No_Alcohol_Served,none,no_accessibility,2,1,1.1363636363636365,1.0454545454545454,1.2727272727272727,22,1.0,Seafood,1.0,U1024,1,0,2,0,1,0,"22.156882999999997,-100.978485"
135060,22.156882999999997,-100.978485,0101000020957F00004C95C918394758C17A5C44896AA34B41,Restaurante Marisco Sam,San Luis Potosí,San Luis Potosí,No_Alcohol_Served,none,no_accessibility,2,1,1.1363636363636365,1.0454545454545454,1.2727272727272727,22,1.0,Seafood,1.0,U1004,1,1,1,0,1,0,"22.156882999999997,-100.978485"
135060,22.156882999999997,-100.978485,0101000020957F00004C95C918394758C17A5C44896AA34B41,Restaurante Marisco Sam,San Luis Potosí,San Luis Potosí,No_Alcohol_Served,none,no_accessibility,2,1,1.1363636363636365,1.0454545454545454,1.2727272727272727,22,1.0,Seafood,1.0,U1071,1,2,2,0,1,0,"22.156882999999997,-100.978485"
135060,22.156882999999997,-100.978485,0101000020957F00004C95C918394758C17A5C44896AA34B41,Restaurante Marisco Sam,San Luis Potosí,San Luis Potosí,No_Alcohol_Served,none,no_accessibility,2,1,1.1363636363636365,1.0454545454545454,1.2727272727272727,22,1.0,Seafood,1.0,U1045,2,2,2,0,1,0,"22.156882999999997,-100.978485"
135060,22.156882999999997,-100.978485,0101000020957F00004C95C918394758C17A5C44896AA34B41,Restaurante Marisco Sam,San Luis Potosí,San Luis Potosí,No_Alcohol_Served,none,no_accessibility,2,1,1.1363636363636365,1.0454545454545454,1.2727272727272727,22,1.0,Seafood,1.0,U1009,1,1,1,0,1,0,"22.156882999999997,-100.978485"
135060,22.156882999999997,-100.978485,0101000020957F00004C95C918394758C17A5C44896AA34B41,Restaurante Marisco Sam,San Luis Potosí,San Luis Potosí,No_Alcohol_Served,none,no_accessibility,2,1,1.1363636363636365,1.0454545454545454,1.2727272727272727,22,1.0,Seafood,1.0,U1016,2,2,2,0,1,0,"22.156882999999997,-100.978485"
135060,22.156882999999997,-100.978485,0101000020957F00004C95C918394758C17A5C44896AA34B41,Restaurante Marisco Sam,San Luis Potosí,San Luis Potosí,No_Alcohol_Served,none,no_accessibility,2,1,1.1363636363636365,1.0454545454545454,1.2727272727272727,22,1.0,Seafood,1.0,U1099,2,2,2,0,1,0,"22.156882999999997,-100.978485"
135060,22.156882999999997,-100.978485,0101000020957F00004C95C918394758C17A5C44896AA34B41,Restaurante Marisco Sam,San Luis Potosí,San Luis Potosí,No_Alcohol_Served,none,no_accessibility,2,1,1.1363636363636365,1.0454545454545454,1.2727272727272727,22,1.0,Seafood,1.0,U1054,2,2,2,0,1,0,"22.156882999999997,-100.978485"
135060,22.156882999999997,-100.978485,0101000020957F00004C95C918394758C17A5C44896AA34B41,Restaurante Marisco Sam,San Luis Potosí,San Luis Potosí,No_Alcohol_Served,none,no_accessibility,2,1,1.1363636363636365,1.0454545454545454,1.2727272727272727,22,1.0,Seafood,1.0,U1032,1,1,1,0,1,0,"22.156882999999997,-100.978485"
135060,22.156882999999997,-100.978485,0101000020957F00004C95C918394758C17A5C44896AA34B41,Restaurante Marisco Sam,San Luis Potosí,San Luis Potosí,No_Alcohol_Served,none,no_accessibility,2,1,1.1363636363636365,1.0454545454545454,1.2727272727272727,22,1.0,Seafood,1.0,U1135,0,0,0,0,1,0,"22.156882999999997,-100.978485"
135060,22.156882999999997,-100.978485,0101000020957F00004C95C918394758C17A5C44896AA34B41,Restaurante Marisco Sam,San Luis Potosí,San Luis Potosí,No_Alcohol_Served,none,no_accessibility,2,1,1.1363636363636365,1.0454545454545454,1.2727272727272727,22,1.0,Seafood,1.0,U1078,2,2,2,0,1,0,"22.156882999999997,-100.978485"
135060,22.156882999999997,-100.978485,0101000020957F00004C95C918394758C17A5C44896AA34B41,Restaurante Marisco Sam,San Luis Potosí,San Luis Potosí,No_Alcohol_Served,none,no_accessibility,2,1,1.1363636363636365,1.0454545454545454,1.2727272727272727,22,1.0,Seafood,1.0,U1098,2,1,2,0,1,0,"22.156882999999997,-100.978485"
135060,22.156882999999997,-100.978485,0101000020957F00004C95C918394758C17A5C44896AA34B41,Restaurante Marisco Sam,San Luis Potosí,San Luis Potosí,No_Alcohol_Served,none,no_accessibility,2,1,1.1363636363636365,1.0454545454545454,1.2727272727272727,22,1.0,Seafood,1.0,U1086,1,1,1,0,1,0,"22.156882999999997,-100.978485"
135060,22.156882999999997,-100.978485,0101000020957F00004C95C918394758C17A5C44896AA34B41,Restaurante Marisco Sam,San Luis Potosí,San Luis Potosí,No_Alcohol_Served,none,no_accessibility,2,1,1.1363636363636365,1.0454545454545454,1.2727272727272727,22,1.0,Seafood,1.0,U1128,0,0,0,0,1,0,"22.156882999999997,-100.978485"
135060,22.156882999999997,-100.978485,0101000020957F00004C95C918394758C17A5C44896AA34B41,Restaurante Marisco Sam,San Luis Potosí,San Luis Potosí,No_Alcohol_Served,none,no_accessibility,2,1,1.1363636363636365,1.0454545454545454,1.2727272727272727,22,1.0,Seafood,1.0,U1073,0,0,0,0,1,0,"22.156882999999997,-100.978485"
135060,22.156882999999997,-100.978485,0101000020957F00004C95C918394758C17A5C44896AA34B41,Restaurante Marisco Sam,San Luis Potosí,San Luis Potosí,No_Alcohol_Served,none,no_accessibility,2,1,1.1363636363636365,1.0454545454545454,1.2727272727272727,22,1.0,Seafood,1.0,U1013,1,1,0,0,1,0,"22.156882999999997,-100.978485"
135055,22.148854,-101.008472,0101000020957F00006610DA0F9F4758C12ED00BA771AC4B41,la Cochinita Pibil Restaurante Yucateco,San Luis Potosí,San Luis Potosí,No_Alcohol_Served,section,no_accessibility,3,1,1.7142857142857142,1.7142857142857142,1.7142857142857142,7,1.0,Mexican,4.0,U1134,2,2,2,1,0,1,"22.148854,-101.008472"
135055,22.148854,-101.008472,0101000020957F00006610DA0F9F4758C12ED00BA771AC4B41,la Cochinita Pibil Restaurante Yucateco,San Luis Potosí,San Luis Potosí,No_Alcohol_Served,section,no_accessibility,3,1,1.7142857142857142,1.7142857142857142,1.7142857142857142,7,1.0,Mexican,4.0,U1095,2,2,2,1,0,1,"22.148854,-101.008472"
135055,22.148854,-101.008472,0101000020957F00006610DA0F9F4758C12ED00BA771AC4B41,la Cochinita Pibil Restaurante Yucateco,San Luis Potosí,San Luis Potosí,No_Alcohol_Served,section,no_accessibility,3,1,1.7142857142857142,1.7142857142857142,1.7142857142857142,7,1.0,Mexican,4.0,U1085,2,2,2,1,0,1,"22.148854,-101.008472"
135055,22.148854,-101.008472,0101000020957F00006610DA0F9F4758C12ED00BA771AC4B41,la Cochinita Pibil Restaurante Yucateco,San Luis Potosí,San Luis Potosí,No_Alcohol_Served,section,no_accessibility,3,1,1.7142857142857142,1.7142857142857142,1.7142857142857142,7,1.0,Mexican,4.0,U1034,0,0,0,1,0,1,"22.148854,-101.008472"
135055,22.148854,-101.008472,0101000020957F00006610DA0F9F4758C12ED00BA771AC4B41,la Cochinita Pibil Restaurante Yucateco,San Luis Potosí,San Luis Potosí,No_Alcohol_Served,section,no_accessibility,3,1,1.7142857142857142,1.7142857142857142,1.7142857142857142,7,1.0,Mexican,4.0,U1096,2,2,2,1,0,1,"22.148854,-101.008472"
135055,22.148854,-101.008472,0101000020957F00006610DA0F9F4758C12ED00BA771AC4B41,la Cochinita Pibil Restaurante Yucateco,San Luis Potosí,San Luis Potosí,No_Alcohol_Served,section,no_accessibility,3,1,1.7142857142857142,1.7142857142857142,1.7142857142857142,7,1.0,Mexican,4.0,U1136,2,2,2,1,0,1,"22.148854,-101.008472"
135055,22.148854,-101.008472,0101000020957F00006610DA0F9F4758C12ED00BA771AC4B41,la Cochinita Pibil Restaurante Yucateco,San Luis Potosí,San Luis Potosí,No_Alcohol_Served,section,no_accessibility,3,1,1.7142857142857142,1.7142857142857142,1.7142857142857142,7,1.0,Mexican,4.0,U1058,2,2,2,1,0,1,"22.148854,-101.008472"
135108,22.1362534,-100.9335852,0101000020957F00008FAE40D59E4B58C112C66046D5974B41,Potzocalli,San Luis Potosí,Desconocido,No_Alcohol_Served,none,completely,1,1,1.1818181818181819,1.1818181818181819,1.0,11,1.0,Mexican,1.0,U1088,2,2,2,0,0,0,"22.1362534,-100.9335852"
135108,22.1362534,-100.9335852,0101000020957F00008FAE40D59E4B58C112C66046D5974B41,Potzocalli,San Luis Potosí,Desconocido,No_Alcohol_Served,none,completely,1,1,1.1818181818181819,1.1818181818181819,1.0,11,1.0,Mexican,1.0,U1126,2,2,1,0,0,0,"22.1362534,-100.9335852"
135108,22.1362534,-100.9335852,0101000020957F00008FAE40D59E4B58C112C66046D5974B41,Potzocalli,San Luis Potosí,Desconocido,No_Alcohol_Served,none,completely,1,1,1.1818181818181819,1.1818181818181819,1.0,11,1.0,Mexican,1.0,U1124,1,1,1,0,0,0,"22.1362534,-100.9335852"
135108,22.1362534,-100.9335852,0101000020957F00008FAE40D59E4B58C112C66046D5974B41,Potzocalli,San Luis Potosí,Desconocido,No_Alcohol_Served,none,completely,1,1,1.1818181818181819,1.1818181818181819,1.0,11,1.0,Mexican,1.0,U1018,1,0,1,0,0,0,"22.1362534,-100.9335852"
135108,22.1362534,-100.9335852,0101000020957F00008FAE40D59E4B58C112C66046D5974B41,Potzocalli,San Luis Potosí,Desconocido,No_Alcohol_Served,none,completely,1,1,1.1818181818181819,1.1818181818181819,1.0,11,1.0,Mexican,1.0,U1094,0,1,1,0,0,0,"22.1362534,-100.9335852"
135108,22.1362534,-100.9335852,0101000020957F00008FAE40D59E4B58C112C66046D5974B41,Potzocalli,San Luis Potosí,Desconocido,No_Alcohol_Served,none,completely,1,1,1.1818181818181819,1.1818181818181819,1.0,11,1.0,Mexican,1.0,U1007,1,1,1,0,0,0,"22.1362534,-100.9335852"
135108,22.1362534,-100.9335852,0101000020957F00008FAE40D59E4B58C112C66046D5974B41,Potzocalli,San Luis Potosí,Desconocido,No_Alcohol_Served,none,completely,1,1,1.1818181818181819,1.1818181818181819,1.0,11,1.0,Mexican,1.0,U1115,1,2,2,0,0,0,"22.1362534,-100.9335852"
135108,22.1362534,-100.9335852,0101000020957F00008FAE40D59E4B58C112C66046D5974B41,Potzocalli,San Luis Potosí,Desconocido,No_Alcohol_Served,none,completely,1,1,1.1818181818181819,1.1818181818181819,1.0,11,1.0,Mexican,1.0,U1037,2,2,2,0,0,0,"22.1362534,-100.9335852"
135108,22.1362534,-100.9335852,0101000020957F00008FAE40D59E4B58C112C66046D5974B41,Potzocalli,San Luis Potosí,Desconocido,No_Alcohol_Served,none,completely,1,1,1.1818181818181819,1.1818181818181819,1.0,11,1.0,Mexican,1.0,U1069,0,0,0,0,0,0,"22.1362534,-100.9335852"
135108,22.1362534,-100.9335852,0101000020957F00008FAE40D59E4B58C112C66046D5974B41,Potzocalli,San Luis Potosí,Desconocido,No_Alcohol_Served,none,completely,1,1,1.1818181818181819,1.1818181818181819,1.0,11,1.0,Mexican,1.0,U1008,1,1,0,0,0,0,"22.1362534,-100.9335852"
135108,22.1362534,-100.9335852,0101000020957F00008FAE40D59E4B58C112C66046D5974B41,Potzocalli,San Luis Potosí,Desconocido,No_Alcohol_Served,none,completely,1,1,1.1818181818181819,1.1818181818181819,1.0,11,1.0,Mexican,1.0,U1111,2,1,0,0,0,0,"22.1362534,-100.9335852"
135074,22.149689,-100.999525,0101000020957F0000CDA37BD8BD4758C1F4FBE3D2D7A94B41,Restaurante la Parroquia Potosina,San Luis Potosí,San Luis Potosí,Wine-Beer,section,no_accessibility,3,1,1.75,1.75,1.75,4,1.0,Contemporary,3.0,U1108,2,2,1,1,0,1,"22.149689,-100.999525"
135074,22.149689,-100.999525,0101000020957F0000CDA37BD8BD4758C1F4FBE3D2D7A94B41,Restaurante la Parroquia Potosina,San Luis Potosí,San Luis Potosí,Wine-Beer,section,no_accessibility,3,1,1.75,1.75,1.75,4,1.0,Contemporary,3.0,U1083,2,2,2,1,0,1,"22.149689,-100.999525"
135074,22.149689,-100.999525,0101000020957F0000CDA37BD8BD4758C1F4FBE3D2D7A94B41,Restaurante la Parroquia Potosina,San Luis Potosí,San Luis Potosí,Wine-Beer,section,no_accessibility,3,1,1.75,1.75,1.75,4,1.0,Contemporary,3.0,U1134,2,2,2,1,0,1,"22.149689,-100.999525"
135074,22.149689,-100.999525,0101000020957F0000CDA37BD8BD4758C1F4FBE3D2D7A94B41,Restaurante la Parroquia Potosina,San Luis Potosí,San Luis Potosí,Wine-Beer,section,no_accessibility,3,1,1.75,1.75,1.75,4,1.0,Contemporary,3.0,U1136,1,1,2,1,0,1,"22.149689,-100.999525"
135018,18.859803,-99.222164,0101000020957F0000C015D38251795AC1D8D396893A554A41,El Oceano Dorado,Cuernavaca,Morelos,Full_Bar,permitted,completely,2,1,1.5,1.75,1.5,4,1.0,Mexican,4.0,U1030,2,2,2,1,0,1,"18.859803,-99.222164"
135018,18.859803,-99.222164,0101000020957F0000C015D38251795AC1D8D396893A554A41,El Oceano Dorado,Cuernavaca,Morelos,Full_Bar,permitted,completely,2,1,1.5,1.75,1.5,4,1.0,Mexican,4.0,U1012,2,2,2,1,0,1,"18.859803,-99.222164"
135018,18.859803,-99.222164,0101000020957F0000C015D38251795AC1D8D396893A554A41,El Oceano Dorado,Cuernavaca,Morelos,Full_Bar,permitted,completely,2,1,1.5,1.75,1.5,4,1.0,Mexican,4.0,U1117,1,1,1,1,0,1,"18.859803,-99.222164"
135018,18.859803,-99.222164,0101000020957F0000C015D38251795AC1D8D396893A554A41,El Oceano Dorado,Cuernavaca,Morelos,Full_Bar,permitted,completely,2,1,1.5,1.75,1.5,4,1.0,Mexican,4.0,U1035,1,2,1,1,0,1,"18.859803,-99.222164"
135064,22.154687,-100.996617,0101000020957F0000245028A70E4758C18E383571B7A84B41,Restaurante El Chivero S.A. de C.V.,San Luis Potosí,San Luis Potosí,No_Alcohol_Served,none,no_accessibility,3,1,0.8823529411764706,1.0588235294117647,0.7058823529411765,17,1.0,Mexican,3.0,U1134,2,2,2,1,1,0,"22.154687,-100.996617"
135064,22.154687,-100.996617,0101000020957F0000245028A70E4758C18E383571B7A84B41,Restaurante El Chivero S.A. de C.V.,San Luis Potosí,San Luis Potosí,No_Alcohol_Served,none,no_accessibility,3,1,0.8823529411764706,1.0588235294117647,0.7058823529411765,17,1.0,Mexican,3.0,U1036,2,2,1,1,1,0,"22.154687,-100.996617"
135064,22.154687,-100.996617,0101000020957F0000245028A70E4758C18E383571B7A84B41,Restaurante El Chivero S.A. de C.V.,San Luis Potosí,San Luis Potosí,No_Alcohol_Served,none,no_accessibility,3,1,0.8823529411764706,1.0588235294117647,0.7058823529411765,17,1.0,Mexican,3.0,U1106,2,2,2,1,1,0,"22.154687,-100.996617"
135064,22.154687,-100.996617,0101000020957F0000245028A70E4758C18E383571B7A84B41,Restaurante El Chivero S.A. de C.V.,San Luis Potosí,San Luis Potosí,No_Alcohol_Served,none,no_accessibility,3,1,0.8823529411764706,1.0588235294117647,0.7058823529411765,17,1.0,Mexican,3.0,U1045,0,0,0,1,1,0,"22.154687,-100.996617"
135064,22.154687,-100.996617,0101000020957F0000245028A70E4758C18E383571B7A84B41,Restaurante El Chivero S.A. de C.V.,San Luis Potosí,San Luis Potosí,No_Alcohol_Served,none,no_accessibility,3,1,0.8823529411764706,1.0588235294117647,0.7058823529411765,17,1.0,Mexican,3.0,U1095,1,1,1,1,1,0,"22.154687,-100.996617"
135064,22.154687,-100.996617,0101000020957F0000245028A70E4758C18E383571B7A84B41,Restaurante El Chivero S.A. de C.V.,San Luis Potosí,San Luis Potosí,No_Alcohol_Served,none,no_accessibility,3,1,0.8823529411764706,1.0588235294117647,0.7058823529411765,17,1.0,Mexican,3.0,U1122,1,1,1,1,1,0,"22.154687,-100.996617"
135064,22.154687,-100.996617,0101000020957F0000245028A70E4758C18E383571B7A84B41,Restaurante El Chivero S.A. de C.V.,San Luis Potosí,San Luis Potosí,No_Alcohol_Served,none,no_accessibility,3,1,0.8823529411764706,1.0588235294117647,0.7058823529411765,17,1.0,Mexican,3.0,U1089,1,1,1,1,1,0,"22.154687,-100.996617"
135064,22.154687,-100.996617,0101000020957F0000245028A70E4758C18E383571B7A84B41,Restaurante El Chivero S.A. de C.V.,San Luis Potosí,San Luis Potosí,No_Alcohol_Served,none,no_accessibility,3,1,0.8823529411764706,1.0588235294117647,0.7058823529411765,17,1.0,Mexican,3.0,U1003,0,0,0,1,1,0,"22.154687,-100.996617"
135064,22.154687,-100.996617,0101000020957F0000245028A70E4758C18E383571B7A84B41,Restaurante El Chivero S.A. de C.V.,San Luis Potosí,San Luis Potosí,No_Alcohol_Served,none,no_accessibility,3,1,0.8823529411764706,1.0588235294117647,0.7058823529411765,17,1.0,Mexican,3.0,U1059,1,1,0,1,1,0,"22.154687,-100.996617"
135064,22.154687,-100.996617,0101000020957F0000245028A70E4758C18E383571B7A84B41,Restaurante El Chivero S.A. de C.V.,San Luis Potosí,San Luis Potosí,No_Alcohol_Served,none,no_accessibility,3,1,0.8823529411764706,1.0588235294117647,0.7058823529411765,17,1.0,Mexican,3.0,U1112,0,1,1,1,1,0,"22.154687,-100.996617"
135064,22.154687,-100.996617,0101000020957F0000245028A70E4758C18E383571B7A84B41,Restaurante El Chivero S.A. de C.V.,San Luis Potosí,San Luis Potosí,No_Alcohol_Served,none,no_accessibility,3,1,0.8823529411764706,1.0588235294117647,0.7058823529411765,17,1.0,Mexican,3.0,U1057,1,1,0,1,1,0,"22.154687,-100.996617"
135064,22.154687,-100.996617,0101000020957F0000245028A70E4758C18E383571B7A84B41,Restaurante El Chivero S.A. de C.V.,San Luis Potosí,San Luis Potosí,No_Alcohol_Served,none,no_accessibility,3,1,0.8823529411764706,1.0588235294117647,0.7058823529411765,17,1.0,Mexican,3.0,U1025,2,2,2,1,1,0,"22.154687,-100.996617"
135064,22.154687,-100.996617,0101000020957F0000245028A70E4758C18E383571B7A84B41,Restaurante El Chivero S.A. de C.V.,San Luis Potosí,San Luis Potosí,No_Alcohol_Served,none,no_accessibility,3,1,0.8823529411764706,1.0588235294117647,0.7058823529411765,17,1.0,Mexican,3.0,U1128,0,0,0,1,1,0,"22.154687,-100.996617"
135064,22.154687,-100.996617,0101000020957F0000245028A70E4758C18E383571B7A84B41,Restaurante El Chivero S.A. de C.V.,San Luis Potosí,San Luis Potosí,No_Alcohol_Served,none,no_accessibility,3,1,0.8823529411764706,1.0588235294117647,0.7058823529411765,17,1.0,Mexican,3.0,U1073,0,0,0,1,1,0,"22.154687,-100.996617"
135064,22.154687,-100.996617,0101000020957F0000245028A70E4758C18E383571B7A84B41,Restaurante El Chivero S.A. de C.V.,San Luis Potosí,San Luis Potosí,No_Alcohol_Served,none,no_accessibility,3,1,0.8823529411764706,1.0588235294117647,0.7058823529411765,17,1.0,Mexican,3.0,U1096,1,1,0,1,1,0,"22.154687,-100.996617"
135064,22.154687,-100.996617,0101000020957F0000245028A70E4758C18E383571B7A84B41,Restaurante El Chivero S.A. de C.V.,San Luis Potosí,San Luis Potosí,No_Alcohol_Served,none,no_accessibility,3,1,0.8823529411764706,1.0588235294117647,0.7058823529411765,17,1.0,Mexican,3.0,U1136,1,1,1,1,1,0,"22.154687,-100.996617"
135064,22.154687,-100.996617,0101000020957F0000245028A70E4758C18E383571B7A84B41,Restaurante El Chivero S.A. de C.V.,San Luis Potosí,San Luis Potosí,No_Alcohol_Served,none,no_accessibility,3,1,0.8823529411764706,1.0588235294117647,0.7058823529411765,17,1.0,Mexican,3.0,U1010,0,2,0,1,1,0,"22.154687,-100.996617"
135038,22.155651,-100.977767,0101000020957F0000506149736E4758C1A8BC93DA48A34B41,Restaurant la Chalita,San Luis Potosí,San Luis Potosí,No_Alcohol_Served,section,no_accessibility,2,1,1.2083333333333333,1.1666666666666667,0.9583333333333334,24,1.0,Mexican,1.0,U1077,2,2,1,0,1,1,"22.155651,-100.977767"
135038,22.155651,-100.977767,0101000020957F0000506149736E4758C1A8BC93DA48A34B41,Restaurant la Chalita,San Luis Potosí,San Luis Potosí,No_Alcohol_Served,section,no_accessibility,2,1,1.2083333333333333,1.1666666666666667,0.9583333333333334,24,1.0,Mexican,1.0,U1053,2,1,2,0,1,1,"22.155651,-100.977767"
135038,22.155651,-100.977767,0101000020957F0000506149736E4758C1A8BC93DA48A34B41,Restaurant la Chalita,San Luis Potosí,San Luis Potosí,No_Alcohol_Served,section,no_accessibility,2,1,1.2083333333333333,1.1666666666666667,0.9583333333333334,24,1.0,Mexican,1.0,U1126,1,0,1,0,1,1,"22.155651,-100.977767"
135038,22.155651,-100.977767,0101000020957F0000506149736E4758C1A8BC93DA48A34B41,Restaurant la Chalita,San Luis Potosí,San Luis Potosí,No_Alcohol_Served,section,no_accessibility,2,1,1.2083333333333333,1.1666666666666667,0.9583333333333334,24,1.0,Mexican,1.0,U1125,2,2,1,0,1,1,"22.155651,-100.977767"
135038,22.155651,-100.977767,0101000020957F0000506149736E4758C1A8BC93DA48A34B41,Restaurant la Chalita,San Luis Potosí,San Luis Potosí,No_Alcohol_Served,section,no_accessibility,2,1,1.2083333333333333,1.1666666666666667,0.9583333333333334,24,1.0,Mexican,1.0,U1076,1,2,2,0,1,1,"22.155651,-100.977767"
135038,22.155651,-100.977767,0101000020957F0000506149736E4758C1A8BC93DA48A34B41,Restaurant la Chalita,San Luis Potosí,San Luis Potosí,No_Alcohol_Served,section,no_accessibility,2,1,1.2083333333333333,1.1666666666666667,0.9583333333333334,24,1.0,Mexican,1.0,U1022,2,1,2,0,1,1,"22.155651,-100.977767"
135038,22.155651,-100.977767,0101000020957F0000506149736E4758C1A8BC93DA48A34B41,Restaurant la Chalita,San Luis Potosí,San Luis Potosí,No_Alcohol_Served,section,no_accessibility,2,1,1.2083333333333333,1.1666666666666667,0.9583333333333334,24,1.0,Mexican,1.0,U1116,2,2,2,0,1,1,"22.155651,-100.977767"
135038,22.155651,-100.977767,0101000020957F0000506149736E4758C1A8BC93DA48A34B41,Restaurant la Chalita,San Luis Potosí,San Luis Potosí,No_Alcohol_Served,section,no_accessibility,2,1,1.2083333333333333,1.1666666666666667,0.9583333333333334,24,1.0,Mexican,1.0,U1024,1,1,0,0,1,1,"22.155651,-100.977767"
135038,22.155651,-100.977767,0101000020957F0000506149736E4758C1A8BC93DA48A34B41,Restaurant la Chalita,San Luis Potosí,San Luis Potosí,No_Alcohol_Served,section,no_accessibility,2,1,1.2083333333333333,1.1666666666666667,0.9583333333333334,24,1.0,Mexican,1.0,U1132,1,1,1,0,1,1,"22.155651,-100.977767"
135038,22.155651,-100.977767,0101000020957F0000506149736E4758C1A8BC93DA48A34B41,Restaurant la Chalita,San Luis Potosí,San Luis Potosí,No_Alcohol_Served,section,no_accessibility,2,1,1.2083333333333333,1.1666666666666667,0.9583333333333334,24,1.0,Mexican,1.0,U1120,0,0,0,0,1,1,"22.155651,-100.977767"
135038,22.155651,-100.977767,0101000020957F0000506149736E4758C1A8BC93DA48A34B41,Restaurant la Chalita,San Luis Potosí,San Luis Potosí,No_Alcohol_Served,section,no_accessibility,2,1,1.2083333333333333,1.1666666666666667,0.9583333333333334,24,1.0,Mexican,1.0,U1019,0,0,0,0,1,1,"22.155651,-100.977767"
135038,22.155651,-100.977767,0101000020957F0000506149736E4758C1A8BC93DA48A34B41,Restaurant la Chalita,San Luis Potosí,San Luis Potosí,No_Alcohol_Served,section,no_accessibility,2,1,1.2083333333333333,1.1666666666666667,0.9583333333333334,24,1.0,Mexican,1.0,U1113,1,2,0,0,1,1,"22.155651,-100.977767"
135038,22.155651,-100.977767,0101000020957F0000506149736E4758C1A8BC93DA48A34B41,Restaurant la Chalita,San Luis Potosí,San Luis Potosí,No_Alcohol_Served,section,no_accessibility,2,1,1.2083333333333333,1.1666666666666667,0.9583333333333334,24,1.0,Mexican,1.0,U1009,2,2,2,0,1,1,"22.155651,-100.977767"
135038,22.155651,-100.977767,0101000020957F0000506149736E4758C1A8BC93DA48A34B41,Restaurant la Chalita,San Luis Potosí,San Luis Potosí,No_Alcohol_Served,section,no_accessibility,2,1,1.2083333333333333,1.1666666666666667,0.9583333333333334,24,1.0,Mexican,1.0,U1007,1,1,0,0,1,1,"22.155651,-100.977767"
135038,22.155651,-100.977767,0101000020957F0000506149736E4758C1A8BC93DA48A34B41,Restaurant la Chalita,San Luis Potosí,San Luis Potosí,No_Alcohol_Served,section,no_accessibility,2,1,1.2083333333333333,1.1666666666666667,0.9583333333333334,24,1.0,Mexican,1.0,U1099,0,1,1,0,1,1,"22.155651,-100.977767"
135038,22.155651,-100.977767,0101000020957F0000506149736E4758C1A8BC93DA48A34B41,Restaurant la Chalita,San Luis Potosí,San Luis Potosí,No_Alcohol_Served,section,no_accessibility,2,1,1.2083333333333333,1.1666666666666667,0.9583333333333334,24,1.0,Mexican,1.0,U1054,2,1,1,0,1,1,"22.155651,-100.977767"
135038,22.155651,-100.977767,0101000020957F0000506149736E4758C1A8BC93DA48A34B41,Restaurant la Chalita,San Luis Potosí,San Luis Potosí,No_Alcohol_Served,section,no_accessibility,2,1,1.2083333333333333,1.1666666666666667,0.9583333333333334,24,1.0,Mexican,1.0,U1101,2,2,1,0,1,1,"22.155651,-100.977767"
135038,22.155651,-100.977767,0101000020957F0000506149736E4758C1A8BC93DA48A34B41,Restaurant la Chalita,San Luis Potosí,San Luis Potosí,No_Alcohol_Served,section,no_accessibility,2,1,1.2083333333333333,1.1666666666666667,0.9583333333333334,24,1.0,Mexican,1.0,U1032,1,1,0,0,1,1,"22.155651,-100.977767"
135038,22.155651,-100.977767,0101000020957F0000506149736E4758C1A8BC93DA48A34B41,Restaurant la Chalita,San Luis Potosí,San Luis Potosí,No_Alcohol_Served,section,no_accessibility,2,1,1.2083333333333333,1.1666666666666667,0.9583333333333334,24,1.0,Mexican,1.0,U1062,0,0,0,0,1,1,"22.155651,-100.977767"
135038,22.155651,-100.977767,0101000020957F0000506149736E4758C1A8BC93DA48A34B41,Restaurant la Chalita,San Luis Potosí,San Luis Potosí,No_Alcohol_Served,section,no_accessibility,2,1,1.2083333333333333,1.1666666666666667,0.9583333333333334,24,1.0,Mexican,1.0,U1109,2,2,2,0,1,1,"22.155651,-100.977767"
135038,22.155651,-100.977767,0101000020957F0000506149736E4758C1A8BC93DA48A34B41,Restaurant la Chalita,San Luis Potosí,San Luis Potosí,No_Alcohol_Served,section,no_accessibility,2,1,1.2083333333333333,1.1666666666666667,0.9583333333333334,24,1.0,Mexican,1.0,U1122,2,2,2,0,1,1,"22.155651,-100.977767"
135038,22.155651,-100.977767,0101000020957F0000506149736E4758C1A8BC93DA48A34B41,Restaurant la Chalita,San Luis Potosí,San Luis Potosí,No_Alcohol_Served,section,no_accessibility,2,1,1.2083333333333333,1.1666666666666667,0.9583333333333334,24,1.0,Mexican,1.0,U1098,1,1,1,0,1,1,"22.155651,-100.977767"
135038,22.155651,-100.977767,0101000020957F0000506149736E4758C1A8BC93DA48A34B41,Restaurant la Chalita,San Luis Potosí,San Luis Potosí,No_Alcohol_Served,section,no_accessibility,2,1,1.2083333333333333,1.1666666666666667,0.9583333333333334,24,1.0,Mexican,1.0,U1033,1,1,1,0,1,1,"22.155651,-100.977767"
135038,22.155651,-100.977767,0101000020957F0000506149736E4758C1A8BC93DA48A34B41,Restaurant la Chalita,San Luis Potosí,San Luis Potosí,No_Alcohol_Served,section,no_accessibility,2,1,1.2083333333333333,1.1666666666666667,0.9583333333333334,24,1.0,Mexican,1.0,U1089,0,0,0,0,1,1,"22.155651,-100.977767"
135081,22.164842,-100.960493,0101000020957F00006ADAD289804658C168CABB6BD09D4B41,El Club,San Luis Potosí,San Luis Potosí,No_Alcohol_Served,none,no_accessibility,2,1,1.1818181818181819,1.4545454545454546,1.2727272727272727,11,1.0,Mexican,3.0,U1053,2,2,1,0,0,0,"22.164842,-100.960493"
135081,22.164842,-100.960493,0101000020957F00006ADAD289804658C168CABB6BD09D4B41,El Club,San Luis Potosí,San Luis Potosí,No_Alcohol_Served,none,no_accessibility,2,1,1.1818181818181819,1.4545454545454546,1.2727272727272727,11,1.0,Mexican,3.0,U1014,2,1,1,0,0,0,"22.164842,-100.960493"
135081,22.164842,-100.960493,0101000020957F00006ADAD289804658C168CABB6BD09D4B41,El Club,San Luis Potosí,San Luis Potosí,No_Alcohol_Served,none,no_accessibility,2,1,1.1818181818181819,1.4545454545454546,1.2727272727272727,11,1.0,Mexican,3.0,U1088,1,2,2,0,0,0,"22.164842,-100.960493"
135081,22.164842,-100.960493,0101000020957F00006ADAD289804658C168CABB6BD09D4B41,El Club,San Luis Potosí,San Luis Potosí,No_Alcohol_Served,none,no_accessibility,2,1,1.1818181818181819,1.4545454545454546,1.2727272727272727,11,1.0,Mexican,3.0,U1056,2,2,2,0,0,0,"22.164842,-100.960493"
135081,22.164842,-100.960493,0101000020957F00006ADAD289804658C168CABB6BD09D4B41,El Club,San Luis Potosí,San Luis Potosí,No_Alcohol_Served,none,no_accessibility,2,1,1.1818181818181819,1.4545454545454546,1.2727272727272727,11,1.0,Mexican,3.0,U1124,1,1,0,0,0,0,"22.164842,-100.960493"
135081,22.164842,-100.960493,0101000020957F00006ADAD289804658C168CABB6BD09D4B41,El Club,San Luis Potosí,San Luis Potosí,No_Alcohol_Served,none,no_accessibility,2,1,1.1818181818181819,1.4545454545454546,1.2727272727272727,11,1.0,Mexican,3.0,U1125,0,0,2,0,0,0,"22.164842,-100.960493"
135081,22.164842,-100.960493,0101000020957F00006ADAD289804658C168CABB6BD09D4B41,El Club,San Luis Potosí,San Luis Potosí,No_Alcohol_Served,none,no_accessibility,2,1,1.1818181818181819,1.4545454545454546,1.2727272727272727,11,1.0,Mexican,3.0,U1018,1,1,1,0,0,0,"22.164842,-100.960493"
135081,22.164842,-100.960493,0101000020957F00006ADAD289804658C168CABB6BD09D4B41,El Club,San Luis Potosí,San Luis Potosí,No_Alcohol_Served,none,no_accessibility,2,1,1.1818181818181819,1.4545454545454546,1.2727272727272727,11,1.0,Mexican,3.0,U1022,0,2,1,0,0,0,"22.164842,-100.960493"
135081,22.164842,-100.960493,0101000020957F00006ADAD289804658C168CABB6BD09D4B41,El Club,San Luis Potosí,San Luis Potosí,No_Alcohol_Served,none,no_accessibility,2,1,1.1818181818181819,1.4545454545454546,1.2727272727272727,11,1.0,Mexican,3.0,U1075,1,2,1,0,0,0,"22.164842,-100.960493"
135081,22.164842,-100.960493,0101000020957F00006ADAD289804658C168CABB6BD09D4B41,El Club,San Luis Potosí,San Luis Potosí,No_Alcohol_Served,none,no_accessibility,2,1,1.1818181818181819,1.4545454545454546,1.2727272727272727,11,1.0,Mexican,3.0,U1085,2,2,2,0,0,0,"22.164842,-100.960493"
135081,22.164842,-100.960493,0101000020957F00006ADAD289804658C168CABB6BD09D4B41,El Club,San Luis Potosí,San Luis Potosí,No_Alcohol_Served,none,no_accessibility,2,1,1.1818181818181819,1.4545454545454546,1.2727272727272727,11,1.0,Mexican,3.0,U1078,1,1,1,0,0,0,"22.164842,-100.960493"
132723,22.1489337,-101.019845,0101000020957F0000B366C9254B4758C191987F9CAEAF4B41,Gordas de morales,Desconocida,San Luis Potosí,Full_Bar,section,completely,2,1,1.4166666666666667,1.3333333333333333,1.25,12,1.0,Mexican,2.0,U1083,1,1,1,1,1,1,"22.1489337,-101.019845"
132723,22.1489337,-101.019845,0101000020957F0000B366C9254B4758C191987F9CAEAF4B41,Gordas de morales,Desconocida,San Luis Potosí,Full_Bar,section,completely,2,1,1.4166666666666667,1.3333333333333333,1.25,12,1.0,Mexican,2.0,U1108,2,2,2,1,1,1,"22.1489337,-101.019845"
132723,22.1489337,-101.019845,0101000020957F0000B366C9254B4758C191987F9CAEAF4B41,Gordas de morales,Desconocida,San Luis Potosí,Full_Bar,section,completely,2,1,1.4166666666666667,1.3333333333333333,1.25,12,1.0,Mexican,2.0,U1084,1,0,1,1,1,1,"22.1489337,-101.019845"
132723,22.1489337,-101.019845,0101000020957F0000B366C9254B4758C191987F9CAEAF4B41,Gordas de morales,Desconocida,San Luis Potosí,Full_Bar,section,completely,2,1,1.4166666666666667,1.3333333333333333,1.25,12,1.0,Mexican,2.0,U1034,1,0,1,1,1,1,"22.1489337,-101.019845"
132723,22.1489337,-101.019845,0101000020957F0000B366C9254B4758C191987F9CAEAF4B41,Gordas de morales,Desconocida,San Luis Potosí,Full_Bar,section,completely,2,1,1.4166666666666667,1.3333333333333333,1.25,12,1.0,Mexican,2.0,U1095,2,2,2,1,1,1,"22.1489337,-101.019845"
132723,22.1489337,-101.019845,0101000020957F0000B366C9254B4758C191987F9CAEAF4B41,Gordas de morales,Desconocida,San Luis Potosí,Full_Bar,section,completely,2,1,1.4166666666666667,1.3333333333333333,1.25,12,1.0,Mexican,2.0,U1048,2,2,2,1,1,1,"22.1489337,-101.019845"
132723,22.1489337,-101.019845,0101000020957F0000B366C9254B4758C191987F9CAEAF4B41,Gordas de morales,Desconocida,San Luis Potosí,Full_Bar,section,completely,2,1,1.4166666666666667,1.3333333333333333,1.25,12,1.0,Mexican,2.0,U1092,1,1,1,1,1,1,"22.1489337,-101.019845"
132723,22.1489337,-101.019845,0101000020957F0000B366C9254B4758C191987F9CAEAF4B41,Gordas de morales,Desconocida,San Luis Potosí,Full_Bar,section,completely,2,1,1.4166666666666667,1.3333333333333333,1.25,12,1.0,Mexican,2.0,U1003,2,2,1,1,1,1,"22.1489337,-101.019845"
132723,22.1489337,-101.019845,0101000020957F0000B366C9254B4758C191987F9CAEAF4B41,Gordas de morales,Desconocida,San Luis Potosí,Full_Bar,section,completely,2,1,1.4166666666666667,1.3333333333333333,1.25,12,1.0,Mexican,2.0,U1137,2,2,2,1,1,1,"22.1489337,-101.019845"
132723,22.1489337,-101.019845,0101000020957F0000B366C9254B4758C191987F9CAEAF4B41,Gordas de morales,Desconocida,San Luis Potosí,Full_Bar,section,completely,2,1,1.4166666666666667,1.3333333333333333,1.25,12,1.0,Mexican,2.0,U1114,0,0,0,1,1,1,"22.1489337,-101.019845"
132723,22.1489337,-101.019845,0101000020957F0000B366C9254B4758C191987F9CAEAF4B41,Gordas de morales,Desconocida,San Luis Potosí,Full_Bar,section,completely,2,1,1.4166666666666667,1.3333333333333333,1.25,12,1.0,Mexican,2.0,U1061,2,2,1,1,1,1,"22.1489337,-101.019845"
132723,22.1489337,-101.019845,0101000020957F0000B366C9254B4758C191987F9CAEAF4B41,Gordas de morales,Desconocida,San Luis Potosí,Full_Bar,section,completely,2,1,1.4166666666666667,1.3333333333333333,1.25,12,1.0,Mexican,2.0,U1096,1,2,1,1,1,1,"22.1489337,-101.019845"
135051,22.151189,-100.977058,0101000020957F0000D6537C4C224858C1DED7F6EB58A34B41,Restaurante Versalles,San Luis Potosí,San Luis Potosí,No_Alcohol_Served,section,no_accessibility,1,1,1.4285714285714286,1.2857142857142858,1.0714285714285714,14,1.0,Mexican,1.0,U1055,1,2,2,0,1,1,"22.151189,-100.977058"
135051,22.151189,-100.977058,0101000020957F0000D6537C4C224858C1DED7F6EB58A34B41,Restaurante Versalles,San Luis Potosí,San Luis Potosí,No_Alcohol_Served,section,no_accessibility,1,1,1.4285714285714286,1.2857142857142858,1.0714285714285714,14,1.0,Mexican,1.0,U1088,2,1,2,0,1,1,"22.151189,-100.977058"
135051,22.151189,-100.977058,0101000020957F0000D6537C4C224858C1DED7F6EB58A34B41,Restaurante Versalles,San Luis Potosí,San Luis Potosí,No_Alcohol_Served,section,no_accessibility,1,1,1.4285714285714286,1.2857142857142858,1.0714285714285714,14,1.0,Mexican,1.0,U1056,2,2,2,0,1,1,"22.151189,-100.977058"
135051,22.151189,-100.977058,0101000020957F0000D6537C4C224858C1DED7F6EB58A34B41,Restaurante Versalles,San Luis Potosí,San Luis Potosí,No_Alcohol_Served,section,no_accessibility,1,1,1.4285714285714286,1.2857142857142858,1.0714285714285714,14,1.0,Mexican,1.0,U1022,2,1,1,0,1,1,"22.151189,-100.977058"
135051,22.151189,-100.977058,0101000020957F0000D6537C4C224858C1DED7F6EB58A34B41,Restaurante Versalles,San Luis Potosí,San Luis Potosí,No_Alcohol_Served,section,no_accessibility,1,1,1.4285714285714286,1.2857142857142858,1.0714285714285714,14,1.0,Mexican,1.0,U1075,1,1,1,0,1,1,"22.151189,-100.977058"
135051,22.151189,-100.977058,0101000020957F0000D6537C4C224858C1DED7F6EB58A34B41,Restaurante Versalles,San Luis Potosí,San Luis Potosí,No_Alcohol_Served,section,no_accessibility,1,1,1.4285714285714286,1.2857142857142858,1.0714285714285714,14,1.0,Mexican,1.0,U1024,1,1,0,0,1,1,"22.151189,-100.977058"
135051,22.151189,-100.977058,0101000020957F0000D6537C4C224858C1DED7F6EB58A34B41,Restaurante Versalles,San Luis Potosí,San Luis Potosí,No_Alcohol_Served,section,no_accessibility,1,1,1.4285714285714286,1.2857142857142858,1.0714285714285714,14,1.0,Mexican,1.0,U1132,1,1,0,0,1,1,"22.151189,-100.977058"
135051,22.151189,-100.977058,0101000020957F0000D6537C4C224858C1DED7F6EB58A34B41,Restaurante Versalles,San Luis Potosí,San Luis Potosí,No_Alcohol_Served,section,no_accessibility,1,1,1.4285714285714286,1.2857142857142858,1.0714285714285714,14,1.0,Mexican,1.0,U1045,2,2,2,0,1,1,"22.151189,-100.977058"
135051,22.151189,-100.977058,0101000020957F0000D6537C4C224858C1DED7F6EB58A34B41,Restaurante Versalles,San Luis Potosí,San Luis Potosí,No_Alcohol_Served,section,no_accessibility,1,1,1.4285714285714286,1.2857142857142858,1.0714285714285714,14,1.0,Mexican,1.0,U1016,2,2,0,0,1,1,"22.151189,-100.977058"
135051,22.151189,-100.977058,0101000020957F0000D6537C4C224858C1DED7F6EB58A34B41,Restaurante Versalles,San Luis Potosí,San Luis Potosí,No_Alcohol_Served,section,no_accessibility,1,1,1.4285714285714286,1.2857142857142858,1.0714285714285714,14,1.0,Mexican,1.0,U1054,2,2,0,0,1,1,"22.151189,-100.977058"
135051,22.151189,-100.977058,0101000020957F0000D6537C4C224858C1DED7F6EB58A34B41,Restaurante Versalles,San Luis Potosí,San Luis Potosí,No_Alcohol_Served,section,no_accessibility,1,1,1.4285714285714286,1.2857142857142858,1.0714285714285714,14,1.0,Mexican,1.0,U1101,2,0,2,0,1,1,"22.151189,-100.977058"
135051,22.151189,-100.977058,0101000020957F0000D6537C4C224858C1DED7F6EB58A34B41,Restaurante Versalles,San Luis Potosí,San Luis Potosí,No_Alcohol_Served,section,no_accessibility,1,1,1.4285714285714286,1.2857142857142858,1.0714285714285714,14,1.0,Mexican,1.0,U1001,1,1,2,0,1,1,"22.151189,-100.977058"
135051,22.151189,-100.977058,0101000020957F0000D6537C4C224858C1DED7F6EB58A34B41,Restaurante Versalles,San Luis Potosí,San Luis Potosí,No_Alcohol_Served,section,no_accessibility,1,1,1.4285714285714286,1.2857142857142858,1.0714285714285714,14,1.0,Mexican,1.0,U1090,1,2,1,0,1,1,"22.151189,-100.977058"
135051,22.151189,-100.977058,0101000020957F0000D6537C4C224858C1DED7F6EB58A34B41,Restaurante Versalles,San Luis Potosí,San Luis Potosí,No_Alcohol_Served,section,no_accessibility,1,1,1.4285714285714286,1.2857142857142858,1.0714285714285714,14,1.0,Mexican,1.0,U1049,0,0,0,0,1,1,"22.151189,-100.977058"
135021,18.933537,-99.222497,0101000020957F00005645259D836D5AC11EF994E27F514A41,Subway,Cuernavaca,Morelos,No_Alcohol_Served,not permitted,no_accessibility,1,0,1.3333333333333333,1.1111111111111112,0.6666666666666666,9,1.0,Fast_Food,1.0,U1127,2,1,1,1,0,1,"18.933537,-99.222497"
135021,18.933537,-99.222497,0101000020957F00005645259D836D5AC11EF994E27F514A41,Subway,Cuernavaca,Morelos,No_Alcohol_Served,not permitted,no_accessibility,1,0,1.3333333333333333,1.1111111111111112,0.6666666666666666,9,1.0,Fast_Food,1.0,U1100,2,1,0,1,0,1,"18.933537,-99.222497"
135021,18.933537,-99.222497,0101000020957F00005645259D836D5AC11EF994E27F514A41,Subway,Cuernavaca,Morelos,No_Alcohol_Served,not permitted,no_accessibility,1,0,1.3333333333333333,1.1111111111111112,0.6666666666666666,9,1.0,Fast_Food,1.0,U1133,2,2,2,1,0,1,"18.933537,-99.222497"
135021,18.933537,-99.222497,0101000020957F00005645259D836D5AC11EF994E27F514A41,Subway,Cuernavaca,Morelos,No_Alcohol_Served,not permitted,no_accessibility,1,0,1.3333333333333333,1.1111111111111112,0.6666666666666666,9,1.0,Fast_Food,1.0,U1118,2,0,0,1,0,1,"18.933537,-99.222497"
135021,18.933537,-99.222497,0101000020957F00005645259D836D5AC11EF994E27F514A41,Subway,Cuernavaca,Morelos,No_Alcohol_Served,not permitted,no_accessibility,1,0,1.3333333333333333,1.1111111111111112,0.6666666666666666,9,1.0,Fast_Food,1.0,U1119,0,0,0,1,0,1,"18.933537,-99.222497"
135021,18.933537,-99.222497,0101000020957F00005645259D836D5AC11EF994E27F514A41,Subway,Cuernavaca,Morelos,No_Alcohol_Served,not permitted,no_accessibility,1,0,1.3333333333333333,1.1111111111111112,0.6666666666666666,9,1.0,Fast_Food,1.0,U1121,0,0,0,1,0,1,"18.933537,-99.222497"
135021,18.933537,-99.222497,0101000020957F00005645259D836D5AC11EF994E27F514A41,Subway,Cuernavaca,Morelos,No_Alcohol_Served,not permitted,no_accessibility,1,0,1.3333333333333333,1.1111111111111112,0.6666666666666666,9,1.0,Fast_Food,1.0,U1110,1,2,1,1,0,1,"18.933537,-99.222497"
135021,18.933537,-99.222497,0101000020957F00005645259D836D5AC11EF994E27F514A41,Subway,Cuernavaca,Morelos,No_Alcohol_Served,not permitted,no_accessibility,1,0,1.3333333333333333,1.1111111111111112,0.6666666666666666,9,1.0,Fast_Food,1.0,U1042,1,2,0,1,0,1,"18.933537,-99.222497"
135021,18.933537,-99.222497,0101000020957F00005645259D836D5AC11EF994E27F514A41,Subway,Cuernavaca,Morelos,No_Alcohol_Served,not permitted,no_accessibility,1,0,1.3333333333333333,1.1111111111111112,0.6666666666666666,9,1.0,Fast_Food,1.0,U1041,2,2,2,1,0,1,"18.933537,-99.222497"
135052,22.150981,-100.977412,0101000020957F0000B72147F1274858C189A406ED75A34B41,La Cantina Restaurante,San Luis Potosí,San Luis Potosí,Full_Bar,none,no_accessibility,3,1,1.28,1.16,1.16,25,2.0,Bar,3.0,U1064,2,0,2,0,1,1,"22.150981,-100.977412"
135052,22.150981,-100.977412,0101000020957F0000B72147F1274858C189A406ED75A34B41,La Cantina Restaurante,San Luis Potosí,San Luis Potosí,Full_Bar,none,no_accessibility,3,1,1.28,1.16,1.16,25,2.0,Bar,3.0,U1081,0,1,1,0,1,1,"22.150981,-100.977412"
135052,22.150981,-100.977412,0101000020957F0000B72147F1274858C189A406ED75A34B41,La Cantina Restaurante,San Luis Potosí,San Luis Potosí,Full_Bar,none,no_accessibility,3,1,1.28,1.16,1.16,25,2.0,Bar,3.0,U1056,2,2,2,0,1,1,"22.150981,-100.977412"
135052,22.150981,-100.977412,0101000020957F0000B72147F1274858C189A406ED75A34B41,La Cantina Restaurante,San Luis Potosí,San Luis Potosí,Full_Bar,none,no_accessibility,3,1,1.28,1.16,1.16,25,2.0,Bar,3.0,U1126,2,1,1,0,1,1,"22.150981,-100.977412"
135052,22.150981,-100.977412,0101000020957F0000B72147F1274858C189A406ED75A34B41,La Cantina Restaurante,San Luis Potosí,San Luis Potosí,Full_Bar,none,no_accessibility,3,1,1.28,1.16,1.16,25,2.0,Bar,3.0,U1022,2,2,2,0,1,1,"22.150981,-100.977412"
135052,22.150981,-100.977412,0101000020957F0000B72147F1274858C189A406ED75A34B41,La Cantina Restaurante,San Luis Potosí,San Luis Potosí,Full_Bar,none,no_accessibility,3,1,1.28,1.16,1.16,25,2.0,Bar,3.0,U1116,2,2,2,0,1,1,"22.150981,-100.977412"
135052,22.150981,-100.977412,0101000020957F0000B72147F1274858C189A406ED75A34B41,La Cantina Restaurante,San Luis Potosí,San Luis Potosí,Full_Bar,none,no_accessibility,3,1,1.28,1.16,1.16,25,2.0,Bar,3.0,U1105,0,0,0,0,1,1,"22.150981,-100.977412"
135052,22.150981,-100.977412,0101000020957F0000B72147F1274858C189A406ED75A34B41,La Cantina Restaurante,San Luis Potosí,San Luis Potosí,Full_Bar,none,no_accessibility,3,1,1.28,1.16,1.16,25,2.0,Bar,3.0,U1132,2,2,2,0,1,1,"22.150981,-100.977412"
135052,22.150981,-100.977412,0101000020957F0000B72147F1274858C189A406ED75A34B41,La Cantina Restaurante,San Luis Potosí,San Luis Potosí,Full_Bar,none,no_accessibility,3,1,1.28,1.16,1.16,25,2.0,Bar,3.0,U1036,2,2,2,0,1,1,"22.150981,-100.977412"
135052,22.150981,-100.977412,0101000020957F0000B72147F1274858C189A406ED75A34B41,La Cantina Restaurante,San Luis Potosí,San Luis Potosí,Full_Bar,none,no_accessibility,3,1,1.28,1.16,1.16,25,2.0,Bar,3.0,U1071,2,2,2,0,1,1,"22.150981,-100.977412"
135052,22.150981,-100.977412,0101000020957F0000B72147F1274858C189A406ED75A34B41,La Cantina Restaurante,San Luis Potosí,San Luis Potosí,Full_Bar,none,no_accessibility,3,1,1.28,1.16,1.16,25,2.0,Bar,3.0,U1106,0,0,0,0,1,1,"22.150981,-100.977412"
135052,22.150981,-100.977412,0101000020957F0000B72147F1274858C189A406ED75A34B41,La Cantina Restaurante,San Luis Potosí,San Luis Potosí,Full_Bar,none,no_accessibility,3,1,1.28,1.16,1.16,25,2.0,Bar,3.0,U1104,1,1,1,0,1,1,"22.150981,-100.977412"
135052,22.150981,-100.977412,0101000020957F0000B72147F1274858C189A406ED75A34B41,La Cantina Restaurante,San Luis Potosí,San Luis Potosí,Full_Bar,none,no_accessibility,3,1,1.28,1.16,1.16,25,2.0,Bar,3.0,U1045,1,2,2,0,1,1,"22.150981,-100.977412"
135052,22.150981,-100.977412,0101000020957F0000B72147F1274858C189A406ED75A34B41,La Cantina Restaurante,San Luis Potosí,San Luis Potosí,Full_Bar,none,no_accessibility,3,1,1.28,1.16,1.16,25,2.0,Bar,3.0,U1009,2,1,0,0,1,1,"22.150981,-100.977412"
135052,22.150981,-100.977412,0101000020957F0000B72147F1274858C189A406ED75A34B41,La Cantina Restaurante,San Luis Potosí,San Luis Potosí,Full_Bar,none,no_accessibility,3,1,1.28,1.16,1.16,25,2.0,Bar,3.0,U1016,2,2,2,0,1,1,"22.150981,-100.977412"
135052,22.150981,-100.977412,0101000020957F0000B72147F1274858C189A406ED75A34B41,La Cantina Restaurante,San Luis Potosí,San Luis Potosí,Full_Bar,none,no_accessibility,3,1,1.28,1.16,1.16,25,2.0,Bar,3.0,U1054,2,2,1,0,1,1,"22.150981,-100.977412"
135052,22.150981,-100.977412,0101000020957F0000B72147F1274858C189A406ED75A34B41,La Cantina Restaurante,San Luis Potosí,San Luis Potosí,Full_Bar,none,no_accessibility,3,1,1.28,1.16,1.16,25,2.0,Bar,3.0,U1101,2,1,1,0,1,1,"22.150981,-100.977412"
135052,22.150981,-100.977412,0101000020957F0000B72147F1274858C189A406ED75A34B41,La Cantina Restaurante,San Luis Potosí,San Luis Potosí,Full_Bar,none,no_accessibility,3,1,1.28,1.16,1.16,25,2.0,Bar,3.0,U1135,0,0,0,0,1,1,"22.150981,-100.977412"
135052,22.150981,-100.977412,0101000020957F0000B72147F1274858C189A406ED75A34B41,La Cantina Restaurante,San Luis Potosí,San Luis Potosí,Full_Bar,none,no_accessibility,3,1,1.28,1.16,1.16,25,2.0,Bar,3.0,U1062,0,0,0,0,1,1,"22.150981,-100.977412"
135052,22.150981,-100.977412,0101000020957F0000B72147F1274858C189A406ED75A34B41,La Cantina Restaurante,San Luis Potosí,San Luis Potosí,Full_Bar,none,no_accessibility,3,1,1.28,1.16,1.16,25,2.0,Bar,3.0,U1078,2,2,2,0,1,1,"22.150981,-100.977412"
135052,22.150981,-100.977412,0101000020957F0000B72147F1274858C189A406ED75A34B41,La Cantina Restaurante,San Luis Potosí,San Luis Potosí,Full_Bar,none,no_accessibility,3,1,1.28,1.16,1.16,25,2.0,Bar,3.0,U1027,1,1,1,0,1,1,"22.150981,-100.977412"
135052,22.150981,-100.977412,0101000020957F0000B72147F1274858C189A406ED75A34B41,La Cantina Restaurante,San Luis Potosí,San Luis Potosí,Full_Bar,none,no_accessibility,3,1,1.28,1.16,1.16,25,2.0,Bar,3.0,U1090,2,2,2,0,1,1,"22.150981,-100.977412"
135052,22.150981,-100.977412,0101000020957F0000B72147F1274858C189A406ED75A34B41,La Cantina Restaurante,San Luis Potosí,San Luis Potosí,Full_Bar,none,no_accessibility,3,1,1.28,1.16,1.16,25,2.0,Bar,3.0,U1073,0,0,0,0,1,1,"22.150981,-100.977412"
135052,22.150981,-100.977412,0101000020957F0000B72147F1274858C189A406ED75A34B41,La Cantina Restaurante,San Luis Potosí,San Luis Potosí,Full_Bar,none,no_accessibility,3,1,1.28,1.16,1.16,25,2.0,Bar,3.0,U1049,0,0,0,0,1,1,"22.150981,-100.977412"
135052,22.150981,-100.977412,0101000020957F0000B72147F1274858C189A406ED75A34B41,La Cantina Restaurante,San Luis Potosí,San Luis Potosí,Full_Bar,none,no_accessibility,3,1,1.28,1.16,1.16,25,2.0,Bar,3.0,U1002,1,1,1,0,1,1,"22.150981,-100.977412"
135052,22.150981,-100.977412,0101000020957F0000B72147F1274858C189A406ED75A34B41,La Cantina Restaurante,San Luis Potosí,San Luis Potosí,Full_Bar,none,no_accessibility,3,1,1.28,1.16,1.16,25,2.0,Bar_Pub_Brewery,3.0,U1064,2,0,2,0,1,1,"22.150981,-100.977412"
135052,22.150981,-100.977412,0101000020957F0000B72147F1274858C189A406ED75A34B41,La Cantina Restaurante,San Luis Potosí,San Luis Potosí,Full_Bar,none,no_accessibility,3,1,1.28,1.16,1.16,25,2.0,Bar_Pub_Brewery,3.0,U1081,0,1,1,0,1,1,"22.150981,-100.977412"
135052,22.150981,-100.977412,0101000020957F0000B72147F1274858C189A406ED75A34B41,La Cantina Restaurante,San Luis Potosí,San Luis Potosí,Full_Bar,none,no_accessibility,3,1,1.28,1.16,1.16,25,2.0,Bar_Pub_Brewery,3.0,U1056,2,2,2,0,1,1,"22.150981,-100.977412"
135052,22.150981,-100.977412,0101000020957F0000B72147F1274858C189A406ED75A34B41,La Cantina Restaurante,San Luis Potosí,San Luis Potosí,Full_Bar,none,no_accessibility,3,1,1.28,1.16,1.16,25,2.0,Bar_Pub_Brewery,3.0,U1126,2,1,1,0,1,1,"22.150981,-100.977412"
135052,22.150981,-100.977412,0101000020957F0000B72147F1274858C189A406ED75A34B41,La Cantina Restaurante,San Luis Potosí,San Luis Potosí,Full_Bar,none,no_accessibility,3,1,1.28,1.16,1.16,25,2.0,Bar_Pub_Brewery,3.0,U1022,2,2,2,0,1,1,"22.150981,-100.977412"
135052,22.150981,-100.977412,0101000020957F0000B72147F1274858C189A406ED75A34B41,La Cantina Restaurante,San Luis Potosí,San Luis Potosí,Full_Bar,none,no_accessibility,3,1,1.28,1.16,1.16,25,2.0,Bar_Pub_Brewery,3.0,U1116,2,2,2,0,1,1,"22.150981,-100.977412"
135052,22.150981,-100.977412,0101000020957F0000B72147F1274858C189A406ED75A34B41,La Cantina Restaurante,San Luis Potosí,San Luis Potosí,Full_Bar,none,no_accessibility,3,1,1.28,1.16,1.16,25,2.0,Bar_Pub_Brewery,3.0,U1105,0,0,0,0,1,1,"22.150981,-100.977412"
135052,22.150981,-100.977412,0101000020957F0000B72147F1274858C189A406ED75A34B41,La Cantina Restaurante,San Luis Potosí,San Luis Potosí,Full_Bar,none,no_accessibility,3,1,1.28,1.16,1.16,25,2.0,Bar_Pub_Brewery,3.0,U1132,2,2,2,0,1,1,"22.150981,-100.977412"
135052,22.150981,-100.977412,0101000020957F0000B72147F1274858C189A406ED75A34B41,La Cantina Restaurante,San Luis Potosí,San Luis Potosí,Full_Bar,none,no_accessibility,3,1,1.28,1.16,1.16,25,2.0,Bar_Pub_Brewery,3.0,U1036,2,2,2,0,1,1,"22.150981,-100.977412"
135052,22.150981,-100.977412,0101000020957F0000B72147F1274858C189A406ED75A34B41,La Cantina Restaurante,San Luis Potosí,San Luis Potosí,Full_Bar,none,no_accessibility,3,1,1.28,1.16,1.16,25,2.0,Bar_Pub_Brewery,3.0,U1071,2,2,2,0,1,1,"22.150981,-100.977412"
135052,22.150981,-100.977412,0101000020957F0000B72147F1274858C189A406ED75A34B41,La Cantina Restaurante,San Luis Potosí,San Luis Potosí,Full_Bar,none,no_accessibility,3,1,1.28,1.16,1.16,25,2.0,Bar_Pub_Brewery,3.0,U1106,0,0,0,0,1,1,"22.150981,-100.977412"
135052,22.150981,-100.977412,0101000020957F0000B72147F1274858C189A406ED75A34B41,La Cantina Restaurante,San Luis Potosí,San Luis Potosí,Full_Bar,none,no_accessibility,3,1,1.28,1.16,1.16,25,2.0,Bar_Pub_Brewery,3.0,U1104,1,1,1,0,1,1,"22.150981,-100.977412"
135052,22.150981,-100.977412,0101000020957F0000B72147F1274858C189A406ED75A34B41,La Cantina Restaurante,San Luis Potosí,San Luis Potosí,Full_Bar,none,no_accessibility,3,1,1.28,1.16,1.16,25,2.0,Bar_Pub_Brewery,3.0,U1045,1,2,2,0,1,1,"22.150981,-100.977412"
135052,22.150981,-100.977412,0101000020957F0000B72147F1274858C189A406ED75A34B41,La Cantina Restaurante,San Luis Potosí,San Luis Potosí,Full_Bar,none,no_accessibility,3,1,1.28,1.16,1.16,25,2.0,Bar_Pub_Brewery,3.0,U1009,2,1,0,0,1,1,"22.150981,-100.977412"
135052,22.150981,-100.977412,0101000020957F0000B72147F1274858C189A406ED75A34B41,La Cantina Restaurante,San Luis Potosí,San Luis Potosí,Full_Bar,none,no_accessibility,3,1,1.28,1.16,1.16,25,2.0,Bar_Pub_Brewery,3.0,U1016,2,2,2,0,1,1,"22.150981,-100.977412"
135052,22.150981,-100.977412,0101000020957F0000B72147F1274858C189A406ED75A34B41,La Cantina Restaurante,San Luis Potosí,San Luis Potosí,Full_Bar,none,no_accessibility,3,1,1.28,1.16,1.16,25,2.0,Bar_Pub_Brewery,3.0,U1054,2,2,1,0,1,1,"22.150981,-100.977412"
135052,22.150981,-100.977412,0101000020957F0000B72147F1274858C189A406ED75A34B41,La Cantina Restaurante,San Luis Potosí,San Luis Potosí,Full_Bar,none,no_accessibility,3,1,1.28,1.16,1.16,25,2.0,Bar_Pub_Brewery,3.0,U1101,2,1,1,0,1,1,"22.150981,-100.977412"
135052,22.150981,-100.977412,0101000020957F0000B72147F1274858C189A406ED75A34B41,La Cantina Restaurante,San Luis Potosí,San Luis Potosí,Full_Bar,none,no_accessibility,3,1,1.28,1.16,1.16,25,2.0,Bar_Pub_Brewery,3.0,U1135,0,0,0,0,1,1,"22.150981,-100.977412"
135052,22.150981,-100.977412,0101000020957F0000B72147F1274858C189A406ED75A34B41,La Cantina Restaurante,San Luis Potosí,San Luis Potosí,Full_Bar,none,no_accessibility,3,1,1.28,1.16,1.16,25,2.0,Bar_Pub_Brewery,3.0,U1062,0,0,0,0,1,1,"22.150981,-100.977412"
135052,22.150981,-100.977412,0101000020957F0000B72147F1274858C189A406ED75A34B41,La Cantina Restaurante,San Luis Potosí,San Luis Potosí,Full_Bar,none,no_accessibility,3,1,1.28,1.16,1.16,25,2.0,Bar_Pub_Brewery,3.0,U1078,2,2,2,0,1,1,"22.150981,-100.977412"
135052,22.150981,-100.977412,0101000020957F0000B72147F1274858C189A406ED75A34B41,La Cantina Restaurante,San Luis Potosí,San Luis Potosí,Full_Bar,none,no_accessibility,3,1,1.28,1.16,1.16,25,2.0,Bar_Pub_Brewery,3.0,U1027,1,1,1,0,1,1,"22.150981,-100.977412"
135052,22.150981,-100.977412,0101000020957F0000B72147F1274858C189A406ED75A34B41,La Cantina Restaurante,San Luis Potosí,San Luis Potosí,Full_Bar,none,no_accessibility,3,1,1.28,1.16,1.16,25,2.0,Bar_Pub_Brewery,3.0,U1090,2,2,2,0,1,1,"22.150981,-100.977412"
135052,22.150981,-100.977412,0101000020957F0000B72147F1274858C189A406ED75A34B41,La Cantina Restaurante,San Luis Potosí,San Luis Potosí,Full_Bar,none,no_accessibility,3,1,1.28,1.16,1.16,25,2.0,Bar_Pub_Brewery,3.0,U1073,0,0,0,0,1,1,"22.150981,-100.977412"
135052,22.150981,-100.977412,0101000020957F0000B72147F1274858C189A406ED75A34B41,La Cantina Restaurante,San Luis Potosí,San Luis Potosí,Full_Bar,none,no_accessibility,3,1,1.28,1.16,1.16,25,2.0,Bar_Pub_Brewery,3.0,U1049,0,0,0,0,1,1,"22.150981,-100.977412"
135052,22.150981,-100.977412,0101000020957F0000B72147F1274858C189A406ED75A34B41,La Cantina Restaurante,San Luis Potosí,San Luis Potosí,Full_Bar,none,no_accessibility,3,1,1.28,1.16,1.16,25,2.0,Bar_Pub_Brewery,3.0,U1002,1,1,1,0,1,1,"22.150981,-100.977412"
132845,22.1262926,-100.9007764,0101000020957F0000B230F8670C4E58C1D590A2700F8F4B41,Cenaduria El RincÃ³n de Tlaquepaque,San Luis Potosí,San Luis Potosí,No_Alcohol_Served,none,no_accessibility,2,1,0.8,0.6,0.8,5,1.0,Mexican,1.0,U1120,1,0,2,0,0,0,"22.1262926,-100.9007764"
132845,22.1262926,-100.9007764,0101000020957F0000B230F8670C4E58C1D590A2700F8F4B41,Cenaduria El RincÃ³n de Tlaquepaque,San Luis Potosí,San Luis Potosí,No_Alcohol_Served,none,no_accessibility,2,1,0.8,0.6,0.8,5,1.0,Mexican,1.0,U1037,0,0,0,0,0,0,"22.1262926,-100.9007764"
132845,22.1262926,-100.9007764,0101000020957F0000B230F8670C4E58C1D590A2700F8F4B41,Cenaduria El RincÃ³n de Tlaquepaque,San Luis Potosí,San Luis Potosí,No_Alcohol_Served,none,no_accessibility,2,1,0.8,0.6,0.8,5,1.0,Mexican,1.0,U1069,0,0,0,0,0,0,"22.1262926,-100.9007764"
132845,22.1262926,-100.9007764,0101000020957F0000B230F8670C4E58C1D590A2700F8F4B41,Cenaduria El RincÃ³n de Tlaquepaque,San Luis Potosí,San Luis Potosí,No_Alcohol_Served,none,no_accessibility,2,1,0.8,0.6,0.8,5,1.0,Mexican,1.0,U1111,2,2,1,0,0,0,"22.1262926,-100.9007764"
132845,22.1262926,-100.9007764,0101000020957F0000B230F8670C4E58C1D590A2700F8F4B41,Cenaduria El RincÃ³n de Tlaquepaque,San Luis Potosí,San Luis Potosí,No_Alcohol_Served,none,no_accessibility,2,1,0.8,0.6,0.8,5,1.0,Mexican,1.0,U1015,1,1,1,0,0,0,"22.1262926,-100.9007764"
135011,18.91061,-99.169539,0101000020957F0000A68C31737C725AC1A6E234AE90424A41,Los Vikingos,Jiutepec,Morelos,No_Alcohol_Served,none,no_accessibility,2,0,1.3333333333333333,1.3333333333333333,1.3333333333333333,3,1.0,Mexican,1.0,U1093,1,1,0,0,0,1,"18.91061,-99.169539"
135011,18.91061,-99.169539,0101000020957F0000A68C31737C725AC1A6E234AE90424A41,Los Vikingos,Jiutepec,Morelos,No_Alcohol_Served,none,no_accessibility,2,0,1.3333333333333333,1.3333333333333333,1.3333333333333333,3,1.0,Mexican,1.0,U1066,1,2,2,0,0,1,"18.91061,-99.169539"
135011,18.91061,-99.169539,0101000020957F0000A68C31737C725AC1A6E234AE90424A41,Los Vikingos,Jiutepec,Morelos,No_Alcohol_Served,none,no_accessibility,2,0,1.3333333333333333,1.3333333333333333,1.3333333333333333,3,1.0,Mexican,1.0,U1074,2,1,2,0,0,1,"18.91061,-99.169539"
132858,22.1312917,-100.9371941,0101000020957F0000608CF6D8474C58C1DBF7C50028994B41,Hamburguesas Valle Dorado,San Luis Potosí,San Luis Potosí,No_Alcohol_Served,none,completely,1,1,0.8,1.4,0.6,5,1.0,Burgers,1.0,U1038,0,2,1,0,0,0,"22.1312917,-100.9371941"
132858,22.1312917,-100.9371941,0101000020957F0000608CF6D8474C58C1DBF7C50028994B41,Hamburguesas Valle Dorado,San Luis Potosí,San Luis Potosí,No_Alcohol_Served,none,completely,1,1,0.8,1.4,0.6,5,1.0,Burgers,1.0,U1069,0,0,0,0,0,0,"22.1312917,-100.9371941"
132858,22.1312917,-100.9371941,0101000020957F0000608CF6D8474C58C1DBF7C50028994B41,Hamburguesas Valle Dorado,San Luis Potosí,San Luis Potosí,No_Alcohol_Served,none,completely,1,1,0.8,1.4,0.6,5,1.0,Burgers,1.0,U1008,1,2,1,0,0,0,"22.1312917,-100.9371941"
132858,22.1312917,-100.9371941,0101000020957F0000608CF6D8474C58C1DBF7C50028994B41,Hamburguesas Valle Dorado,San Luis Potosí,San Luis Potosí,No_Alcohol_Served,none,completely,1,1,0.8,1.4,0.6,5,1.0,Burgers,1.0,U1111,1,1,1,0,0,0,"22.1312917,-100.9371941"
132858,22.1312917,-100.9371941,0101000020957F0000608CF6D8474C58C1DBF7C50028994B41,Hamburguesas Valle Dorado,San Luis Potosí,San Luis Potosí,No_Alcohol_Served,none,completely,1,1,0.8,1.4,0.6,5,1.0,Burgers,1.0,U1102,2,2,0,0,0,0,"22.1312917,-100.9371941"
135026,22.148665,-101.001273,0101000020957F0000C75F8790D94758C1FF8BCA0567AA4B41,la Cantina,San Luis Potosí,San Luis Potosí,Full_Bar,none,no_accessibility,3,1,1.3636363636363635,1.1818181818181819,1.4545454545454546,11,2.0,Bar,1.0,U1134,0,0,0,0,0,1,"22.148665,-101.001273"
135026,22.148665,-101.001273,0101000020957F0000C75F8790D94758C1FF8BCA0567AA4B41,la Cantina,San Luis Potosí,San Luis Potosí,Full_Bar,none,no_accessibility,3,1,1.3636363636363635,1.1818181818181819,1.4545454545454546,11,2.0,Bar,1.0,U1120,1,1,1,0,0,1,"22.148665,-101.001273"
135026,22.148665,-101.001273,0101000020957F0000C75F8790D94758C1FF8BCA0567AA4B41,la Cantina,San Luis Potosí,San Luis Potosí,Full_Bar,none,no_accessibility,3,1,1.3636363636363635,1.1818181818181819,1.4545454545454546,11,2.0,Bar,1.0,U1084,2,2,2,0,0,1,"22.148665,-101.001273"
135026,22.148665,-101.001273,0101000020957F0000C75F8790D94758C1FF8BCA0567AA4B41,la Cantina,San Luis Potosí,San Luis Potosí,Full_Bar,none,no_accessibility,3,1,1.3636363636363635,1.1818181818181819,1.4545454545454546,11,2.0,Bar,1.0,U1048,2,2,2,0,0,1,"22.148665,-101.001273"
135026,22.148665,-101.001273,0101000020957F0000C75F8790D94758C1FF8BCA0567AA4B41,la Cantina,San Luis Potosí,San Luis Potosí,Full_Bar,none,no_accessibility,3,1,1.3636363636363635,1.1818181818181819,1.4545454545454546,11,2.0,Bar,1.0,U1046,1,0,2,0,0,1,"22.148665,-101.001273"
135026,22.148665,-101.001273,0101000020957F0000C75F8790D94758C1FF8BCA0567AA4B41,la Cantina,San Luis Potosí,San Luis Potosí,Full_Bar,none,no_accessibility,3,1,1.3636363636363635,1.1818181818181819,1.4545454545454546,11,2.0,Bar,1.0,U1089,1,1,1,0,0,1,"22.148665,-101.001273"
135026,22.148665,-101.001273,0101000020957F0000C75F8790D94758C1FF8BCA0567AA4B41,la Cantina,San Luis Potosí,San Luis Potosí,Full_Bar,none,no_accessibility,3,1,1.3636363636363635,1.1818181818181819,1.4545454545454546,11,2.0,Bar,1.0,U1061,2,2,2,0,0,1,"22.148665,-101.001273"
135026,22.148665,-101.001273,0101000020957F0000C75F8790D94758C1FF8BCA0567AA4B41,la Cantina,San Luis Potosí,San Luis Potosí,Full_Bar,none,no_accessibility,3,1,1.3636363636363635,1.1818181818181819,1.4545454545454546,11,2.0,Bar,1.0,U1112,1,1,1,0,0,1,"22.148665,-101.001273"
135026,22.148665,-101.001273,0101000020957F0000C75F8790D94758C1FF8BCA0567AA4B41,la Cantina,San Luis Potosí,San Luis Potosí,Full_Bar,none,no_accessibility,3,1,1.3636363636363635,1.1818181818181819,1.4545454545454546,11,2.0,Bar,1.0,U1097,1,0,1,0,0,1,"22.148665,-101.001273"
135026,22.148665,-101.001273,0101000020957F0000C75F8790D94758C1FF8BCA0567AA4B41,la Cantina,San Luis Potosí,San Luis Potosí,Full_Bar,none,no_accessibility,3,1,1.3636363636363635,1.1818181818181819,1.4545454545454546,11,2.0,Bar,1.0,U1006,2,2,2,0,0,1,"22.148665,-101.001273"
135026,22.148665,-101.001273,0101000020957F0000C75F8790D94758C1FF8BCA0567AA4B41,la Cantina,San Luis Potosí,San Luis Potosí,Full_Bar,none,no_accessibility,3,1,1.3636363636363635,1.1818181818181819,1.4545454545454546,11,2.0,Bar,1.0,U1096,2,2,2,0,0,1,"22.148665,-101.001273"
135026,22.148665,-101.001273,0101000020957F0000C75F8790D94758C1FF8BCA0567AA4B41,la Cantina,San Luis Potosí,San Luis Potosí,Full_Bar,none,no_accessibility,3,1,1.3636363636363635,1.1818181818181819,1.4545454545454546,11,2.0,Bar_Pub_Brewery,1.0,U1134,0,0,0,0,0,1,"22.148665,-101.001273"
135026,22.148665,-101.001273,0101000020957F0000C75F8790D94758C1FF8BCA0567AA4B41,la Cantina,San Luis Potosí,San Luis Potosí,Full_Bar,none,no_accessibility,3,1,1.3636363636363635,1.1818181818181819,1.4545454545454546,11,2.0,Bar_Pub_Brewery,1.0,U1120,1,1,1,0,0,1,"22.148665,-101.001273"
135026,22.148665,-101.001273,0101000020957F0000C75F8790D94758C1FF8BCA0567AA4B41,la Cantina,San Luis Potosí,San Luis Potosí,Full_Bar,none,no_accessibility,3,1,1.3636363636363635,1.1818181818181819,1.4545454545454546,11,2.0,Bar_Pub_Brewery,1.0,U1084,2,2,2,0,0,1,"22.148665,-101.001273"
135026,22.148665,-101.001273,0101000020957F0000C75F8790D94758C1FF8BCA0567AA4B41,la Cantina,San Luis Potosí,San Luis Potosí,Full_Bar,none,no_accessibility,3,1,1.3636363636363635,1.1818181818181819,1.4545454545454546,11,2.0,Bar_Pub_Brewery,1.0,U1048,2,2,2,0,0,1,"22.148665,-101.001273"
135026,22.148665,-101.001273,0101000020957F0000C75F8790D94758C1FF8BCA0567AA4B41,la Cantina,San Luis Potosí,San Luis Potosí,Full_Bar,none,no_accessibility,3,1,1.3636363636363635,1.1818181818181819,1.4545454545454546,11,2.0,Bar_Pub_Brewery,1.0,U1046,1,0,2,0,0,1,"22.148665,-101.001273"
135026,22.148665,-101.001273,0101000020957F0000C75F8790D94758C1FF8BCA0567AA4B41,la Cantina,San Luis Potosí,San Luis Potosí,Full_Bar,none,no_accessibility,3,1,1.3636363636363635,1.1818181818181819,1.4545454545454546,11,2.0,Bar_Pub_Brewery,1.0,U1089,1,1,1,0,0,1,"22.148665,-101.001273"
135026,22.148665,-101.001273,0101000020957F0000C75F8790D94758C1FF8BCA0567AA4B41,la Cantina,San Luis Potosí,San Luis Potosí,Full_Bar,none,no_accessibility,3,1,1.3636363636363635,1.1818181818181819,1.4545454545454546,11,2.0,Bar_Pub_Brewery,1.0,U1061,2,2,2,0,0,1,"22.148665,-101.001273"
135026,22.148665,-101.001273,0101000020957F0000C75F8790D94758C1FF8BCA0567AA4B41,la Cantina,San Luis Potosí,San Luis Potosí,Full_Bar,none,no_accessibility,3,1,1.3636363636363635,1.1818181818181819,1.4545454545454546,11,2.0,Bar_Pub_Brewery,1.0,U1112,1,1,1,0,0,1,"22.148665,-101.001273"
135026,22.148665,-101.001273,0101000020957F0000C75F8790D94758C1FF8BCA0567AA4B41,la Cantina,San Luis Potosí,San Luis Potosí,Full_Bar,none,no_accessibility,3,1,1.3636363636363635,1.1818181818181819,1.4545454545454546,11,2.0,Bar_Pub_Brewery,1.0,U1097,1,0,1,0,0,1,"22.148665,-101.001273"
135026,22.148665,-101.001273,0101000020957F0000C75F8790D94758C1FF8BCA0567AA4B41,la Cantina,San Luis Potosí,San Luis Potosí,Full_Bar,none,no_accessibility,3,1,1.3636363636363635,1.1818181818181819,1.4545454545454546,11,2.0,Bar_Pub_Brewery,1.0,U1006,2,2,2,0,0,1,"22.148665,-101.001273"
135026,22.148665,-101.001273,0101000020957F0000C75F8790D94758C1FF8BCA0567AA4B41,la Cantina,San Luis Potosí,San Luis Potosí,Full_Bar,none,no_accessibility,3,1,1.3636363636363635,1.1818181818181819,1.4545454545454546,11,2.0,Bar_Pub_Brewery,1.0,U1096,2,2,2,0,0,1,"22.148665,-101.001273"
132884,22.139577600000003,-101.0278863,0101000020957F00001FAA108A804858C1712EE37088B24B41,dairy queen,Desconocida,Desconocido,No_Alcohol_Served,none,completely,1,1,1.1666666666666667,1.1666666666666667,1.1666666666666667,6,1.0,Mexican,1.0,U1047,0,0,0,0,0,0,"22.139577600000003,-101.0278863"
132884,22.139577600000003,-101.0278863,0101000020957F00001FAA108A804858C1712EE37088B24B41,dairy queen,Desconocida,Desconocido,No_Alcohol_Served,none,completely,1,1,1.1666666666666667,1.1666666666666667,1.1666666666666667,6,1.0,Mexican,1.0,U1034,0,0,0,0,0,0,"22.139577600000003,-101.0278863"
132884,22.139577600000003,-101.0278863,0101000020957F00001FAA108A804858C1712EE37088B24B41,dairy queen,Desconocida,Desconocido,No_Alcohol_Served,none,completely,1,1,1.1666666666666667,1.1666666666666667,1.1666666666666667,6,1.0,Mexican,1.0,U1091,2,2,2,0,0,0,"22.139577600000003,-101.0278863"
132884,22.139577600000003,-101.0278863,0101000020957F00001FAA108A804858C1712EE37088B24B41,dairy queen,Desconocida,Desconocido,No_Alcohol_Served,none,completely,1,1,1.1666666666666667,1.1666666666666667,1.1666666666666667,6,1.0,Mexican,1.0,U1137,2,2,2,0,0,0,"22.139577600000003,-101.0278863"
132884,22.139577600000003,-101.0278863,0101000020957F00001FAA108A804858C1712EE37088B24B41,dairy queen,Desconocida,Desconocido,No_Alcohol_Served,none,completely,1,1,1.1666666666666667,1.1666666666666667,1.1666666666666667,6,1.0,Mexican,1.0,U1097,1,1,1,0,0,0,"22.139577600000003,-101.0278863"
132884,22.139577600000003,-101.0278863,0101000020957F00001FAA108A804858C1712EE37088B24B41,dairy queen,Desconocida,Desconocido,No_Alcohol_Served,none,completely,1,1,1.1666666666666667,1.1666666666666667,1.1666666666666667,6,1.0,Mexican,1.0,U1006,2,2,2,0,0,0,"22.139577600000003,-101.0278863"
135016,18.869347,-99.209944,0101000020957F0000FC8866CF17785AC14CD7055B02514A41,Arrachela Grill,Cuernavaca,Morelos,No_Alcohol_Served,none,no_accessibility,2,1,1.0,1.3333333333333333,1.0,3,1.0,Mexican,1.0,U1030,0,0,0,0,0,0,"18.869347,-99.209944"
135016,18.869347,-99.209944,0101000020957F0000FC8866CF17785AC14CD7055B02514A41,Arrachela Grill,Cuernavaca,Morelos,No_Alcohol_Served,none,no_accessibility,2,1,1.0,1.3333333333333333,1.0,3,1.0,Mexican,1.0,U1072,1,2,2,0,0,0,"18.869347,-99.209944"
135016,18.869347,-99.209944,0101000020957F0000FC8866CF17785AC14CD7055B02514A41,Arrachela Grill,Cuernavaca,Morelos,No_Alcohol_Served,none,no_accessibility,2,1,1.0,1.3333333333333333,1.0,3,1.0,Mexican,1.0,U1117,2,2,1,0,0,0,"18.869347,-99.209944"
135104,23.752982100000004,-99.16843409999998,0101000020957F00007CDF5EAFC58157C1645743B23E4F4941,vips,Desconocida,Desconocido,Full_Bar,not permitted,completely,2,0,0.8571428571428571,1.4285714285714286,0.8571428571428571,7,1.0,Mexican,3.0,U1068,1,1,2,1,0,0,"23.752982100000004,-99.16843409999998"
135104,23.752982100000004,-99.16843409999998,0101000020957F00007CDF5EAFC58157C1645743B23E4F4941,vips,Desconocida,Desconocido,Full_Bar,not permitted,completely,2,0,0.8571428571428571,1.4285714285714286,0.8571428571428571,7,1.0,Mexican,3.0,U1067,0,0,0,1,0,0,"23.752982100000004,-99.16843409999998"
135104,23.752982100000004,-99.16843409999998,0101000020957F00007CDF5EAFC58157C1645743B23E4F4941,vips,Desconocida,Desconocido,Full_Bar,not permitted,completely,2,0,0.8571428571428571,1.4285714285714286,0.8571428571428571,7,1.0,Mexican,3.0,U1103,1,2,0,1,0,0,"23.752982100000004,-99.16843409999998"
135104,23.752982100000004,-99.16843409999998,0101000020957F00007CDF5EAFC58157C1645743B23E4F4941,vips,Desconocida,Desconocido,Full_Bar,not permitted,completely,2,0,0.8571428571428571,1.4285714285714286,0.8571428571428571,7,1.0,Mexican,3.0,U1123,2,2,2,1,0,0,"23.752982100000004,-99.16843409999998"
135104,23.752982100000004,-99.16843409999998,0101000020957F00007CDF5EAFC58157C1645743B23E4F4941,vips,Desconocida,Desconocido,Full_Bar,not permitted,completely,2,0,0.8571428571428571,1.4285714285714286,0.8571428571428571,7,1.0,Mexican,3.0,U1063,1,2,1,1,0,0,"23.752982100000004,-99.16843409999998"
135104,23.752982100000004,-99.16843409999998,0101000020957F00007CDF5EAFC58157C1645743B23E4F4941,vips,Desconocida,Desconocido,Full_Bar,not permitted,completely,2,0,0.8571428571428571,1.4285714285714286,0.8571428571428571,7,1.0,Mexican,3.0,U1028,0,1,0,1,0,0,"23.752982100000004,-99.16843409999998"
135104,23.752982100000004,-99.16843409999998,0101000020957F00007CDF5EAFC58157C1645743B23E4F4941,vips,Desconocida,Desconocido,Full_Bar,not permitted,completely,2,0,0.8571428571428571,1.4285714285714286,0.8571428571428571,7,1.0,Mexican,3.0,U1087,1,2,1,1,0,0,"23.752982100000004,-99.16843409999998"
132630,23.7529305,-99.1644725,0101000020957F000047206572DE8157C1D3315028254E4941,palomo tec,Ciudad Victoria,Tamaulipas,No_Alcohol_Served,none,completely,1,1,1.1666666666666667,1.1666666666666667,1.0,6,1.0,Mexican,1.0,U1068,1,1,1,0,0,0,"23.7529305,-99.1644725"
132630,23.7529305,-99.1644725,0101000020957F000047206572DE8157C1D3315028254E4941,palomo tec,Ciudad Victoria,Tamaulipas,No_Alcohol_Served,none,completely,1,1,1.1666666666666667,1.1666666666666667,1.0,6,1.0,Mexican,1.0,U1067,1,0,1,0,0,0,"23.7529305,-99.1644725"
132630,23.7529305,-99.1644725,0101000020957F000047206572DE8157C1D3315028254E4941,palomo tec,Ciudad Victoria,Tamaulipas,No_Alcohol_Served,none,completely,1,1,1.1666666666666667,1.1666666666666667,1.0,6,1.0,Mexican,1.0,U1103,1,2,0,0,0,0,"23.7529305,-99.1644725"
132630,23.7529305,-99.1644725,0101000020957F000047206572DE8157C1D3315028254E4941,palomo tec,Ciudad Victoria,Tamaulipas,No_Alcohol_Served,none,completely,1,1,1.1666666666666667,1.1666666666666667,1.0,6,1.0,Mexican,1.0,U1082,1,1,1,0,0,0,"23.7529305,-99.1644725"
132630,23.7529305,-99.1644725,0101000020957F000047206572DE8157C1D3315028254E4941,palomo tec,Ciudad Victoria,Tamaulipas,No_Alcohol_Served,none,completely,1,1,1.1666666666666667,1.1666666666666667,1.0,6,1.0,Mexican,1.0,U1028,2,2,2,0,0,0,"23.7529305,-99.1644725"
132630,23.7529305,-99.1644725,0101000020957F000047206572DE8157C1D3315028254E4941,palomo tec,Ciudad Victoria,Tamaulipas,No_Alcohol_Served,none,completely,1,1,1.1666666666666667,1.1666666666666667,1.0,6,1.0,Mexican,1.0,U1043,1,1,1,0,0,0,"23.7529305,-99.1644725"
135047,22.150921,-100.993828,0101000020957F00009C7617FBB54758C1260D663225A84B41,Restaurante Casa de las Flores,San Luis Potosí,San Luis Potosí,Wine-Beer,section,no_accessibility,3,1,1.1,1.2,1.1,10,1.0,Mexican,3.0,U1055,2,2,2,1,0,0,"22.150921,-100.993828"
135047,22.150921,-100.993828,0101000020957F00009C7617FBB54758C1260D663225A84B41,Restaurante Casa de las Flores,San Luis Potosí,San Luis Potosí,Wine-Beer,section,no_accessibility,3,1,1.1,1.2,1.1,10,1.0,Mexican,3.0,U1053,2,2,2,1,0,0,"22.150921,-100.993828"
135047,22.150921,-100.993828,0101000020957F00009C7617FBB54758C1260D663225A84B41,Restaurante Casa de las Flores,San Luis Potosí,San Luis Potosí,Wine-Beer,section,no_accessibility,3,1,1.1,1.2,1.1,10,1.0,Mexican,3.0,U1134,1,1,1,1,0,0,"22.150921,-100.993828"
135047,22.150921,-100.993828,0101000020957F00009C7617FBB54758C1260D663225A84B41,Restaurante Casa de las Flores,San Luis Potosí,San Luis Potosí,Wine-Beer,section,no_accessibility,3,1,1.1,1.2,1.1,10,1.0,Mexican,3.0,U1116,2,2,2,1,0,0,"22.150921,-100.993828"
135047,22.150921,-100.993828,0101000020957F00009C7617FBB54758C1260D663225A84B41,Restaurante Casa de las Flores,San Luis Potosí,San Luis Potosí,Wine-Beer,section,no_accessibility,3,1,1.1,1.2,1.1,10,1.0,Mexican,3.0,U1106,0,0,0,1,0,0,"22.150921,-100.993828"
135047,22.150921,-100.993828,0101000020957F00009C7617FBB54758C1260D663225A84B41,Restaurante Casa de las Flores,San Luis Potosí,San Luis Potosí,Wine-Beer,section,no_accessibility,3,1,1.1,1.2,1.1,10,1.0,Mexican,3.0,U1104,1,2,1,1,0,0,"22.150921,-100.993828"
135047,22.150921,-100.993828,0101000020957F00009C7617FBB54758C1260D663225A84B41,Restaurante Casa de las Flores,San Luis Potosí,San Luis Potosí,Wine-Beer,section,no_accessibility,3,1,1.1,1.2,1.1,10,1.0,Mexican,3.0,U1029,1,1,1,1,0,0,"22.150921,-100.993828"
135047,22.150921,-100.993828,0101000020957F00009C7617FBB54758C1260D663225A84B41,Restaurante Casa de las Flores,San Luis Potosí,San Luis Potosí,Wine-Beer,section,no_accessibility,3,1,1.1,1.2,1.1,10,1.0,Mexican,3.0,U1112,0,0,0,1,0,0,"22.150921,-100.993828"
135047,22.150921,-100.993828,0101000020957F00009C7617FBB54758C1260D663225A84B41,Restaurante Casa de las Flores,San Luis Potosí,San Luis Potosí,Wine-Beer,section,no_accessibility,3,1,1.1,1.2,1.1,10,1.0,Mexican,3.0,U1025,1,1,1,1,0,0,"22.150921,-100.993828"
135047,22.150921,-100.993828,0101000020957F00009C7617FBB54758C1260D663225A84B41,Restaurante Casa de las Flores,San Luis Potosí,San Luis Potosí,Wine-Beer,section,no_accessibility,3,1,1.1,1.2,1.1,10,1.0,Mexican,3.0,U1010,1,1,1,1,0,0,"22.150921,-100.993828"
132951,22.1544736,-100.98580909999998,0101000020957F0000BAC859A0634758C1C3E84FCAA5A54B41,VIPS,San Luis Potosí,San Luis Potosí,No_Alcohol_Served,not permitted,completely,1,1,1.0,0.9,0.9,10,1.0,American,1.0,U1033,2,1,0,1,0,0,"22.1544736,-100.98580909999998"
132951,22.1544736,-100.98580909999998,0101000020957F0000BAC859A0634758C1C3E84FCAA5A54B41,VIPS,San Luis Potosí,San Luis Potosí,No_Alcohol_Served,not permitted,completely,1,1,1.0,0.9,0.9,10,1.0,American,1.0,U1089,1,1,1,1,0,0,"22.1544736,-100.98580909999998"
132951,22.1544736,-100.98580909999998,0101000020957F0000BAC859A0634758C1C3E84FCAA5A54B41,VIPS,San Luis Potosí,San Luis Potosí,No_Alcohol_Served,not permitted,completely,1,1,1.0,0.9,0.9,10,1.0,American,1.0,U1027,1,1,1,1,0,0,"22.1544736,-100.98580909999998"
132951,22.1544736,-100.98580909999998,0101000020957F0000BAC859A0634758C1C3E84FCAA5A54B41,VIPS,San Luis Potosí,San Luis Potosí,No_Alcohol_Served,not permitted,completely,1,1,1.0,0.9,0.9,10,1.0,American,1.0,U1086,1,1,1,1,0,0,"22.1544736,-100.98580909999998"
132951,22.1544736,-100.98580909999998,0101000020957F0000BAC859A0634758C1C3E84FCAA5A54B41,VIPS,San Luis Potosí,San Luis Potosí,No_Alcohol_Served,not permitted,completely,1,1,1.0,0.9,0.9,10,1.0,American,1.0,U1137,2,2,2,1,0,0,"22.1544736,-100.98580909999998"
132951,22.1544736,-100.98580909999998,0101000020957F0000BAC859A0634758C1C3E84FCAA5A54B41,VIPS,San Luis Potosí,San Luis Potosí,No_Alcohol_Served,not permitted,completely,1,1,1.0,0.9,0.9,10,1.0,American,1.0,U1114,0,0,0,1,0,0,"22.1544736,-100.98580909999998"
132951,22.1544736,-100.98580909999998,0101000020957F0000BAC859A0634758C1C3E84FCAA5A54B41,VIPS,San Luis Potosí,San Luis Potosí,No_Alcohol_Served,not permitted,completely,1,1,1.0,0.9,0.9,10,1.0,American,1.0,U1046,1,1,2,1,0,0,"22.1544736,-100.98580909999998"
132951,22.1544736,-100.98580909999998,0101000020957F0000BAC859A0634758C1C3E84FCAA5A54B41,VIPS,San Luis Potosí,San Luis Potosí,No_Alcohol_Served,not permitted,completely,1,1,1.0,0.9,0.9,10,1.0,American,1.0,U1128,0,0,0,1,0,0,"22.1544736,-100.98580909999998"
132951,22.1544736,-100.98580909999998,0101000020957F0000BAC859A0634758C1C3E84FCAA5A54B41,VIPS,San Luis Potosí,San Luis Potosí,No_Alcohol_Served,not permitted,completely,1,1,1.0,0.9,0.9,10,1.0,American,1.0,U1073,0,0,0,1,0,0,"22.1544736,-100.98580909999998"
132951,22.1544736,-100.98580909999998,0101000020957F0000BAC859A0634758C1C3E84FCAA5A54B41,VIPS,San Luis Potosí,San Luis Potosí,No_Alcohol_Served,not permitted,completely,1,1,1.0,0.9,0.9,10,1.0,American,1.0,U1013,2,2,2,1,0,0,"22.1544736,-100.98580909999998"
132665,23.736797699999997,-99.1342413,0101000020957F00007AED0830FC8457C122F85F7B84464941,TACOS CORRECAMINOS,Ciudad Victoria,Tamaulipas,No_Alcohol_Served,none,completely,1,1,0.8,0.8,1.0,5,1.0,Mexican,1.0,U1031,0,0,0,0,0,0,"23.736797699999997,-99.1342413"
132665,23.736797699999997,-99.1342413,0101000020957F00007AED0830FC8457C122F85F7B84464941,TACOS CORRECAMINOS,Ciudad Victoria,Tamaulipas,No_Alcohol_Served,none,completely,1,1,0.8,0.8,1.0,5,1.0,Mexican,1.0,U1026,2,2,2,0,0,0,"23.736797699999997,-99.1342413"
132665,23.736797699999997,-99.1342413,0101000020957F00007AED0830FC8457C122F85F7B84464941,TACOS CORRECAMINOS,Ciudad Victoria,Tamaulipas,No_Alcohol_Served,none,completely,1,1,0.8,0.8,1.0,5,1.0,Mexican,1.0,U1065,1,1,1,0,0,0,"23.736797699999997,-99.1342413"
132665,23.736797699999997,-99.1342413,0101000020957F00007AED0830FC8457C122F85F7B84464941,TACOS CORRECAMINOS,Ciudad Victoria,Tamaulipas,No_Alcohol_Served,none,completely,1,1,0.8,0.8,1.0,5,1.0,Mexican,1.0,U1129,0,0,0,0,0,0,"23.736797699999997,-99.1342413"
132665,23.736797699999997,-99.1342413,0101000020957F00007AED0830FC8457C122F85F7B84464941,TACOS CORRECAMINOS,Ciudad Victoria,Tamaulipas,No_Alcohol_Served,none,completely,1,1,0.8,0.8,1.0,5,1.0,Mexican,1.0,U1039,1,1,2,0,0,0,"23.736797699999997,-99.1342413"
135044,22.141848,-100.997475,0101000020957F0000C8B62F9EFF4858C14FA6C296B9A94B41,Restaurant Wu Zhuo Yi,San Luis Potosí,San Luis Potosí,No_Alcohol_Served,none,no_accessibility,2,1,1.25,1.25,1.0,4,1.0,Chinese,1.0,U1083,1,2,2,0,0,1,"22.141848,-100.997475"
135044,22.141848,-100.997475,0101000020957F0000C8B62F9EFF4858C14FA6C296B9A94B41,Restaurant Wu Zhuo Yi,San Luis Potosí,San Luis Potosí,No_Alcohol_Served,none,no_accessibility,2,1,1.25,1.25,1.0,4,1.0,Chinese,1.0,U1134,1,1,1,0,0,1,"22.141848,-100.997475"
135044,22.141848,-100.997475,0101000020957F0000C8B62F9EFF4858C14FA6C296B9A94B41,Restaurant Wu Zhuo Yi,San Luis Potosí,San Luis Potosí,No_Alcohol_Served,none,no_accessibility,2,1,1.25,1.25,1.0,4,1.0,Chinese,1.0,U1046,1,1,0,0,0,1,"22.141848,-100.997475"
135044,22.141848,-100.997475,0101000020957F0000C8B62F9EFF4858C14FA6C296B9A94B41,Restaurant Wu Zhuo Yi,San Luis Potosí,San Luis Potosí,No_Alcohol_Served,none,no_accessibility,2,1,1.25,1.25,1.0,4,1.0,Chinese,1.0,U1059,2,1,1,0,0,1,"22.141848,-100.997475"
135035,22.145813,-101.018032,0101000020957F00004DDB874CD24758C1F29E91E259AF4B41,El Mundo de la Pasta,San Luis Potosí,San Luis Potosí,No_Alcohol_Served,section,no_accessibility,3,1,1.5,1.5,1.5,4,1.0,Italian,4.0,U1084,2,2,2,1,0,1,"22.145813,-101.018032"
135035,22.145813,-101.018032,0101000020957F00004DDB874CD24758C1F29E91E259AF4B41,El Mundo de la Pasta,San Luis Potosí,San Luis Potosí,No_Alcohol_Served,section,no_accessibility,3,1,1.5,1.5,1.5,4,1.0,Italian,4.0,U1095,2,2,2,1,0,1,"22.145813,-101.018032"
135035,22.145813,-101.018032,0101000020957F00004DDB874CD24758C1F29E91E259AF4B41,El Mundo de la Pasta,San Luis Potosí,San Luis Potosí,No_Alcohol_Served,section,no_accessibility,3,1,1.5,1.5,1.5,4,1.0,Italian,4.0,U1034,1,1,1,1,0,1,"22.145813,-101.018032"
135035,22.145813,-101.018032,0101000020957F00004DDB874CD24758C1F29E91E259AF4B41,El Mundo de la Pasta,San Luis Potosí,San Luis Potosí,No_Alcohol_Served,section,no_accessibility,3,1,1.5,1.5,1.5,4,1.0,Italian,4.0,U1091,1,1,1,1,0,1,"22.145813,-101.018032"
135071,22.126375,-100.910926,0101000020957F0000E3A742BFC14D58C1F4E529A7F3914B41,Restaurante la Cantina,San Luis Potosí,San Luis Potosí,Full_Bar,section,no_accessibility,2,1,1.0,0.7777777777777778,0.7777777777777778,9,2.0,Bar,4.0,U1015,0,0,0,1,0,0,"22.126375,-100.910926"
135071,22.126375,-100.910926,0101000020957F0000E3A742BFC14D58C1F4E529A7F3914B41,Restaurante la Cantina,San Luis Potosí,San Luis Potosí,Full_Bar,section,no_accessibility,2,1,1.0,0.7777777777777778,0.7777777777777778,9,2.0,Bar,4.0,U1088,0,0,0,1,0,0,"22.126375,-100.910926"
135071,22.126375,-100.910926,0101000020957F0000E3A742BFC14D58C1F4E529A7F3914B41,Restaurante la Cantina,San Luis Potosí,San Luis Potosí,Full_Bar,section,no_accessibility,2,1,1.0,0.7777777777777778,0.7777777777777778,9,2.0,Bar,4.0,U1124,1,0,1,1,0,0,"22.126375,-100.910926"
135071,22.126375,-100.910926,0101000020957F0000E3A742BFC14D58C1F4E529A7F3914B41,Restaurante la Cantina,San Luis Potosí,San Luis Potosí,Full_Bar,section,no_accessibility,2,1,1.0,0.7777777777777778,0.7777777777777778,9,2.0,Bar,4.0,U1094,0,1,0,1,0,0,"22.126375,-100.910926"
135071,22.126375,-100.910926,0101000020957F0000E3A742BFC14D58C1F4E529A7F3914B41,Restaurante la Cantina,San Luis Potosí,San Luis Potosí,Full_Bar,section,no_accessibility,2,1,1.0,0.7777777777777778,0.7777777777777778,9,2.0,Bar,4.0,U1115,2,2,2,1,0,0,"22.126375,-100.910926"
135071,22.126375,-100.910926,0101000020957F0000E3A742BFC14D58C1F4E529A7F3914B41,Restaurante la Cantina,San Luis Potosí,San Luis Potosí,Full_Bar,section,no_accessibility,2,1,1.0,0.7777777777777778,0.7777777777777778,9,2.0,Bar,4.0,U1111,2,2,2,1,0,0,"22.126375,-100.910926"
135071,22.126375,-100.910926,0101000020957F0000E3A742BFC14D58C1F4E529A7F3914B41,Restaurante la Cantina,San Luis Potosí,San Luis Potosí,Full_Bar,section,no_accessibility,2,1,1.0,0.7777777777777778,0.7777777777777778,9,2.0,Bar,4.0,U1037,1,0,0,1,0,0,"22.126375,-100.910926"
135071,22.126375,-100.910926,0101000020957F0000E3A742BFC14D58C1F4E529A7F3914B41,Restaurante la Cantina,San Luis Potosí,San Luis Potosí,Full_Bar,section,no_accessibility,2,1,1.0,0.7777777777777778,0.7777777777777778,9,2.0,Bar,4.0,U1092,1,0,0,1,0,0,"22.126375,-100.910926"
135071,22.126375,-100.910926,0101000020957F0000E3A742BFC14D58C1F4E529A7F3914B41,Restaurante la Cantina,San Luis Potosí,San Luis Potosí,Full_Bar,section,no_accessibility,2,1,1.0,0.7777777777777778,0.7777777777777778,9,2.0,Bar,4.0,U1025,2,2,2,1,0,0,"22.126375,-100.910926"
135071,22.126375,-100.910926,0101000020957F0000E3A742BFC14D58C1F4E529A7F3914B41,Restaurante la Cantina,San Luis Potosí,San Luis Potosí,Full_Bar,section,no_accessibility,2,1,1.0,0.7777777777777778,0.7777777777777778,9,2.0,Bar_Pub_Brewery,4.0,U1015,0,0,0,1,0,0,"22.126375,-100.910926"
135071,22.126375,-100.910926,0101000020957F0000E3A742BFC14D58C1F4E529A7F3914B41,Restaurante la Cantina,San Luis Potosí,San Luis Potosí,Full_Bar,section,no_accessibility,2,1,1.0,0.7777777777777778,0.7777777777777778,9,2.0,Bar_Pub_Brewery,4.0,U1088,0,0,0,1,0,0,"22.126375,-100.910926"
135071,22.126375,-100.910926,0101000020957F0000E3A742BFC14D58C1F4E529A7F3914B41,Restaurante la Cantina,San Luis Potosí,San Luis Potosí,Full_Bar,section,no_accessibility,2,1,1.0,0.7777777777777778,0.7777777777777778,9,2.0,Bar_Pub_Brewery,4.0,U1124,1,0,1,1,0,0,"22.126375,-100.910926"
135071,22.126375,-100.910926,0101000020957F0000E3A742BFC14D58C1F4E529A7F3914B41,Restaurante la Cantina,San Luis Potosí,San Luis Potosí,Full_Bar,section,no_accessibility,2,1,1.0,0.7777777777777778,0.7777777777777778,9,2.0,Bar_Pub_Brewery,4.0,U1094,0,1,0,1,0,0,"22.126375,-100.910926"
135071,22.126375,-100.910926,0101000020957F0000E3A742BFC14D58C1F4E529A7F3914B41,Restaurante la Cantina,San Luis Potosí,San Luis Potosí,Full_Bar,section,no_accessibility,2,1,1.0,0.7777777777777778,0.7777777777777778,9,2.0,Bar_Pub_Brewery,4.0,U1115,2,2,2,1,0,0,"22.126375,-100.910926"
135071,22.126375,-100.910926,0101000020957F0000E3A742BFC14D58C1F4E529A7F3914B41,Restaurante la Cantina,San Luis Potosí,San Luis Potosí,Full_Bar,section,no_accessibility,2,1,1.0,0.7777777777777778,0.7777777777777778,9,2.0,Bar_Pub_Brewery,4.0,U1111,2,2,2,1,0,0,"22.126375,-100.910926"
135071,22.126375,-100.910926,0101000020957F0000E3A742BFC14D58C1F4E529A7F3914B41,Restaurante la Cantina,San Luis Potosí,San Luis Potosí,Full_Bar,section,no_accessibility,2,1,1.0,0.7777777777777778,0.7777777777777778,9,2.0,Bar_Pub_Brewery,4.0,U1037,1,0,0,1,0,0,"22.126375,-100.910926"
135071,22.126375,-100.910926,0101000020957F0000E3A742BFC14D58C1F4E529A7F3914B41,Restaurante la Cantina,San Luis Potosí,San Luis Potosí,Full_Bar,section,no_accessibility,2,1,1.0,0.7777777777777778,0.7777777777777778,9,2.0,Bar_Pub_Brewery,4.0,U1092,1,0,0,1,0,0,"22.126375,-100.910926"
135071,22.126375,-100.910926,0101000020957F0000E3A742BFC14D58C1F4E529A7F3914B41,Restaurante la Cantina,San Luis Potosí,San Luis Potosí,Full_Bar,section,no_accessibility,2,1,1.0,0.7777777777777778,0.7777777777777778,9,2.0,Bar_Pub_Brewery,4.0,U1025,2,2,2,1,0,0,"22.126375,-100.910926"
132834,22.156469,-100.98554,0101000020957F00007768135A174758C155D318CB73A54B41,Gorditas Doa Gloria,San Luis Potosí,San Luis Potosí,No_Alcohol_Served,not permitted,no_accessibility,1,1,1.0,1.12,0.88,25,1.0,Mexican,1.0,U1116,2,2,2,1,1,0,"22.156469,-100.98554"
132834,22.156469,-100.98554,0101000020957F00007768135A174758C155D318CB73A54B41,Gorditas Doa Gloria,San Luis Potosí,San Luis Potosí,No_Alcohol_Served,not permitted,no_accessibility,1,1,1.0,1.12,0.88,25,1.0,Mexican,1.0,U1075,1,2,1,1,1,0,"22.156469,-100.98554"
132834,22.156469,-100.98554,0101000020957F00007768135A174758C155D318CB73A54B41,Gorditas Doa Gloria,San Luis Potosí,San Luis Potosí,No_Alcohol_Served,not permitted,no_accessibility,1,1,1.0,1.12,0.88,25,1.0,Mexican,1.0,U1024,1,1,1,1,1,0,"22.156469,-100.98554"
132834,22.156469,-100.98554,0101000020957F00007768135A174758C155D318CB73A54B41,Gorditas Doa Gloria,San Luis Potosí,San Luis Potosí,No_Alcohol_Served,not permitted,no_accessibility,1,1,1.0,1.12,0.88,25,1.0,Mexican,1.0,U1036,1,2,2,1,1,0,"22.156469,-100.98554"
132834,22.156469,-100.98554,0101000020957F00007768135A174758C155D318CB73A54B41,Gorditas Doa Gloria,San Luis Potosí,San Luis Potosí,No_Alcohol_Served,not permitted,no_accessibility,1,1,1.0,1.12,0.88,25,1.0,Mexican,1.0,U1071,1,1,1,1,1,0,"22.156469,-100.98554"
132834,22.156469,-100.98554,0101000020957F00007768135A174758C155D318CB73A54B41,Gorditas Doa Gloria,San Luis Potosí,San Luis Potosí,No_Alcohol_Served,not permitted,no_accessibility,1,1,1.0,1.12,0.88,25,1.0,Mexican,1.0,U1104,1,2,1,1,1,0,"22.156469,-100.98554"
132834,22.156469,-100.98554,0101000020957F00007768135A174758C155D318CB73A54B41,Gorditas Doa Gloria,San Luis Potosí,San Luis Potosí,No_Alcohol_Served,not permitted,no_accessibility,1,1,1.0,1.12,0.88,25,1.0,Mexican,1.0,U1106,2,1,1,1,1,0,"22.156469,-100.98554"
132834,22.156469,-100.98554,0101000020957F00007768135A174758C155D318CB73A54B41,Gorditas Doa Gloria,San Luis Potosí,San Luis Potosí,No_Alcohol_Served,not permitted,no_accessibility,1,1,1.0,1.12,0.88,25,1.0,Mexican,1.0,U1045,1,1,1,1,1,0,"22.156469,-100.98554"
132834,22.156469,-100.98554,0101000020957F00007768135A174758C155D318CB73A54B41,Gorditas Doa Gloria,San Luis Potosí,San Luis Potosí,No_Alcohol_Served,not permitted,no_accessibility,1,1,1.0,1.12,0.88,25,1.0,Mexican,1.0,U1009,2,2,1,1,1,0,"22.156469,-100.98554"
132834,22.156469,-100.98554,0101000020957F00007768135A174758C155D318CB73A54B41,Gorditas Doa Gloria,San Luis Potosí,San Luis Potosí,No_Alcohol_Served,not permitted,no_accessibility,1,1,1.0,1.12,0.88,25,1.0,Mexican,1.0,U1016,2,2,2,1,1,0,"22.156469,-100.98554"
132834,22.156469,-100.98554,0101000020957F00007768135A174758C155D318CB73A54B41,Gorditas Doa Gloria,San Luis Potosí,San Luis Potosí,No_Alcohol_Served,not permitted,no_accessibility,1,1,1.0,1.12,0.88,25,1.0,Mexican,1.0,U1099,2,2,2,1,1,0,"22.156469,-100.98554"
132834,22.156469,-100.98554,0101000020957F00007768135A174758C155D318CB73A54B41,Gorditas Doa Gloria,San Luis Potosí,San Luis Potosí,No_Alcohol_Served,not permitted,no_accessibility,1,1,1.0,1.12,0.88,25,1.0,Mexican,1.0,U1135,0,0,0,1,1,0,"22.156469,-100.98554"
132834,22.156469,-100.98554,0101000020957F00007768135A174758C155D318CB73A54B41,Gorditas Doa Gloria,San Luis Potosí,San Luis Potosí,No_Alcohol_Served,not permitted,no_accessibility,1,1,1.0,1.12,0.88,25,1.0,Mexican,1.0,U1032,1,1,0,1,1,0,"22.156469,-100.98554"
132834,22.156469,-100.98554,0101000020957F00007768135A174758C155D318CB73A54B41,Gorditas Doa Gloria,San Luis Potosí,San Luis Potosí,No_Alcohol_Served,not permitted,no_accessibility,1,1,1.0,1.12,0.88,25,1.0,Mexican,1.0,U1062,0,0,0,1,1,0,"22.156469,-100.98554"
132834,22.156469,-100.98554,0101000020957F00007768135A174758C155D318CB73A54B41,Gorditas Doa Gloria,San Luis Potosí,San Luis Potosí,No_Alcohol_Served,not permitted,no_accessibility,1,1,1.0,1.12,0.88,25,1.0,Mexican,1.0,U1078,0,2,1,1,1,0,"22.156469,-100.98554"
132834,22.156469,-100.98554,0101000020957F00007768135A174758C155D318CB73A54B41,Gorditas Doa Gloria,San Luis Potosí,San Luis Potosí,No_Alcohol_Served,not permitted,no_accessibility,1,1,1.0,1.12,0.88,25,1.0,Mexican,1.0,U1122,2,1,1,1,1,0,"22.156469,-100.98554"
132834,22.156469,-100.98554,0101000020957F00007768135A174758C155D318CB73A54B41,Gorditas Doa Gloria,San Luis Potosí,San Luis Potosí,No_Alcohol_Served,not permitted,no_accessibility,1,1,1.0,1.12,0.88,25,1.0,Mexican,1.0,U1089,1,1,1,1,1,0,"22.156469,-100.98554"
132834,22.156469,-100.98554,0101000020957F00007768135A174758C155D318CB73A54B41,Gorditas Doa Gloria,San Luis Potosí,San Luis Potosí,No_Alcohol_Served,not permitted,no_accessibility,1,1,1.0,1.12,0.88,25,1.0,Mexican,1.0,U1029,0,1,0,1,1,0,"22.156469,-100.98554"
132834,22.156469,-100.98554,0101000020957F00007768135A174758C155D318CB73A54B41,Gorditas Doa Gloria,San Luis Potosí,San Luis Potosí,No_Alcohol_Served,not permitted,no_accessibility,1,1,1.0,1.12,0.88,25,1.0,Mexican,1.0,U1019,0,0,0,1,1,0,"22.156469,-100.98554"
132834,22.156469,-100.98554,0101000020957F00007768135A174758C155D318CB73A54B41,Gorditas Doa Gloria,San Luis Potosí,San Luis Potosí,No_Alcohol_Served,not permitted,no_accessibility,1,1,1.0,1.12,0.88,25,1.0,Mexican,1.0,U1137,2,2,2,1,1,0,"22.156469,-100.98554"
132834,22.156469,-100.98554,0101000020957F00007768135A174758C155D318CB73A54B41,Gorditas Doa Gloria,San Luis Potosí,San Luis Potosí,No_Alcohol_Served,not permitted,no_accessibility,1,1,1.0,1.12,0.88,25,1.0,Mexican,1.0,U1114,0,0,0,1,1,0,"22.156469,-100.98554"
132834,22.156469,-100.98554,0101000020957F00007768135A174758C155D318CB73A54B41,Gorditas Doa Gloria,San Luis Potosí,San Luis Potosí,No_Alcohol_Served,not permitted,no_accessibility,1,1,1.0,1.12,0.88,25,1.0,Mexican,1.0,U1061,1,2,1,1,1,0,"22.156469,-100.98554"
132834,22.156469,-100.98554,0101000020957F00007768135A174758C155D318CB73A54B41,Gorditas Doa Gloria,San Luis Potosí,San Luis Potosí,No_Alcohol_Served,not permitted,no_accessibility,1,1,1.0,1.12,0.88,25,1.0,Mexican,1.0,U1112,1,0,0,1,1,0,"22.156469,-100.98554"
132834,22.156469,-100.98554,0101000020957F00007768135A174758C155D318CB73A54B41,Gorditas Doa Gloria,San Luis Potosí,San Luis Potosí,No_Alcohol_Served,not permitted,no_accessibility,1,1,1.0,1.12,0.88,25,1.0,Mexican,1.0,U1057,1,0,1,1,1,0,"22.156469,-100.98554"
132834,22.156469,-100.98554,0101000020957F00007768135A174758C155D318CB73A54B41,Gorditas Doa Gloria,San Luis Potosí,San Luis Potosí,No_Alcohol_Served,not permitted,no_accessibility,1,1,1.0,1.12,0.88,25,1.0,Mexican,1.0,U1073,0,0,0,1,1,0,"22.156469,-100.98554"
132846,22.1422732,-100.9426537,0101000020957F000065D51EE7724A58C1B688A454109A4B41,el lechon potosino ,San Luis Potosí,San Luis Potosí,No_Alcohol_Served,permitted,no_accessibility,1,1,1.4,1.4,1.2,5,1.0,International,1.0,U1120,2,2,1,0,0,1,"22.1422732,-100.9426537"
132846,22.1422732,-100.9426537,0101000020957F000065D51EE7724A58C1B688A454109A4B41,el lechon potosino ,San Luis Potosí,San Luis Potosí,No_Alcohol_Served,permitted,no_accessibility,1,1,1.4,1.4,1.2,5,1.0,International,1.0,U1069,0,0,0,0,0,1,"22.1422732,-100.9426537"
132846,22.1422732,-100.9426537,0101000020957F000065D51EE7724A58C1B688A454109A4B41,el lechon potosino ,San Luis Potosí,San Luis Potosí,No_Alcohol_Served,permitted,no_accessibility,1,1,1.4,1.4,1.2,5,1.0,International,1.0,U1008,1,1,1,0,0,1,"22.1422732,-100.9426537"
132846,22.1422732,-100.9426537,0101000020957F000065D51EE7724A58C1B688A454109A4B41,el lechon potosino ,San Luis Potosí,San Luis Potosí,No_Alcohol_Served,permitted,no_accessibility,1,1,1.4,1.4,1.2,5,1.0,International,1.0,U1102,2,2,2,0,0,1,"22.1422732,-100.9426537"
132846,22.1422732,-100.9426537,0101000020957F000065D51EE7724A58C1B688A454109A4B41,el lechon potosino ,San Luis Potosí,San Luis Potosí,No_Alcohol_Served,permitted,no_accessibility,1,1,1.4,1.4,1.2,5,1.0,International,1.0,U1025,2,2,2,0,0,1,"22.1422732,-100.9426537"
135048,22.142017000000003,-100.999246,0101000020957F00008032636EEC4858C16CDF265038AA4B41,Restaurante Bar Fu-hao,San Luis Potosí,San Luis Potosí,Wine-Beer,none,no_accessibility,3,1,1.0,1.3333333333333333,1.3333333333333333,6,1.0,Bar,4.0,U1055,2,2,2,1,0,0,"22.142017000000003,-100.999246"
135048,22.142017000000003,-100.999246,0101000020957F00008032636EEC4858C16CDF265038AA4B41,Restaurante Bar Fu-hao,San Luis Potosí,San Luis Potosí,Wine-Beer,none,no_accessibility,3,1,1.0,1.3333333333333333,1.3333333333333333,6,1.0,Bar,4.0,U1048,0,1,0,1,0,0,"22.142017000000003,-100.999246"
135048,22.142017000000003,-100.999246,0101000020957F00008032636EEC4858C16CDF265038AA4B41,Restaurante Bar Fu-hao,San Luis Potosí,San Luis Potosí,Wine-Beer,none,no_accessibility,3,1,1.0,1.3333333333333333,1.3333333333333333,6,1.0,Bar,4.0,U1061,2,2,2,1,0,0,"22.142017000000003,-100.999246"
135048,22.142017000000003,-100.999246,0101000020957F00008032636EEC4858C16CDF265038AA4B41,Restaurante Bar Fu-hao,San Luis Potosí,San Luis Potosí,Wine-Beer,none,no_accessibility,3,1,1.0,1.3333333333333333,1.3333333333333333,6,1.0,Bar,4.0,U1112,0,0,0,1,0,0,"22.142017000000003,-100.999246"
135048,22.142017000000003,-100.999246,0101000020957F00008032636EEC4858C16CDF265038AA4B41,Restaurante Bar Fu-hao,San Luis Potosí,San Luis Potosí,Wine-Beer,none,no_accessibility,3,1,1.0,1.3333333333333333,1.3333333333333333,6,1.0,Bar,4.0,U1006,1,1,2,1,0,0,"22.142017000000003,-100.999246"
135048,22.142017000000003,-100.999246,0101000020957F00008032636EEC4858C16CDF265038AA4B41,Restaurante Bar Fu-hao,San Luis Potosí,San Luis Potosí,Wine-Beer,none,no_accessibility,3,1,1.0,1.3333333333333333,1.3333333333333333,6,1.0,Bar,4.0,U1136,1,2,2,1,0,0,"22.142017000000003,-100.999246"
132717,23.7318602,-99.1504365,0101000020957F0000B21C3F6C5E8557C188ACCF0A444B4941,tortas hawai,Desconocida,Desconocido,No_Alcohol_Served,not permitted,partially,2,1,1.3333333333333333,1.3333333333333333,1.0,3,1.0,Fast_Food,1.0,U1023,0,0,0,1,0,1,"23.7318602,-99.1504365"
132717,23.7318602,-99.1504365,0101000020957F0000B21C3F6C5E8557C188ACCF0A444B4941,tortas hawai,Desconocida,Desconocido,No_Alcohol_Served,not permitted,partially,2,1,1.3333333333333333,1.3333333333333333,1.0,3,1.0,Fast_Food,1.0,U1060,2,2,2,1,0,1,"23.7318602,-99.1504365"
132717,23.7318602,-99.1504365,0101000020957F0000B21C3F6C5E8557C188ACCF0A444B4941,tortas hawai,Desconocida,Desconocido,No_Alcohol_Served,not permitted,partially,2,1,1.3333333333333333,1.3333333333333333,1.0,3,1.0,Fast_Food,1.0,U1011,2,2,1,1,0,1,"23.7318602,-99.1504365"
132861,22.1480965,-101.0173023,0101000020957F000074BBAF047E4758C1424B73C701AF4B41,Carls Jr,San Luis Potosí,San Luis Potosí,No_Alcohol_Served,not permitted,completely,2,0,1.4285714285714286,1.5714285714285714,1.4285714285714286,7,1.0,Burgers,5.0,U1038,1,1,2,1,0,1,"22.1480965,-101.0173023"
132861,22.1480965,-101.0173023,0101000020957F000074BBAF047E4758C1424B73C701AF4B41,Carls Jr,San Luis Potosí,San Luis Potosí,No_Alcohol_Served,not permitted,completely,2,0,1.4285714285714286,1.5714285714285714,1.4285714285714286,7,1.0,Burgers,5.0,U1084,2,2,2,1,0,1,"22.1480965,-101.0173023"
132861,22.1480965,-101.0173023,0101000020957F000074BBAF047E4758C1424B73C701AF4B41,Carls Jr,San Luis Potosí,San Luis Potosí,No_Alcohol_Served,not permitted,completely,2,0,1.4285714285714286,1.5714285714285714,1.4285714285714286,7,1.0,Burgers,5.0,U1095,1,1,1,1,0,1,"22.1480965,-101.0173023"
132861,22.1480965,-101.0173023,0101000020957F000074BBAF047E4758C1424B73C701AF4B41,Carls Jr,San Luis Potosí,San Luis Potosí,No_Alcohol_Served,not permitted,completely,2,0,1.4285714285714286,1.5714285714285714,1.4285714285714286,7,1.0,Burgers,5.0,U1098,2,2,1,1,0,1,"22.1480965,-101.0173023"
132861,22.1480965,-101.0173023,0101000020957F000074BBAF047E4758C1424B73C701AF4B41,Carls Jr,San Luis Potosí,San Luis Potosí,No_Alcohol_Served,not permitted,completely,2,0,1.4285714285714286,1.5714285714285714,1.4285714285714286,7,1.0,Burgers,5.0,U1091,1,1,1,1,0,1,"22.1480965,-101.0173023"
132861,22.1480965,-101.0173023,0101000020957F000074BBAF047E4758C1424B73C701AF4B41,Carls Jr,San Luis Potosí,San Luis Potosí,No_Alcohol_Served,not permitted,completely,2,0,1.4285714285714286,1.5714285714285714,1.4285714285714286,7,1.0,Burgers,5.0,U1046,1,2,2,1,0,1,"22.1480965,-101.0173023"
132861,22.1480965,-101.0173023,0101000020957F000074BBAF047E4758C1424B73C701AF4B41,Carls Jr,San Luis Potosí,San Luis Potosí,No_Alcohol_Served,not permitted,completely,2,0,1.4285714285714286,1.5714285714285714,1.4285714285714286,7,1.0,Burgers,5.0,U1097,2,2,1,1,0,1,"22.1480965,-101.0173023"
132885,22.1795169,-100.9584358,0101000020957F0000B1DA6F2D504458C112A26CA45B9C4B41,Hamburguesas saul,San Luis Potosí,San Luis Potosí,No_Alcohol_Served,none,completely,1,1,0.6,0.6,0.4,5,1.0,Cafeteria,1.0,U1078,1,1,1,1,0,0,"22.1795169,-100.9584358"
132885,22.1795169,-100.9584358,0101000020957F0000B1DA6F2D504458C112A26CA45B9C4B41,Hamburguesas saul,San Luis Potosí,San Luis Potosí,No_Alcohol_Served,none,completely,1,1,0.6,0.6,0.4,5,1.0,Cafeteria,1.0,U1099,0,0,0,1,0,0,"22.1795169,-100.9584358"
132885,22.1795169,-100.9584358,0101000020957F0000B1DA6F2D504458C112A26CA45B9C4B41,Hamburguesas saul,San Luis Potosí,San Luis Potosí,No_Alcohol_Served,none,completely,1,1,0.6,0.6,0.4,5,1.0,Cafeteria,1.0,U1085,0,0,0,1,0,0,"22.1795169,-100.9584358"
132885,22.1795169,-100.9584358,0101000020957F0000B1DA6F2D504458C112A26CA45B9C4B41,Hamburguesas saul,San Luis Potosí,San Luis Potosí,No_Alcohol_Served,none,completely,1,1,0.6,0.6,0.4,5,1.0,Cafeteria,1.0,U1098,1,1,0,1,0,0,"22.1795169,-100.9584358"
132885,22.1795169,-100.9584358,0101000020957F0000B1DA6F2D504458C112A26CA45B9C4B41,Hamburguesas saul,San Luis Potosí,San Luis Potosí,No_Alcohol_Served,none,completely,1,1,0.6,0.6,0.4,5,1.0,Cafeteria,1.0,U1058,1,1,1,1,0,0,"22.1795169,-100.9584358"
132740,23.7521965,-99.1666317,0101000020957F000027A30471EE8157C1AC17D61EC84E4941,Carreton de Flautas y Migadas,Ciudad Victoria,Tamaulipas,No_Alcohol_Served,permitted,completely,1,1,0.75,1.25,0.625,8,1.0,Mexican,1.0,U1068,0,0,0,0,0,0,"23.7521965,-99.1666317"
132740,23.7521965,-99.1666317,0101000020957F000027A30471EE8157C1AC17D61EC84E4941,Carreton de Flautas y Migadas,Ciudad Victoria,Tamaulipas,No_Alcohol_Served,permitted,completely,1,1,0.75,1.25,0.625,8,1.0,Mexican,1.0,U1060,1,2,1,0,0,0,"23.7521965,-99.1666317"
132740,23.7521965,-99.1666317,0101000020957F000027A30471EE8157C1AC17D61EC84E4941,Carreton de Flautas y Migadas,Ciudad Victoria,Tamaulipas,No_Alcohol_Served,permitted,completely,1,1,0.75,1.25,0.625,8,1.0,Mexican,1.0,U1123,1,1,1,0,0,0,"23.7521965,-99.1666317"
132740,23.7521965,-99.1666317,0101000020957F000027A30471EE8157C1AC17D61EC84E4941,Carreton de Flautas y Migadas,Ciudad Victoria,Tamaulipas,No_Alcohol_Served,permitted,completely,1,1,0.75,1.25,0.625,8,1.0,Mexican,1.0,U1021,2,2,1,0,0,0,"23.7521965,-99.1666317"
132740,23.7521965,-99.1666317,0101000020957F000027A30471EE8157C1AC17D61EC84E4941,Carreton de Flautas y Migadas,Ciudad Victoria,Tamaulipas,No_Alcohol_Served,permitted,completely,1,1,0.75,1.25,0.625,8,1.0,Mexican,1.0,U1023,0,0,0,0,0,0,"23.7521965,-99.1666317"
132740,23.7521965,-99.1666317,0101000020957F000027A30471EE8157C1AC17D61EC84E4941,Carreton de Flautas y Migadas,Ciudad Victoria,Tamaulipas,No_Alcohol_Served,permitted,completely,1,1,0.75,1.25,0.625,8,1.0,Mexican,1.0,U1050,0,2,0,0,0,0,"23.7521965,-99.1666317"
132740,23.7521965,-99.1666317,0101000020957F000027A30471EE8157C1AC17D61EC84E4941,Carreton de Flautas y Migadas,Ciudad Victoria,Tamaulipas,No_Alcohol_Served,permitted,completely,1,1,0.75,1.25,0.625,8,1.0,Mexican,1.0,U1028,1,1,1,0,0,0,"23.7521965,-99.1666317"
132740,23.7521965,-99.1666317,0101000020957F000027A30471EE8157C1AC17D61EC84E4941,Carreton de Flautas y Migadas,Ciudad Victoria,Tamaulipas,No_Alcohol_Served,permitted,completely,1,1,0.75,1.25,0.625,8,1.0,Mexican,1.0,U1087,1,2,1,0,0,0,"23.7521965,-99.1666317"
132830,22.1508494,-100.9397522,0101000020957F0000F2E21C48374958C1C6826887BA984B41,Rincon Huasteco,Desconocida,Desconocido,No_Alcohol_Served,none,completely,1,1,0.9166666666666666,1.1666666666666667,0.9166666666666666,12,1.0,Mexican,1.0,U1001,1,1,1,0,1,0,"22.1508494,-100.9397522"
132830,22.1508494,-100.9397522,0101000020957F0000F2E21C48374958C1C6826887BA984B41,Rincon Huasteco,Desconocida,Desconocido,No_Alcohol_Served,none,completely,1,1,0.9166666666666666,1.1666666666666667,0.9166666666666666,12,1.0,Mexican,1.0,U1088,0,2,2,0,1,0,"22.1508494,-100.9397522"
132830,22.1508494,-100.9397522,0101000020957F0000F2E21C48374958C1C6826887BA984B41,Rincon Huasteco,Desconocida,Desconocido,No_Alcohol_Served,none,completely,1,1,0.9166666666666666,1.1666666666666667,0.9166666666666666,12,1.0,Mexican,1.0,U1014,2,2,1,0,1,0,"22.1508494,-100.9397522"
132830,22.1508494,-100.9397522,0101000020957F0000F2E21C48374958C1C6826887BA984B41,Rincon Huasteco,Desconocida,Desconocido,No_Alcohol_Served,none,completely,1,1,0.9166666666666666,1.1666666666666667,0.9166666666666666,12,1.0,Mexican,1.0,U1126,0,0,0,0,1,0,"22.1508494,-100.9397522"
132830,22.1508494,-100.9397522,0101000020957F0000F2E21C48374958C1C6826887BA984B41,Rincon Huasteco,Desconocida,Desconocido,No_Alcohol_Served,none,completely,1,1,0.9166666666666666,1.1666666666666667,0.9166666666666666,12,1.0,Mexican,1.0,U1094,0,1,0,0,1,0,"22.1508494,-100.9397522"
132830,22.1508494,-100.9397522,0101000020957F0000F2E21C48374958C1C6826887BA984B41,Rincon Huasteco,Desconocida,Desconocido,No_Alcohol_Served,none,completely,1,1,0.9166666666666666,1.1666666666666667,0.9166666666666666,12,1.0,Mexican,1.0,U1105,0,0,0,0,1,0,"22.1508494,-100.9397522"
132830,22.1508494,-100.9397522,0101000020957F0000F2E21C48374958C1C6826887BA984B41,Rincon Huasteco,Desconocida,Desconocido,No_Alcohol_Served,none,completely,1,1,0.9166666666666666,1.1666666666666667,0.9166666666666666,12,1.0,Mexican,1.0,U1075,1,1,1,0,1,0,"22.1508494,-100.9397522"
132830,22.1508494,-100.9397522,0101000020957F0000F2E21C48374958C1C6826887BA984B41,Rincon Huasteco,Desconocida,Desconocido,No_Alcohol_Served,none,completely,1,1,0.9166666666666666,1.1666666666666667,0.9166666666666666,12,1.0,Mexican,1.0,U1115,2,2,2,0,1,0,"22.1508494,-100.9397522"
132830,22.1508494,-100.9397522,0101000020957F0000F2E21C48374958C1C6826887BA984B41,Rincon Huasteco,Desconocida,Desconocido,No_Alcohol_Served,none,completely,1,1,0.9166666666666666,1.1666666666666667,0.9166666666666666,12,1.0,Mexican,1.0,U1005,1,1,0,0,1,0,"22.1508494,-100.9397522"
132830,22.1508494,-100.9397522,0101000020957F0000F2E21C48374958C1C6826887BA984B41,Rincon Huasteco,Desconocida,Desconocido,No_Alcohol_Served,none,completely,1,1,0.9166666666666666,1.1666666666666667,0.9166666666666666,12,1.0,Mexican,1.0,U1037,2,2,2,0,1,0,"22.1508494,-100.9397522"
132830,22.1508494,-100.9397522,0101000020957F0000F2E21C48374958C1C6826887BA984B41,Rincon Huasteco,Desconocida,Desconocido,No_Alcohol_Served,none,completely,1,1,0.9166666666666666,1.1666666666666667,0.9166666666666666,12,1.0,Mexican,1.0,U1019,0,0,0,0,1,0,"22.1508494,-100.9397522"
132830,22.1508494,-100.9397522,0101000020957F0000F2E21C48374958C1C6826887BA984B41,Rincon Huasteco,Desconocida,Desconocido,No_Alcohol_Served,none,completely,1,1,0.9166666666666666,1.1666666666666667,0.9166666666666666,12,1.0,Mexican,1.0,U1025,2,2,2,0,1,0,"22.1508494,-100.9397522"
132773,18.869992899999996,-99.2103195,0101000020957F0000B1F935F9FA775AC1D06DFD1017514A41,El cotorreo,Cuernavaca,Morelos,Wine-Beer,permitted,no_accessibility,1,1,1.5,1.25,1.75,4,2.0,Family,1.0,U1072,2,1,2,0,0,1,"18.869992899999996,-99.2103195"
132773,18.869992899999996,-99.2103195,0101000020957F0000B1F935F9FA775AC1D06DFD1017514A41,El cotorreo,Cuernavaca,Morelos,Wine-Beer,permitted,no_accessibility,1,1,1.5,1.25,1.75,4,2.0,Family,1.0,U1117,1,2,2,0,0,1,"18.869992899999996,-99.2103195"
132773,18.869992899999996,-99.2103195,0101000020957F0000B1F935F9FA775AC1D06DFD1017514A41,El cotorreo,Cuernavaca,Morelos,Wine-Beer,permitted,no_accessibility,1,1,1.5,1.25,1.75,4,2.0,Family,1.0,U1035,2,1,2,0,0,1,"18.869992899999996,-99.2103195"
132773,18.869992899999996,-99.2103195,0101000020957F0000B1F935F9FA775AC1D06DFD1017514A41,El cotorreo,Cuernavaca,Morelos,Wine-Beer,permitted,no_accessibility,1,1,1.5,1.25,1.75,4,2.0,Family,1.0,U1040,1,1,1,0,0,1,"18.869992899999996,-99.2103195"
132773,18.869992899999996,-99.2103195,0101000020957F0000B1F935F9FA775AC1D06DFD1017514A41,El cotorreo,Cuernavaca,Morelos,Wine-Beer,permitted,no_accessibility,1,1,1.5,1.25,1.75,4,2.0,Mexican,1.0,U1072,2,1,2,0,0,1,"18.869992899999996,-99.2103195"
132773,18.869992899999996,-99.2103195,0101000020957F0000B1F935F9FA775AC1D06DFD1017514A41,El cotorreo,Cuernavaca,Morelos,Wine-Beer,permitted,no_accessibility,1,1,1.5,1.25,1.75,4,2.0,Mexican,1.0,U1117,1,2,2,0,0,1,"18.869992899999996,-99.2103195"
132773,18.869992899999996,-99.2103195,0101000020957F0000B1F935F9FA775AC1D06DFD1017514A41,El cotorreo,Cuernavaca,Morelos,Wine-Beer,permitted,no_accessibility,1,1,1.5,1.25,1.75,4,2.0,Mexican,1.0,U1035,2,1,2,0,0,1,"18.869992899999996,-99.2103195"
132773,18.869992899999996,-99.2103195,0101000020957F0000B1F935F9FA775AC1D06DFD1017514A41,El cotorreo,Cuernavaca,Morelos,Wine-Beer,permitted,no_accessibility,1,1,1.5,1.25,1.75,4,2.0,Mexican,1.0,U1040,1,1,1,0,0,1,"18.869992899999996,-99.2103195"
132706,23.7292162,-99.1323571,0101000020957F00000F14BF6B2C8657C1963CCB8E5C464941,Gorditas Dona Tota,Ciudad Victoria,Tamaulipas,No_Alcohol_Served,not permitted,no_accessibility,2,0,0.75,1.25,1.0,4,1.0,Mexican,2.0,U1026,0,2,0,1,0,0,"23.7292162,-99.1323571"
132706,23.7292162,-99.1323571,0101000020957F00000F14BF6B2C8657C1963CCB8E5C464941,Gorditas Dona Tota,Ciudad Victoria,Tamaulipas,No_Alcohol_Served,not permitted,no_accessibility,2,0,0.75,1.25,1.0,4,1.0,Mexican,2.0,U1129,0,0,1,1,0,0,"23.7292162,-99.1323571"
132706,23.7292162,-99.1323571,0101000020957F00000F14BF6B2C8657C1963CCB8E5C464941,Gorditas Dona Tota,Ciudad Victoria,Tamaulipas,No_Alcohol_Served,not permitted,no_accessibility,2,0,0.75,1.25,1.0,4,1.0,Mexican,2.0,U1065,2,1,2,1,0,0,"23.7292162,-99.1323571"
132706,23.7292162,-99.1323571,0101000020957F00000F14BF6B2C8657C1963CCB8E5C464941,Gorditas Dona Tota,Ciudad Victoria,Tamaulipas,No_Alcohol_Served,not permitted,no_accessibility,2,0,0.75,1.25,1.0,4,1.0,Mexican,2.0,U1130,1,2,1,1,0,0,"23.7292162,-99.1323571"
132872,22.1735955,-100.9946027,0101000020957F0000942C3434384458C1C2D3499804A74B41,Pizzeria Julios,San Luis Potosí,México,No_Alcohol_Served,not permitted,partially,2,1,0.9166666666666666,1.1666666666666667,1.1666666666666667,12,1.0,American,2.0,U1095,1,2,2,1,1,0,"22.1735955,-100.9946027"
132872,22.1735955,-100.9946027,0101000020957F0000942C3434384458C1C2D3499804A74B41,Pizzeria Julios,San Luis Potosí,México,No_Alcohol_Served,not permitted,partially,2,1,0.9166666666666666,1.1666666666666667,1.1666666666666667,12,1.0,American,2.0,U1099,1,1,2,1,1,0,"22.1735955,-100.9946027"
132872,22.1735955,-100.9946027,0101000020957F0000942C3434384458C1C2D3499804A74B41,Pizzeria Julios,San Luis Potosí,México,No_Alcohol_Served,not permitted,partially,2,1,0.9166666666666666,1.1666666666666667,1.1666666666666667,12,1.0,American,2.0,U1128,0,0,0,1,1,0,"22.1735955,-100.9946027"
132872,22.1735955,-100.9946027,0101000020957F0000942C3434384458C1C2D3499804A74B41,Pizzeria Julios,San Luis Potosí,México,No_Alcohol_Served,not permitted,partially,2,1,0.9166666666666666,1.1666666666666667,1.1666666666666667,12,1.0,American,2.0,U1062,0,0,0,1,1,0,"22.1735955,-100.9946027"
132872,22.1735955,-100.9946027,0101000020957F0000942C3434384458C1C2D3499804A74B41,Pizzeria Julios,San Luis Potosí,México,No_Alcohol_Served,not permitted,partially,2,1,0.9166666666666666,1.1666666666666667,1.1666666666666667,12,1.0,American,2.0,U1032,1,1,1,1,1,0,"22.1735955,-100.9946027"
132872,22.1735955,-100.9946027,0101000020957F0000942C3434384458C1C2D3499804A74B41,Pizzeria Julios,San Luis Potosí,México,No_Alcohol_Served,not permitted,partially,2,1,0.9166666666666666,1.1666666666666667,1.1666666666666667,12,1.0,American,2.0,U1085,0,2,2,1,1,0,"22.1735955,-100.9946027"
132872,22.1735955,-100.9946027,0101000020957F0000942C3434384458C1C2D3499804A74B41,Pizzeria Julios,San Luis Potosí,México,No_Alcohol_Served,not permitted,partially,2,1,0.9166666666666666,1.1666666666666667,1.1666666666666667,12,1.0,American,2.0,U1109,1,1,1,1,1,0,"22.1735955,-100.9946027"
132872,22.1735955,-100.9946027,0101000020957F0000942C3434384458C1C2D3499804A74B41,Pizzeria Julios,San Luis Potosí,México,No_Alcohol_Served,not permitted,partially,2,1,0.9166666666666666,1.1666666666666667,1.1666666666666667,12,1.0,American,2.0,U1122,2,2,2,1,1,0,"22.1735955,-100.9946027"
132872,22.1735955,-100.9946027,0101000020957F0000942C3434384458C1C2D3499804A74B41,Pizzeria Julios,San Luis Potosí,México,No_Alcohol_Served,not permitted,partially,2,1,0.9166666666666666,1.1666666666666667,1.1666666666666667,12,1.0,American,2.0,U1089,1,1,1,1,1,0,"22.1735955,-100.9946027"
132872,22.1735955,-100.9946027,0101000020957F0000942C3434384458C1C2D3499804A74B41,Pizzeria Julios,San Luis Potosí,México,No_Alcohol_Served,not permitted,partially,2,1,0.9166666666666666,1.1666666666666667,1.1666666666666667,12,1.0,American,2.0,U1027,1,1,1,1,1,0,"22.1735955,-100.9946027"
132872,22.1735955,-100.9946027,0101000020957F0000942C3434384458C1C2D3499804A74B41,Pizzeria Julios,San Luis Potosí,México,No_Alcohol_Served,not permitted,partially,2,1,0.9166666666666666,1.1666666666666667,1.1666666666666667,12,1.0,American,2.0,U1114,1,1,1,1,1,0,"22.1735955,-100.9946027"
132872,22.1735955,-100.9946027,0101000020957F0000942C3434384458C1C2D3499804A74B41,Pizzeria Julios,San Luis Potosí,México,No_Alcohol_Served,not permitted,partially,2,1,0.9166666666666666,1.1666666666666667,1.1666666666666667,12,1.0,American,2.0,U1058,2,2,1,1,1,0,"22.1735955,-100.9946027"
134987,18.932725,-99.225211,0101000020957F0000FE987FAF936D5AC1E1D486215E524A41,Chilis Cuernavaca,Cuernavaca,Morelos,Wine-Beer,none,no_accessibility,2,1,1.0,0.5,1.0,4,1.0,Mexican,1.0,U1044,0,0,0,0,0,0,"18.932725,-99.225211"
134987,18.932725,-99.225211,0101000020957F0000FE987FAF936D5AC1E1D486215E524A41,Chilis Cuernavaca,Cuernavaca,Morelos,Wine-Beer,none,no_accessibility,2,1,1.0,0.5,1.0,4,1.0,Mexican,1.0,U1127,2,0,2,0,0,0,"18.932725,-99.225211"
134987,18.932725,-99.225211,0101000020957F0000FE987FAF936D5AC1E1D486215E524A41,Chilis Cuernavaca,Cuernavaca,Morelos,Wine-Beer,none,no_accessibility,2,1,1.0,0.5,1.0,4,1.0,Mexican,1.0,U1118,0,0,0,0,0,0,"18.932725,-99.225211"
134987,18.932725,-99.225211,0101000020957F0000FE987FAF936D5AC1E1D486215E524A41,Chilis Cuernavaca,Cuernavaca,Morelos,Wine-Beer,none,no_accessibility,2,1,1.0,0.5,1.0,4,1.0,Mexican,1.0,U1074,2,2,2,0,0,0,"18.932725,-99.225211"
132572,22.141647100000004,-100.9927118,0101000020957F00005D19BF45294958C18FF7F8E260A84B41,Cafe Chaires,San Luis Potosí,San Luis Potosí,No_Alcohol_Served,not permitted,completely,1,1,1.0,1.0,0.9333333333333333,15,1.0,Cafeteria,1.0,U1108,1,2,1,1,1,0,"22.141647100000004,-100.9927118"
132572,22.141647100000004,-100.9927118,0101000020957F00005D19BF45294958C18FF7F8E260A84B41,Cafe Chaires,San Luis Potosí,San Luis Potosí,No_Alcohol_Served,not permitted,completely,1,1,1.0,1.0,0.9333333333333333,15,1.0,Cafeteria,1.0,U1055,2,2,2,1,1,0,"22.141647100000004,-100.9927118"
132572,22.141647100000004,-100.9927118,0101000020957F00005D19BF45294958C18FF7F8E260A84B41,Cafe Chaires,San Luis Potosí,San Luis Potosí,No_Alcohol_Served,not permitted,completely,1,1,1.0,1.0,0.9333333333333333,15,1.0,Cafeteria,1.0,U1083,2,2,2,1,1,0,"22.141647100000004,-100.9927118"
132572,22.141647100000004,-100.9927118,0101000020957F00005D19BF45294958C18FF7F8E260A84B41,Cafe Chaires,San Luis Potosí,San Luis Potosí,No_Alcohol_Served,not permitted,completely,1,1,1.0,1.0,0.9333333333333333,15,1.0,Cafeteria,1.0,U1134,0,0,0,1,1,0,"22.141647100000004,-100.9927118"
132572,22.141647100000004,-100.9927118,0101000020957F00005D19BF45294958C18FF7F8E260A84B41,Cafe Chaires,San Luis Potosí,San Luis Potosí,No_Alcohol_Served,not permitted,completely,1,1,1.0,1.0,0.9333333333333333,15,1.0,Cafeteria,1.0,U1007,1,1,1,1,1,0,"22.141647100000004,-100.9927118"
132572,22.141647100000004,-100.9927118,0101000020957F00005D19BF45294958C18FF7F8E260A84B41,Cafe Chaires,San Luis Potosí,San Luis Potosí,No_Alcohol_Served,not permitted,completely,1,1,1.0,1.0,0.9333333333333333,15,1.0,Cafeteria,1.0,U1092,1,0,0,1,1,0,"22.141647100000004,-100.9927118"
132572,22.141647100000004,-100.9927118,0101000020957F00005D19BF45294958C18FF7F8E260A84B41,Cafe Chaires,San Luis Potosí,San Luis Potosí,No_Alcohol_Served,not permitted,completely,1,1,1.0,1.0,0.9333333333333333,15,1.0,Cafeteria,1.0,U1033,1,0,0,1,1,0,"22.141647100000004,-100.9927118"
132572,22.141647100000004,-100.9927118,0101000020957F00005D19BF45294958C18FF7F8E260A84B41,Cafe Chaires,San Luis Potosí,San Luis Potosí,No_Alcohol_Served,not permitted,completely,1,1,1.0,1.0,0.9333333333333333,15,1.0,Cafeteria,1.0,U1091,2,2,2,1,1,0,"22.141647100000004,-100.9927118"
132572,22.141647100000004,-100.9927118,0101000020957F00005D19BF45294958C18FF7F8E260A84B41,Cafe Chaires,San Luis Potosí,San Luis Potosí,No_Alcohol_Served,not permitted,completely,1,1,1.0,1.0,0.9333333333333333,15,1.0,Cafeteria,1.0,U1090,1,1,2,1,1,0,"22.141647100000004,-100.9927118"
132572,22.141647100000004,-100.9927118,0101000020957F00005D19BF45294958C18FF7F8E260A84B41,Cafe Chaires,San Luis Potosí,San Luis Potosí,No_Alcohol_Served,not permitted,completely,1,1,1.0,1.0,0.9333333333333333,15,1.0,Cafeteria,1.0,U1013,1,1,0,1,1,0,"22.141647100000004,-100.9927118"
132572,22.141647100000004,-100.9927118,0101000020957F00005D19BF45294958C18FF7F8E260A84B41,Cafe Chaires,San Luis Potosí,San Luis Potosí,No_Alcohol_Served,not permitted,completely,1,1,1.0,1.0,0.9333333333333333,15,1.0,Cafeteria,1.0,U1061,1,2,2,1,1,0,"22.141647100000004,-100.9927118"
132572,22.141647100000004,-100.9927118,0101000020957F00005D19BF45294958C18FF7F8E260A84B41,Cafe Chaires,San Luis Potosí,San Luis Potosí,No_Alcohol_Served,not permitted,completely,1,1,1.0,1.0,0.9333333333333333,15,1.0,Cafeteria,1.0,U1046,1,2,0,1,1,0,"22.141647100000004,-100.9927118"
132572,22.141647100000004,-100.9927118,0101000020957F00005D19BF45294958C18FF7F8E260A84B41,Cafe Chaires,San Luis Potosí,San Luis Potosí,No_Alcohol_Served,not permitted,completely,1,1,1.0,1.0,0.9333333333333333,15,1.0,Cafeteria,1.0,U1112,0,0,1,1,1,0,"22.141647100000004,-100.9927118"
132572,22.141647100000004,-100.9927118,0101000020957F00005D19BF45294958C18FF7F8E260A84B41,Cafe Chaires,San Luis Potosí,San Luis Potosí,No_Alcohol_Served,not permitted,completely,1,1,1.0,1.0,0.9333333333333333,15,1.0,Cafeteria,1.0,U1006,1,0,1,1,1,0,"22.141647100000004,-100.9927118"
132572,22.141647100000004,-100.9927118,0101000020957F00005D19BF45294958C18FF7F8E260A84B41,Cafe Chaires,San Luis Potosí,San Luis Potosí,No_Alcohol_Served,not permitted,completely,1,1,1.0,1.0,0.9333333333333333,15,1.0,Cafeteria,1.0,U1073,0,0,0,1,1,0,"22.141647100000004,-100.9927118"
132958,22.1449787,-101.0056829,0101000020957F000049095EB34A4858C15CB4BD1EE1AB4B41,tacos los volcanes,San Luis Potosí,San Luis Potosí,No_Alcohol_Served,none,completely,1,0,1.6666666666666667,1.5,1.5,6,1.0,American,5.0,U1004,2,2,2,0,0,1,"22.1449787,-101.0056829"
132958,22.1449787,-101.0056829,0101000020957F000049095EB34A4858C15CB4BD1EE1AB4B41,tacos los volcanes,San Luis Potosí,San Luis Potosí,No_Alcohol_Served,none,completely,1,0,1.6666666666666667,1.5,1.5,6,1.0,American,5.0,U1061,2,2,2,0,0,1,"22.1449787,-101.0056829"
132958,22.1449787,-101.0056829,0101000020957F000049095EB34A4858C15CB4BD1EE1AB4B41,tacos los volcanes,San Luis Potosí,San Luis Potosí,No_Alcohol_Served,none,completely,1,0,1.6666666666666667,1.5,1.5,6,1.0,American,5.0,U1025,1,0,0,0,0,1,"22.1449787,-101.0056829"
132958,22.1449787,-101.0056829,0101000020957F000049095EB34A4858C15CB4BD1EE1AB4B41,tacos los volcanes,San Luis Potosí,San Luis Potosí,No_Alcohol_Served,none,completely,1,0,1.6666666666666667,1.5,1.5,6,1.0,American,5.0,U1097,2,1,1,0,0,1,"22.1449787,-101.0056829"
132958,22.1449787,-101.0056829,0101000020957F000049095EB34A4858C15CB4BD1EE1AB4B41,tacos los volcanes,San Luis Potosí,San Luis Potosí,No_Alcohol_Served,none,completely,1,0,1.6666666666666667,1.5,1.5,6,1.0,American,5.0,U1096,1,2,2,0,0,1,"22.1449787,-101.0056829"
132958,22.1449787,-101.0056829,0101000020957F000049095EB34A4858C15CB4BD1EE1AB4B41,tacos los volcanes,San Luis Potosí,San Luis Potosí,No_Alcohol_Served,none,completely,1,0,1.6666666666666667,1.5,1.5,6,1.0,American,5.0,U1136,2,2,2,0,0,1,"22.1449787,-101.0056829"
132733,23.7527071,-99.1625655,0101000020957F0000F2F4110CF28157C1DCFD7C1BA04D4941,Little Cesarz,Ciudad Victoria,Tamaulipas,No_Alcohol_Served,not permitted,completely,2,0,1.3,1.3,1.2,10,1.0,Pizzeria,4.0,U1067,1,1,1,1,0,1,"23.7527071,-99.1625655"
132733,23.7527071,-99.1625655,0101000020957F0000F2F4110CF28157C1DCFD7C1BA04D4941,Little Cesarz,Ciudad Victoria,Tamaulipas,No_Alcohol_Served,not permitted,completely,2,0,1.3,1.3,1.2,10,1.0,Pizzeria,4.0,U1103,2,2,2,1,0,1,"23.7527071,-99.1625655"
132733,23.7527071,-99.1625655,0101000020957F0000F2F4110CF28157C1DCFD7C1BA04D4941,Little Cesarz,Ciudad Victoria,Tamaulipas,No_Alcohol_Served,not permitted,completely,2,0,1.3,1.3,1.2,10,1.0,Pizzeria,4.0,U1107,2,2,2,1,0,1,"23.7527071,-99.1625655"
132733,23.7527071,-99.1625655,0101000020957F0000F2F4110CF28157C1DCFD7C1BA04D4941,Little Cesarz,Ciudad Victoria,Tamaulipas,No_Alcohol_Served,not permitted,completely,2,0,1.3,1.3,1.2,10,1.0,Pizzeria,4.0,U1060,2,1,2,1,0,1,"23.7527071,-99.1625655"
132733,23.7527071,-99.1625655,0101000020957F0000F2F4110CF28157C1DCFD7C1BA04D4941,Little Cesarz,Ciudad Victoria,Tamaulipas,No_Alcohol_Served,not permitted,completely,2,0,1.3,1.3,1.2,10,1.0,Pizzeria,4.0,U1123,1,2,1,1,0,1,"23.7527071,-99.1625655"
132733,23.7527071,-99.1625655,0101000020957F0000F2F4110CF28157C1DCFD7C1BA04D4941,Little Cesarz,Ciudad Victoria,Tamaulipas,No_Alcohol_Served,not permitted,completely,2,0,1.3,1.3,1.2,10,1.0,Pizzeria,4.0,U1023,2,2,2,1,0,1,"23.7527071,-99.1625655"
132733,23.7527071,-99.1625655,0101000020957F0000F2F4110CF28157C1DCFD7C1BA04D4941,Little Cesarz,Ciudad Victoria,Tamaulipas,No_Alcohol_Served,not permitted,completely,2,0,1.3,1.3,1.2,10,1.0,Pizzeria,4.0,U1080,1,1,1,1,0,1,"23.7527071,-99.1625655"
132733,23.7527071,-99.1625655,0101000020957F0000F2F4110CF28157C1DCFD7C1BA04D4941,Little Cesarz,Ciudad Victoria,Tamaulipas,No_Alcohol_Served,not permitted,completely,2,0,1.3,1.3,1.2,10,1.0,Pizzeria,4.0,U1082,0,0,0,1,0,1,"23.7527071,-99.1625655"
132733,23.7527071,-99.1625655,0101000020957F0000F2F4110CF28157C1DCFD7C1BA04D4941,Little Cesarz,Ciudad Victoria,Tamaulipas,No_Alcohol_Served,not permitted,completely,2,0,1.3,1.3,1.2,10,1.0,Pizzeria,4.0,U1028,1,1,1,1,0,1,"23.7527071,-99.1625655"
132733,23.7527071,-99.1625655,0101000020957F0000F2F4110CF28157C1DCFD7C1BA04D4941,Little Cesarz,Ciudad Victoria,Tamaulipas,No_Alcohol_Served,not permitted,completely,2,0,1.3,1.3,1.2,10,1.0,Pizzeria,4.0,U1068,1,1,0,1,0,1,"23.7527071,-99.1625655"
132922,22.1511348,-100.9823115,0101000020957F000060A98A38FF4758C146718E41D9A44B41,cafe punta del cielo,Desconocida,Desconocido,No_Alcohol_Served,permitted,completely,2,1,1.8333333333333333,1.5,1.8333333333333333,6,1.0,Cafeteria,1.0,U1138,2,2,2,0,0,1,"22.1511348,-100.9823115"
132922,22.1511348,-100.9823115,0101000020957F000060A98A38FF4758C146718E41D9A44B41,cafe punta del cielo,Desconocida,Desconocido,No_Alcohol_Served,permitted,completely,2,1,1.8333333333333333,1.5,1.8333333333333333,6,1.0,Cafeteria,1.0,U1003,2,2,2,0,0,1,"22.1511348,-100.9823115"
132922,22.1511348,-100.9823115,0101000020957F000060A98A38FF4758C146718E41D9A44B41,cafe punta del cielo,Desconocida,Desconocido,No_Alcohol_Served,permitted,completely,2,1,1.8333333333333333,1.5,1.8333333333333333,6,1.0,Cafeteria,1.0,U1029,1,1,1,0,0,1,"22.1511348,-100.9823115"
132922,22.1511348,-100.9823115,0101000020957F000060A98A38FF4758C146718E41D9A44B41,cafe punta del cielo,Desconocida,Desconocido,No_Alcohol_Served,permitted,completely,2,1,1.8333333333333333,1.5,1.8333333333333333,6,1.0,Cafeteria,1.0,U1086,2,1,2,0,0,1,"22.1511348,-100.9823115"
132922,22.1511348,-100.9823115,0101000020957F000060A98A38FF4758C146718E41D9A44B41,cafe punta del cielo,Desconocida,Desconocido,No_Alcohol_Served,permitted,completely,2,1,1.8333333333333333,1.5,1.8333333333333333,6,1.0,Cafeteria,1.0,U1090,2,2,2,0,0,1,"22.1511348,-100.9823115"
132922,22.1511348,-100.9823115,0101000020957F000060A98A38FF4758C146718E41D9A44B41,cafe punta del cielo,Desconocida,Desconocido,No_Alcohol_Served,permitted,completely,2,1,1.8333333333333333,1.5,1.8333333333333333,6,1.0,Cafeteria,1.0,U1006,2,1,2,0,0,1,"22.1511348,-100.9823115"
132715,23.732422600000003,-99.1586602,0101000020957F00004609B96F198557C11973490A874D4941,tacos de la estacion,Desconocida,Desconocido,No_Alcohol_Served,none,no_accessibility,1,1,1.0,1.0,0.5,4,1.0,Mexican,1.0,U1023,0,0,0,0,0,0,"23.732422600000003,-99.1586602"
132715,23.732422600000003,-99.1586602,0101000020957F00004609B96F198557C11973490A874D4941,tacos de la estacion,Desconocida,Desconocido,No_Alcohol_Served,none,no_accessibility,1,1,1.0,1.0,0.5,4,1.0,Mexican,1.0,U1021,2,2,1,0,0,0,"23.732422600000003,-99.1586602"
132715,23.732422600000003,-99.1586602,0101000020957F00004609B96F198557C11973490A874D4941,tacos de la estacion,Desconocida,Desconocido,No_Alcohol_Served,none,no_accessibility,1,1,1.0,1.0,0.5,4,1.0,Mexican,1.0,U1080,1,1,1,0,0,0,"23.732422600000003,-99.1586602"
132715,23.732422600000003,-99.1586602,0101000020957F00004609B96F198557C11973490A874D4941,tacos de la estacion,Desconocida,Desconocido,No_Alcohol_Served,none,no_accessibility,1,1,1.0,1.0,0.5,4,1.0,Mexican,1.0,U1011,1,1,0,0,0,0,"23.732422600000003,-99.1586602"
135027,22.147145,-100.974494,0101000020957F000087BEDDE8D24858C1B20CDB33DBA24B41,Restaurant Orizatlan,San Luis Potosí,San Luis Potosí,Wine-Beer,none,no_accessibility,2,1,0.875,1.375,1.0,8,1.0,Mexican,4.0,U1081,0,1,1,0,0,0,"22.147145,-100.974494"
135027,22.147145,-100.974494,0101000020957F000087BEDDE8D24858C1B20CDB33DBA24B41,Restaurant Orizatlan,San Luis Potosí,San Luis Potosí,Wine-Beer,none,no_accessibility,2,1,0.875,1.375,1.0,8,1.0,Mexican,4.0,U1056,2,2,2,0,0,0,"22.147145,-100.974494"
135027,22.147145,-100.974494,0101000020957F000087BEDDE8D24858C1B20CDB33DBA24B41,Restaurant Orizatlan,San Luis Potosí,San Luis Potosí,Wine-Beer,none,no_accessibility,2,1,0.875,1.375,1.0,8,1.0,Mexican,4.0,U1076,0,1,1,0,0,0,"22.147145,-100.974494"
135027,22.147145,-100.974494,0101000020957F000087BEDDE8D24858C1B20CDB33DBA24B41,Restaurant Orizatlan,San Luis Potosí,San Luis Potosí,Wine-Beer,none,no_accessibility,2,1,0.875,1.375,1.0,8,1.0,Mexican,4.0,U1116,0,2,2,0,0,0,"22.147145,-100.974494"
135027,22.147145,-100.974494,0101000020957F000087BEDDE8D24858C1B20CDB33DBA24B41,Restaurant Orizatlan,San Luis Potosí,San Luis Potosí,Wine-Beer,none,no_accessibility,2,1,0.875,1.375,1.0,8,1.0,Mexican,4.0,U1024,1,2,0,0,0,0,"22.147145,-100.974494"
135027,22.147145,-100.974494,0101000020957F000087BEDDE8D24858C1B20CDB33DBA24B41,Restaurant Orizatlan,San Luis Potosí,San Luis Potosí,Wine-Beer,none,no_accessibility,2,1,0.875,1.375,1.0,8,1.0,Mexican,4.0,U1132,2,1,0,0,0,0,"22.147145,-100.974494"
135027,22.147145,-100.974494,0101000020957F000087BEDDE8D24858C1B20CDB33DBA24B41,Restaurant Orizatlan,San Luis Potosí,San Luis Potosí,Wine-Beer,none,no_accessibility,2,1,0.875,1.375,1.0,8,1.0,Mexican,4.0,U1077,0,1,1,0,0,0,"22.147145,-100.974494"
135027,22.147145,-100.974494,0101000020957F000087BEDDE8D24858C1B20CDB33DBA24B41,Restaurant Orizatlan,San Luis Potosí,San Luis Potosí,Wine-Beer,none,no_accessibility,2,1,0.875,1.375,1.0,8,1.0,Mexican,4.0,U1101,2,1,1,0,0,0,"22.147145,-100.974494"
132767,18.8820871,-99.1630268,0101000020957F00001672C2C435775AC1F69BF2EF0D424A41,Restaurant Familiar El Chino,Jiutepec,Morelos,Wine-Beer,permitted,partially,2,1,1.1666666666666667,1.3333333333333333,1.1666666666666667,6,1.0,Vietnamese,3.0,U1093,2,2,2,1,0,0,"18.8820871,-99.1630268"
132767,18.8820871,-99.1630268,0101000020957F00001672C2C435775AC1F69BF2EF0D424A41,Restaurant Familiar El Chino,Jiutepec,Morelos,Wine-Beer,permitted,partially,2,1,1.1666666666666667,1.3333333333333333,1.1666666666666667,6,1.0,Vietnamese,3.0,U1030,0,0,0,1,0,0,"18.8820871,-99.1630268"
132767,18.8820871,-99.1630268,0101000020957F00001672C2C435775AC1F69BF2EF0D424A41,Restaurant Familiar El Chino,Jiutepec,Morelos,Wine-Beer,permitted,partially,2,1,1.1666666666666667,1.3333333333333333,1.1666666666666667,6,1.0,Vietnamese,3.0,U1066,1,2,1,1,0,0,"18.8820871,-99.1630268"
132767,18.8820871,-99.1630268,0101000020957F00001672C2C435775AC1F69BF2EF0D424A41,Restaurant Familiar El Chino,Jiutepec,Morelos,Wine-Beer,permitted,partially,2,1,1.1666666666666667,1.3333333333333333,1.1666666666666667,6,1.0,Vietnamese,3.0,U1133,0,0,0,1,0,0,"18.8820871,-99.1630268"
132767,18.8820871,-99.1630268,0101000020957F00001672C2C435775AC1F69BF2EF0D424A41,Restaurant Familiar El Chino,Jiutepec,Morelos,Wine-Beer,permitted,partially,2,1,1.1666666666666667,1.3333333333333333,1.1666666666666667,6,1.0,Vietnamese,3.0,U1110,2,2,2,1,0,0,"18.8820871,-99.1630268"
132767,18.8820871,-99.1630268,0101000020957F00001672C2C435775AC1F69BF2EF0D424A41,Restaurant Familiar El Chino,Jiutepec,Morelos,Wine-Beer,permitted,partially,2,1,1.1666666666666667,1.3333333333333333,1.1666666666666667,6,1.0,Vietnamese,3.0,U1121,2,2,2,1,0,0,"18.8820871,-99.1630268"
135039,22.145893,-100.97487,0101000020957F000040D5CE4E014958C177DC62AE09A34B41,Restaurant de Mariscos de Picon,San Luis Potosí,San Luis Potosí,No_Alcohol_Served,section,no_accessibility,1,1,1.25,1.1666666666666667,0.9166666666666666,12,1.0,Seafood,1.0,U1081,0,0,0,1,1,1,"22.145893,-100.97487"
135039,22.145893,-100.97487,0101000020957F000040D5CE4E014958C177DC62AE09A34B41,Restaurant de Mariscos de Picon,San Luis Potosí,San Luis Potosí,No_Alcohol_Served,section,no_accessibility,1,1,1.25,1.1666666666666667,0.9166666666666666,12,1.0,Seafood,1.0,U1124,1,1,1,1,1,1,"22.145893,-100.97487"
135039,22.145893,-100.97487,0101000020957F000040D5CE4E014958C177DC62AE09A34B41,Restaurant de Mariscos de Picon,San Luis Potosí,San Luis Potosí,No_Alcohol_Served,section,no_accessibility,1,1,1.25,1.1666666666666667,0.9166666666666666,12,1.0,Seafood,1.0,U1076,2,2,1,1,1,1,"22.145893,-100.97487"
135039,22.145893,-100.97487,0101000020957F000040D5CE4E014958C177DC62AE09A34B41,Restaurant de Mariscos de Picon,San Luis Potosí,San Luis Potosí,No_Alcohol_Served,section,no_accessibility,1,1,1.25,1.1666666666666667,0.9166666666666666,12,1.0,Seafood,1.0,U1105,0,0,0,1,1,1,"22.145893,-100.97487"
135039,22.145893,-100.97487,0101000020957F000040D5CE4E014958C177DC62AE09A34B41,Restaurant de Mariscos de Picon,San Luis Potosí,San Luis Potosí,No_Alcohol_Served,section,no_accessibility,1,1,1.25,1.1666666666666667,0.9166666666666666,12,1.0,Seafood,1.0,U1075,2,2,0,1,1,1,"22.145893,-100.97487"
135039,22.145893,-100.97487,0101000020957F000040D5CE4E014958C177DC62AE09A34B41,Restaurant de Mariscos de Picon,San Luis Potosí,San Luis Potosí,No_Alcohol_Served,section,no_accessibility,1,1,1.25,1.1666666666666667,0.9166666666666666,12,1.0,Seafood,1.0,U1024,2,2,2,1,1,1,"22.145893,-100.97487"
135039,22.145893,-100.97487,0101000020957F000040D5CE4E014958C177DC62AE09A34B41,Restaurant de Mariscos de Picon,San Luis Potosí,San Luis Potosí,No_Alcohol_Served,section,no_accessibility,1,1,1.25,1.1666666666666667,0.9166666666666666,12,1.0,Seafood,1.0,U1071,2,2,2,1,1,1,"22.145893,-100.97487"
135039,22.145893,-100.97487,0101000020957F000040D5CE4E014958C177DC62AE09A34B41,Restaurant de Mariscos de Picon,San Luis Potosí,San Luis Potosí,No_Alcohol_Served,section,no_accessibility,1,1,1.25,1.1666666666666667,0.9166666666666666,12,1.0,Seafood,1.0,U1104,0,0,1,1,1,1,"22.145893,-100.97487"
135039,22.145893,-100.97487,0101000020957F000040D5CE4E014958C177DC62AE09A34B41,Restaurant de Mariscos de Picon,San Luis Potosí,San Luis Potosí,No_Alcohol_Served,section,no_accessibility,1,1,1.25,1.1666666666666667,0.9166666666666666,12,1.0,Seafood,1.0,U1106,2,1,1,1,1,1,"22.145893,-100.97487"
135039,22.145893,-100.97487,0101000020957F000040D5CE4E014958C177DC62AE09A34B41,Restaurant de Mariscos de Picon,San Luis Potosí,San Luis Potosí,No_Alcohol_Served,section,no_accessibility,1,1,1.25,1.1666666666666667,0.9166666666666666,12,1.0,Seafood,1.0,U1054,2,2,1,1,1,1,"22.145893,-100.97487"
135039,22.145893,-100.97487,0101000020957F000040D5CE4E014958C177DC62AE09A34B41,Restaurant de Mariscos de Picon,San Luis Potosí,San Luis Potosí,No_Alcohol_Served,section,no_accessibility,1,1,1.25,1.1666666666666667,0.9166666666666666,12,1.0,Seafood,1.0,U1101,1,1,1,1,1,1,"22.145893,-100.97487"
135039,22.145893,-100.97487,0101000020957F000040D5CE4E014958C177DC62AE09A34B41,Restaurant de Mariscos de Picon,San Luis Potosí,San Luis Potosí,No_Alcohol_Served,section,no_accessibility,1,1,1.25,1.1666666666666667,0.9166666666666666,12,1.0,Seafood,1.0,U1001,1,1,1,1,1,1,"22.145893,-100.97487"
134996,18.923429,-99.216413,0101000020957F0000340233E7476F5AC132844E2A2C504A41,Sanborns Casa Piedra,Cuernavaca,Morelos,Wine-Beer,only at bar,no_accessibility,2,0,1.5555555555555556,1.3333333333333333,1.5555555555555556,9,1.0,Mexican,1.0,U1012,2,2,2,1,0,1,"18.923429,-99.216413"
134996,18.923429,-99.216413,0101000020957F0000340233E7476F5AC132844E2A2C504A41,Sanborns Casa Piedra,Cuernavaca,Morelos,Wine-Beer,only at bar,no_accessibility,2,0,1.5555555555555556,1.3333333333333333,1.5555555555555556,9,1.0,Mexican,1.0,U1093,2,2,2,1,0,1,"18.923429,-99.216413"
134996,18.923429,-99.216413,0101000020957F0000340233E7476F5AC132844E2A2C504A41,Sanborns Casa Piedra,Cuernavaca,Morelos,Wine-Beer,only at bar,no_accessibility,2,0,1.5555555555555556,1.3333333333333333,1.5555555555555556,9,1.0,Mexican,1.0,U1030,0,0,0,1,0,1,"18.923429,-99.216413"
134996,18.923429,-99.216413,0101000020957F0000340233E7476F5AC132844E2A2C504A41,Sanborns Casa Piedra,Cuernavaca,Morelos,Wine-Beer,only at bar,no_accessibility,2,0,1.5555555555555556,1.3333333333333333,1.5555555555555556,9,1.0,Mexican,1.0,U1127,2,2,2,1,0,1,"18.923429,-99.216413"
134996,18.923429,-99.216413,0101000020957F0000340233E7476F5AC132844E2A2C504A41,Sanborns Casa Piedra,Cuernavaca,Morelos,Wine-Beer,only at bar,no_accessibility,2,0,1.5555555555555556,1.3333333333333333,1.5555555555555556,9,1.0,Mexican,1.0,U1100,2,1,1,1,0,1,"18.923429,-99.216413"
134996,18.923429,-99.216413,0101000020957F0000340233E7476F5AC132844E2A2C504A41,Sanborns Casa Piedra,Cuernavaca,Morelos,Wine-Beer,only at bar,no_accessibility,2,0,1.5555555555555556,1.3333333333333333,1.5555555555555556,9,1.0,Mexican,1.0,U1020,1,1,1,1,0,1,"18.923429,-99.216413"
134996,18.923429,-99.216413,0101000020957F0000340233E7476F5AC132844E2A2C504A41,Sanborns Casa Piedra,Cuernavaca,Morelos,Wine-Beer,only at bar,no_accessibility,2,0,1.5555555555555556,1.3333333333333333,1.5555555555555556,9,1.0,Mexican,1.0,U1035,2,1,2,1,0,1,"18.923429,-99.216413"
134996,18.923429,-99.216413,0101000020957F0000340233E7476F5AC132844E2A2C504A41,Sanborns Casa Piedra,Cuernavaca,Morelos,Wine-Beer,only at bar,no_accessibility,2,0,1.5555555555555556,1.3333333333333333,1.5555555555555556,9,1.0,Mexican,1.0,U1042,2,2,2,1,0,1,"18.923429,-99.216413"
134996,18.923429,-99.216413,0101000020957F0000340233E7476F5AC132844E2A2C504A41,Sanborns Casa Piedra,Cuernavaca,Morelos,Wine-Beer,only at bar,no_accessibility,2,0,1.5555555555555556,1.3333333333333333,1.5555555555555556,9,1.0,Mexican,1.0,U1051,1,1,2,1,0,1,"18.923429,-99.216413"
132755,22.153324,-101.0195459,0101000020957F000026CADE45A14658C1F011EBCA55AF4B41,La Estrella de Dimas,San Luis Potosí,San Luis Potosí,No_Alcohol_Served,none,partially,2,1,1.8,2.0,1.6,5,1.0,Mexican,4.0,U1083,2,2,2,1,0,1,"22.153324,-101.0195459"
132755,22.153324,-101.0195459,0101000020957F000026CADE45A14658C1F011EBCA55AF4B41,La Estrella de Dimas,San Luis Potosí,San Luis Potosí,No_Alcohol_Served,none,partially,2,1,1.8,2.0,1.6,5,1.0,Mexican,4.0,U1048,2,2,2,1,0,1,"22.153324,-101.0195459"
132755,22.153324,-101.0195459,0101000020957F000026CADE45A14658C1F011EBCA55AF4B41,La Estrella de Dimas,San Luis Potosí,San Luis Potosí,No_Alcohol_Served,none,partially,2,1,1.8,2.0,1.6,5,1.0,Mexican,4.0,U1003,2,2,1,1,0,1,"22.153324,-101.0195459"
132755,22.153324,-101.0195459,0101000020957F000026CADE45A14658C1F011EBCA55AF4B41,La Estrella de Dimas,San Luis Potosí,San Luis Potosí,No_Alcohol_Served,none,partially,2,1,1.8,2.0,1.6,5,1.0,Mexican,4.0,U1137,2,2,2,1,0,1,"22.153324,-101.0195459"
132755,22.153324,-101.0195459,0101000020957F000026CADE45A14658C1F011EBCA55AF4B41,La Estrella de Dimas,San Luis Potosí,San Luis Potosí,No_Alcohol_Served,none,partially,2,1,1.8,2.0,1.6,5,1.0,Mexican,4.0,U1114,1,2,1,1,0,1,"22.153324,-101.0195459"
135043,22.185756,-100.944518,0101000020957F00006B9D7207BE4358C12419118D05984B41,pizza clasica,Soledad,San Luis Potosí,No_Alcohol_Served,none,no_accessibility,2,1,0.8888888888888888,1.1111111111111112,1.1111111111111112,9,2.0,Fast_Food,1.0,U1081,0,0,1,0,0,0,"22.185756,-100.944518"
135043,22.185756,-100.944518,0101000020957F00006B9D7207BE4358C12419118D05984B41,pizza clasica,Soledad,San Luis Potosí,No_Alcohol_Served,none,no_accessibility,2,1,0.8888888888888888,1.1111111111111112,1.1111111111111112,9,2.0,Fast_Food,1.0,U1014,1,0,0,0,0,0,"22.185756,-100.944518"
135043,22.185756,-100.944518,0101000020957F00006B9D7207BE4358C12419118D05984B41,pizza clasica,Soledad,San Luis Potosí,No_Alcohol_Served,none,no_accessibility,2,1,0.8888888888888888,1.1111111111111112,1.1111111111111112,9,2.0,Fast_Food,1.0,U1018,0,0,0,0,0,0,"22.185756,-100.944518"
135043,22.185756,-100.944518,0101000020957F00006B9D7207BE4358C12419118D05984B41,pizza clasica,Soledad,San Luis Potosí,No_Alcohol_Served,none,no_accessibility,2,1,0.8888888888888888,1.1111111111111112,1.1111111111111112,9,2.0,Fast_Food,1.0,U1125,1,1,2,0,0,0,"22.185756,-100.944518"
135043,22.185756,-100.944518,0101000020957F00006B9D7207BE4358C12419118D05984B41,pizza clasica,Soledad,San Luis Potosí,No_Alcohol_Served,none,no_accessibility,2,1,0.8888888888888888,1.1111111111111112,1.1111111111111112,9,2.0,Fast_Food,1.0,U1005,0,2,0,0,0,0,"22.185756,-100.944518"
135043,22.185756,-100.944518,0101000020957F00006B9D7207BE4358C12419118D05984B41,pizza clasica,Soledad,San Luis Potosí,No_Alcohol_Served,none,no_accessibility,2,1,0.8888888888888888,1.1111111111111112,1.1111111111111112,9,2.0,Fast_Food,1.0,U1099,2,2,2,0,0,0,"22.185756,-100.944518"
135043,22.185756,-100.944518,0101000020957F00006B9D7207BE4358C12419118D05984B41,pizza clasica,Soledad,San Luis Potosí,No_Alcohol_Served,none,no_accessibility,2,1,0.8888888888888888,1.1111111111111112,1.1111111111111112,9,2.0,Fast_Food,1.0,U1085,2,2,2,0,0,0,"22.185756,-100.944518"
135043,22.185756,-100.944518,0101000020957F00006B9D7207BE4358C12419118D05984B41,pizza clasica,Soledad,San Luis Potosí,No_Alcohol_Served,none,no_accessibility,2,1,0.8888888888888888,1.1111111111111112,1.1111111111111112,9,2.0,Fast_Food,1.0,U1057,1,1,1,0,0,0,"22.185756,-100.944518"
135043,22.185756,-100.944518,0101000020957F00006B9D7207BE4358C12419118D05984B41,pizza clasica,Soledad,San Luis Potosí,No_Alcohol_Served,none,no_accessibility,2,1,0.8888888888888888,1.1111111111111112,1.1111111111111112,9,2.0,Fast_Food,1.0,U1058,1,2,2,0,0,0,"22.185756,-100.944518"
135043,22.185756,-100.944518,0101000020957F00006B9D7207BE4358C12419118D05984B41,pizza clasica,Soledad,San Luis Potosí,No_Alcohol_Served,none,no_accessibility,2,1,0.8888888888888888,1.1111111111111112,1.1111111111111112,9,2.0,Pizzeria,1.0,U1081,0,0,1,0,0,0,"22.185756,-100.944518"
135043,22.185756,-100.944518,0101000020957F00006B9D7207BE4358C12419118D05984B41,pizza clasica,Soledad,San Luis Potosí,No_Alcohol_Served,none,no_accessibility,2,1,0.8888888888888888,1.1111111111111112,1.1111111111111112,9,2.0,Pizzeria,1.0,U1014,1,0,0,0,0,0,"22.185756,-100.944518"
135043,22.185756,-100.944518,0101000020957F00006B9D7207BE4358C12419118D05984B41,pizza clasica,Soledad,San Luis Potosí,No_Alcohol_Served,none,no_accessibility,2,1,0.8888888888888888,1.1111111111111112,1.1111111111111112,9,2.0,Pizzeria,1.0,U1018,0,0,0,0,0,0,"22.185756,-100.944518"
135043,22.185756,-100.944518,0101000020957F00006B9D7207BE4358C12419118D05984B41,pizza clasica,Soledad,San Luis Potosí,No_Alcohol_Served,none,no_accessibility,2,1,0.8888888888888888,1.1111111111111112,1.1111111111111112,9,2.0,Pizzeria,1.0,U1125,1,1,2,0,0,0,"22.185756,-100.944518"
135043,22.185756,-100.944518,0101000020957F00006B9D7207BE4358C12419118D05984B41,pizza clasica,Soledad,San Luis Potosí,No_Alcohol_Served,none,no_accessibility,2,1,0.8888888888888888,1.1111111111111112,1.1111111111111112,9,2.0,Pizzeria,1.0,U1005,0,2,0,0,0,0,"22.185756,-100.944518"
135043,22.185756,-100.944518,0101000020957F00006B9D7207BE4358C12419118D05984B41,pizza clasica,Soledad,San Luis Potosí,No_Alcohol_Served,none,no_accessibility,2,1,0.8888888888888888,1.1111111111111112,1.1111111111111112,9,2.0,Pizzeria,1.0,U1099,2,2,2,0,0,0,"22.185756,-100.944518"
135043,22.185756,-100.944518,0101000020957F00006B9D7207BE4358C12419118D05984B41,pizza clasica,Soledad,San Luis Potosí,No_Alcohol_Served,none,no_accessibility,2,1,0.8888888888888888,1.1111111111111112,1.1111111111111112,9,2.0,Pizzeria,1.0,U1085,2,2,2,0,0,0,"22.185756,-100.944518"
135043,22.185756,-100.944518,0101000020957F00006B9D7207BE4358C12419118D05984B41,pizza clasica,Soledad,San Luis Potosí,No_Alcohol_Served,none,no_accessibility,2,1,0.8888888888888888,1.1111111111111112,1.1111111111111112,9,2.0,Pizzeria,1.0,U1057,1,1,1,0,0,0,"22.185756,-100.944518"
135043,22.185756,-100.944518,0101000020957F00006B9D7207BE4358C12419118D05984B41,pizza clasica,Soledad,San Luis Potosí,No_Alcohol_Served,none,no_accessibility,2,1,0.8888888888888888,1.1111111111111112,1.1111111111111112,9,2.0,Pizzeria,1.0,U1058,1,2,2,0,0,0,"22.185756,-100.944518"
135049,22.135011,-101.0286,0101000020957F00005DAD35642E4958C11BBCDE4A02B34B41,Restaurante de Mariscos la Langosta,San Luis Potosí,San Luis Potosí,No_Alcohol_Served,none,no_accessibility,2,1,1.0,0.6,1.0,5,1.0,Seafood,1.0,U1083,0,0,0,0,0,0,"22.135011,-101.0286"
135049,22.135011,-101.0286,0101000020957F00005DAD35642E4958C11BBCDE4A02B34B41,Restaurante de Mariscos la Langosta,San Luis Potosí,San Luis Potosí,No_Alcohol_Served,none,no_accessibility,2,1,1.0,0.6,1.0,5,1.0,Seafood,1.0,U1034,0,0,0,0,0,0,"22.135011,-101.0286"
135049,22.135011,-101.0286,0101000020957F00005DAD35642E4958C11BBCDE4A02B34B41,Restaurante de Mariscos la Langosta,San Luis Potosí,San Luis Potosí,No_Alcohol_Served,none,no_accessibility,2,1,1.0,0.6,1.0,5,1.0,Seafood,1.0,U1048,1,0,2,0,0,0,"22.135011,-101.0286"
135049,22.135011,-101.0286,0101000020957F00005DAD35642E4958C11BBCDE4A02B34B41,Restaurante de Mariscos la Langosta,San Luis Potosí,San Luis Potosí,No_Alcohol_Served,none,no_accessibility,2,1,1.0,0.6,1.0,5,1.0,Seafood,1.0,U1137,2,2,2,0,0,0,"22.135011,-101.0286"
135049,22.135011,-101.0286,0101000020957F00005DAD35642E4958C11BBCDE4A02B34B41,Restaurante de Mariscos la Langosta,San Luis Potosí,San Luis Potosí,No_Alcohol_Served,none,no_accessibility,2,1,1.0,0.6,1.0,5,1.0,Seafood,1.0,U1097,2,1,1,0,0,0,"22.135011,-101.0286"
135073,22.147175,-100.974269,0101000020957F0000D010A853D34858C116A1EA51CAA24B41,Restaurante Bar El Gallinero,San Luis Potosí,San Luis Potosí,Wine-Beer,section,no_accessibility,3,1,1.5,1.5,1.0,4,2.0,Bar,3.0,U1076,2,1,1,1,0,1,"22.147175,-100.974269"
135073,22.147175,-100.974269,0101000020957F0000D010A853D34858C116A1EA51CAA24B41,Restaurante Bar El Gallinero,San Luis Potosí,San Luis Potosí,Wine-Beer,section,no_accessibility,3,1,1.5,1.5,1.0,4,2.0,Bar,3.0,U1022,2,2,2,1,0,1,"22.147175,-100.974269"
135073,22.147175,-100.974269,0101000020957F0000D010A853D34858C116A1EA51CAA24B41,Restaurante Bar El Gallinero,San Luis Potosí,San Luis Potosí,Wine-Beer,section,no_accessibility,3,1,1.5,1.5,1.0,4,2.0,Bar,3.0,U1024,1,2,0,1,0,1,"22.147175,-100.974269"
135073,22.147175,-100.974269,0101000020957F0000D010A853D34858C116A1EA51CAA24B41,Restaurante Bar El Gallinero,San Luis Potosí,San Luis Potosí,Wine-Beer,section,no_accessibility,3,1,1.5,1.5,1.0,4,2.0,Bar,3.0,U1101,1,1,1,1,0,1,"22.147175,-100.974269"
135073,22.147175,-100.974269,0101000020957F0000D010A853D34858C116A1EA51CAA24B41,Restaurante Bar El Gallinero,San Luis Potosí,San Luis Potosí,Wine-Beer,section,no_accessibility,3,1,1.5,1.5,1.0,4,2.0,Bar_Pub_Brewery,3.0,U1076,2,1,1,1,0,1,"22.147175,-100.974269"
135073,22.147175,-100.974269,0101000020957F0000D010A853D34858C116A1EA51CAA24B41,Restaurante Bar El Gallinero,San Luis Potosí,San Luis Potosí,Wine-Beer,section,no_accessibility,3,1,1.5,1.5,1.0,4,2.0,Bar_Pub_Brewery,3.0,U1022,2,2,2,1,0,1,"22.147175,-100.974269"
135073,22.147175,-100.974269,0101000020957F0000D010A853D34858C116A1EA51CAA24B41,Restaurante Bar El Gallinero,San Luis Potosí,San Luis Potosí,Wine-Beer,section,no_accessibility,3,1,1.5,1.5,1.0,4,2.0,Bar_Pub_Brewery,3.0,U1024,1,2,0,1,0,1,"22.147175,-100.974269"
135073,22.147175,-100.974269,0101000020957F0000D010A853D34858C116A1EA51CAA24B41,Restaurante Bar El Gallinero,San Luis Potosí,San Luis Potosí,Wine-Beer,section,no_accessibility,3,1,1.5,1.5,1.0,4,2.0,Bar_Pub_Brewery,3.0,U1101,1,1,1,1,0,1,"22.147175,-100.974269"
134976,18.916654,-99.22711,0101000020957F00002838E29F19705AC1BC368BDAC7534A41,Log Yin,Desconocida,Desconocido,No_Alcohol_Served,none,no_accessibility,1,1,1.75,1.75,1.0,4,3.0,Mexican,4.0,U1093,2,2,1,1,0,1,"18.916654,-99.22711"
134976,18.916654,-99.22711,0101000020957F00002838E29F19705AC1BC368BDAC7534A41,Log Yin,Desconocida,Desconocido,No_Alcohol_Served,none,no_accessibility,1,1,1.75,1.75,1.0,4,3.0,Mexican,4.0,U1100,2,2,1,1,0,1,"18.916654,-99.22711"
134976,18.916654,-99.22711,0101000020957F00002838E29F19705AC1BC368BDAC7534A41,Log Yin,Desconocida,Desconocido,No_Alcohol_Served,none,no_accessibility,1,1,1.75,1.75,1.0,4,3.0,Mexican,4.0,U1074,2,2,2,1,0,1,"18.916654,-99.22711"
134976,18.916654,-99.22711,0101000020957F00002838E29F19705AC1BC368BDAC7534A41,Log Yin,Desconocida,Desconocido,No_Alcohol_Served,none,no_accessibility,1,1,1.75,1.75,1.0,4,3.0,Mexican,4.0,U1079,1,1,0,1,0,1,"18.916654,-99.22711"
134976,18.916654,-99.22711,0101000020957F00002838E29F19705AC1BC368BDAC7534A41,Log Yin,Desconocida,Desconocido,No_Alcohol_Served,none,no_accessibility,1,1,1.75,1.75,1.0,4,3.0,Mediterranean,4.0,U1093,2,2,1,1,0,1,"18.916654,-99.22711"
134976,18.916654,-99.22711,0101000020957F00002838E29F19705AC1BC368BDAC7534A41,Log Yin,Desconocida,Desconocido,No_Alcohol_Served,none,no_accessibility,1,1,1.75,1.75,1.0,4,3.0,Mediterranean,4.0,U1100,2,2,1,1,0,1,"18.916654,-99.22711"
134976,18.916654,-99.22711,0101000020957F00002838E29F19705AC1BC368BDAC7534A41,Log Yin,Desconocida,Desconocido,No_Alcohol_Served,none,no_accessibility,1,1,1.75,1.75,1.0,4,3.0,Mediterranean,4.0,U1074,2,2,2,1,0,1,"18.916654,-99.22711"
134976,18.916654,-99.22711,0101000020957F00002838E29F19705AC1BC368BDAC7534A41,Log Yin,Desconocida,Desconocido,No_Alcohol_Served,none,no_accessibility,1,1,1.75,1.75,1.0,4,3.0,Mediterranean,4.0,U1079,1,1,0,1,0,1,"18.916654,-99.22711"
134976,18.916654,-99.22711,0101000020957F00002838E29F19705AC1BC368BDAC7534A41,Log Yin,Desconocida,Desconocido,No_Alcohol_Served,none,no_accessibility,1,1,1.75,1.75,1.0,4,3.0,Burgers,4.0,U1093,2,2,1,1,0,1,"18.916654,-99.22711"
134976,18.916654,-99.22711,0101000020957F00002838E29F19705AC1BC368BDAC7534A41,Log Yin,Desconocida,Desconocido,No_Alcohol_Served,none,no_accessibility,1,1,1.75,1.75,1.0,4,3.0,Burgers,4.0,U1100,2,2,1,1,0,1,"18.916654,-99.22711"
134976,18.916654,-99.22711,0101000020957F00002838E29F19705AC1BC368BDAC7534A41,Log Yin,Desconocida,Desconocido,No_Alcohol_Served,none,no_accessibility,1,1,1.75,1.75,1.0,4,3.0,Burgers,4.0,U1074,2,2,2,1,0,1,"18.916654,-99.22711"
134976,18.916654,-99.22711,0101000020957F00002838E29F19705AC1BC368BDAC7534A41,Log Yin,Desconocida,Desconocido,No_Alcohol_Served,none,no_accessibility,1,1,1.75,1.75,1.0,4,3.0,Burgers,4.0,U1079,1,1,0,1,0,1,"18.916654,-99.22711"
135075,22.139573,-100.991564,0101000020957F0000332AE8AF824958C15A4195A82CA84B41,Mariscos El Pescador,San Luis Potosí,San Luis Potosí,No_Alcohol_Served,none,no_accessibility,2,1,1.6923076923076923,1.6923076923076923,1.4615384615384615,13,1.0,Seafood,1.0,U1108,2,2,2,1,1,1,"22.139573,-100.991564"
135075,22.139573,-100.991564,0101000020957F0000332AE8AF824958C15A4195A82CA84B41,Mariscos El Pescador,San Luis Potosí,San Luis Potosí,No_Alcohol_Served,none,no_accessibility,2,1,1.6923076923076923,1.6923076923076923,1.4615384615384615,13,1.0,Seafood,1.0,U1055,2,2,2,1,1,1,"22.139573,-100.991564"
135075,22.139573,-100.991564,0101000020957F0000332AE8AF824958C15A4195A82CA84B41,Mariscos El Pescador,San Luis Potosí,San Luis Potosí,No_Alcohol_Served,none,no_accessibility,2,1,1.6923076923076923,1.6923076923076923,1.4615384615384615,13,1.0,Seafood,1.0,U1134,2,1,1,1,1,1,"22.139573,-100.991564"
135075,22.139573,-100.991564,0101000020957F0000332AE8AF824958C15A4195A82CA84B41,Mariscos El Pescador,San Luis Potosí,San Luis Potosí,No_Alcohol_Served,none,no_accessibility,2,1,1.6923076923076923,1.6923076923076923,1.4615384615384615,13,1.0,Seafood,1.0,U1033,2,1,0,1,1,1,"22.139573,-100.991564"
135075,22.139573,-100.991564,0101000020957F0000332AE8AF824958C15A4195A82CA84B41,Mariscos El Pescador,San Luis Potosí,San Luis Potosí,No_Alcohol_Served,none,no_accessibility,2,1,1.6923076923076923,1.6923076923076923,1.4615384615384615,13,1.0,Seafood,1.0,U1003,2,2,2,1,1,1,"22.139573,-100.991564"
135075,22.139573,-100.991564,0101000020957F0000332AE8AF824958C15A4195A82CA84B41,Mariscos El Pescador,San Luis Potosí,San Luis Potosí,No_Alcohol_Served,none,no_accessibility,2,1,1.6923076923076923,1.6923076923076923,1.4615384615384615,13,1.0,Seafood,1.0,U1091,2,2,2,1,1,1,"22.139573,-100.991564"
135075,22.139573,-100.991564,0101000020957F0000332AE8AF824958C15A4195A82CA84B41,Mariscos El Pescador,San Luis Potosí,San Luis Potosí,No_Alcohol_Served,none,no_accessibility,2,1,1.6923076923076923,1.6923076923076923,1.4615384615384615,13,1.0,Seafood,1.0,U1137,2,2,2,1,1,1,"22.139573,-100.991564"
135075,22.139573,-100.991564,0101000020957F0000332AE8AF824958C15A4195A82CA84B41,Mariscos El Pescador,San Luis Potosí,San Luis Potosí,No_Alcohol_Served,none,no_accessibility,2,1,1.6923076923076923,1.6923076923076923,1.4615384615384615,13,1.0,Seafood,1.0,U1061,2,2,2,1,1,1,"22.139573,-100.991564"
135075,22.139573,-100.991564,0101000020957F0000332AE8AF824958C15A4195A82CA84B41,Mariscos El Pescador,San Luis Potosí,San Luis Potosí,No_Alcohol_Served,none,no_accessibility,2,1,1.6923076923076923,1.6923076923076923,1.4615384615384615,13,1.0,Seafood,1.0,U1013,2,2,1,1,1,1,"22.139573,-100.991564"
135075,22.139573,-100.991564,0101000020957F0000332AE8AF824958C15A4195A82CA84B41,Mariscos El Pescador,San Luis Potosí,San Luis Potosí,No_Alcohol_Served,none,no_accessibility,2,1,1.6923076923076923,1.6923076923076923,1.4615384615384615,13,1.0,Seafood,1.0,U1059,2,2,1,1,1,1,"22.139573,-100.991564"
135075,22.139573,-100.991564,0101000020957F0000332AE8AF824958C15A4195A82CA84B41,Mariscos El Pescador,San Luis Potosí,San Luis Potosí,No_Alcohol_Served,none,no_accessibility,2,1,1.6923076923076923,1.6923076923076923,1.4615384615384615,13,1.0,Seafood,1.0,U1057,0,1,1,1,1,1,"22.139573,-100.991564"
135075,22.139573,-100.991564,0101000020957F0000332AE8AF824958C15A4195A82CA84B41,Mariscos El Pescador,San Luis Potosí,San Luis Potosí,No_Alcohol_Served,none,no_accessibility,2,1,1.6923076923076923,1.6923076923076923,1.4615384615384615,13,1.0,Seafood,1.0,U1006,1,1,2,1,1,1,"22.139573,-100.991564"
135075,22.139573,-100.991564,0101000020957F0000332AE8AF824958C15A4195A82CA84B41,Mariscos El Pescador,San Luis Potosí,San Luis Potosí,No_Alcohol_Served,none,no_accessibility,2,1,1.6923076923076923,1.6923076923076923,1.4615384615384615,13,1.0,Seafood,1.0,U1096,1,2,1,1,1,1,"22.139573,-100.991564"
132660,23.752942800000003,-99.1646791,0101000020957F00003D7905C9DC8157C13FCD1AB7334E4941,carnitas mata calle Emilio Portes Gil,Ciudad Victoria,Tamaulipas,No_Alcohol_Served,none,completely,1,1,1.4,1.4,1.0,5,1.0,Mexican,1.0,U1107,2,2,1,0,0,1,"23.752942800000003,-99.1646791"
132660,23.752942800000003,-99.1646791,0101000020957F00003D7905C9DC8157C13FCD1AB7334E4941,carnitas mata calle Emilio Portes Gil,Ciudad Victoria,Tamaulipas,No_Alcohol_Served,none,completely,1,1,1.4,1.4,1.0,5,1.0,Mexican,1.0,U1080,2,2,2,0,0,1,"23.752942800000003,-99.1646791"
132660,23.752942800000003,-99.1646791,0101000020957F00003D7905C9DC8157C13FCD1AB7334E4941,carnitas mata calle Emilio Portes Gil,Ciudad Victoria,Tamaulipas,No_Alcohol_Served,none,completely,1,1,1.4,1.4,1.0,5,1.0,Mexican,1.0,U1063,2,2,2,0,0,1,"23.752942800000003,-99.1646791"
132660,23.752942800000003,-99.1646791,0101000020957F00003D7905C9DC8157C13FCD1AB7334E4941,carnitas mata calle Emilio Portes Gil,Ciudad Victoria,Tamaulipas,No_Alcohol_Served,none,completely,1,1,1.4,1.4,1.0,5,1.0,Mexican,1.0,U1087,1,1,0,0,0,1,"23.752942800000003,-99.1646791"
132660,23.752942800000003,-99.1646791,0101000020957F00003D7905C9DC8157C13FCD1AB7334E4941,carnitas mata calle Emilio Portes Gil,Ciudad Victoria,Tamaulipas,No_Alcohol_Served,none,completely,1,1,1.4,1.4,1.0,5,1.0,Mexican,1.0,U1068,0,0,0,0,0,1,"23.752942800000003,-99.1646791"
132921,22.150305,-100.9891337,0101000020957F00006376BB64EF4758C1013687E5D7A64B41,crudalia,Desconocida,Desconocido,Wine-Beer,section,completely,1,1,1.2352941176470589,1.1176470588235294,0.8823529411764706,17,1.0,Bar,1.0,U1138,2,2,1,0,1,1,"22.150305,-100.9891337"
132921,22.150305,-100.9891337,0101000020957F00006376BB64EF4758C1013687E5D7A64B41,crudalia,Desconocida,Desconocido,Wine-Beer,section,completely,1,1,1.2352941176470589,1.1176470588235294,0.8823529411764706,17,1.0,Bar,1.0,U1013,2,2,1,0,1,1,"22.150305,-100.9891337"
132921,22.150305,-100.9891337,0101000020957F00006376BB64EF4758C1013687E5D7A64B41,crudalia,Desconocida,Desconocido,Wine-Beer,section,completely,1,1,1.2352941176470589,1.1176470588235294,0.8823529411764706,17,1.0,Bar,1.0,U1098,1,2,1,0,1,1,"22.150305,-100.9891337"
132921,22.150305,-100.9891337,0101000020957F00006376BB64EF4758C1013687E5D7A64B41,crudalia,Desconocida,Desconocido,Wine-Beer,section,completely,1,1,1.2352941176470589,1.1176470588235294,0.8823529411764706,17,1.0,Bar,1.0,U1033,2,1,1,0,1,1,"22.150305,-100.9891337"
132921,22.150305,-100.9891337,0101000020957F00006376BB64EF4758C1013687E5D7A64B41,crudalia,Desconocida,Desconocido,Wine-Beer,section,completely,1,1,1.2352941176470589,1.1176470588235294,0.8823529411764706,17,1.0,Bar,1.0,U1089,1,1,1,0,1,1,"22.150305,-100.9891337"
132921,22.150305,-100.9891337,0101000020957F00006376BB64EF4758C1013687E5D7A64B41,crudalia,Desconocida,Desconocido,Wine-Beer,section,completely,1,1,1.2352941176470589,1.1176470588235294,0.8823529411764706,17,1.0,Bar,1.0,U1027,1,1,1,0,1,1,"22.150305,-100.9891337"
132921,22.150305,-100.9891337,0101000020957F00006376BB64EF4758C1013687E5D7A64B41,crudalia,Desconocida,Desconocido,Wine-Beer,section,completely,1,1,1.2352941176470589,1.1176470588235294,0.8823529411764706,17,1.0,Bar,1.0,U1029,1,1,1,0,1,1,"22.150305,-100.9891337"
132921,22.150305,-100.9891337,0101000020957F00006376BB64EF4758C1013687E5D7A64B41,crudalia,Desconocida,Desconocido,Wine-Beer,section,completely,1,1,1.2352941176470589,1.1176470588235294,0.8823529411764706,17,1.0,Bar,1.0,U1086,1,1,1,0,1,1,"22.150305,-100.9891337"
132921,22.150305,-100.9891337,0101000020957F00006376BB64EF4758C1013687E5D7A64B41,crudalia,Desconocida,Desconocido,Wine-Beer,section,completely,1,1,1.2352941176470589,1.1176470588235294,0.8823529411764706,17,1.0,Bar,1.0,U1019,0,0,0,0,1,1,"22.150305,-100.9891337"
132921,22.150305,-100.9891337,0101000020957F00006376BB64EF4758C1013687E5D7A64B41,crudalia,Desconocida,Desconocido,Wine-Beer,section,completely,1,1,1.2352941176470589,1.1176470588235294,0.8823529411764706,17,1.0,Bar,1.0,U1061,1,2,1,0,1,1,"22.150305,-100.9891337"
132921,22.150305,-100.9891337,0101000020957F00006376BB64EF4758C1013687E5D7A64B41,crudalia,Desconocida,Desconocido,Wine-Beer,section,completely,1,1,1.2352941176470589,1.1176470588235294,0.8823529411764706,17,1.0,Bar,1.0,U1046,2,1,2,0,1,1,"22.150305,-100.9891337"
132921,22.150305,-100.9891337,0101000020957F00006376BB64EF4758C1013687E5D7A64B41,crudalia,Desconocida,Desconocido,Wine-Beer,section,completely,1,1,1.2352941176470589,1.1176470588235294,0.8823529411764706,17,1.0,Bar,1.0,U1112,1,0,0,0,1,1,"22.150305,-100.9891337"
132921,22.150305,-100.9891337,0101000020957F00006376BB64EF4758C1013687E5D7A64B41,crudalia,Desconocida,Desconocido,Wine-Beer,section,completely,1,1,1.2352941176470589,1.1176470588235294,0.8823529411764706,17,1.0,Bar,1.0,U1128,0,0,0,0,1,1,"22.150305,-100.9891337"
132921,22.150305,-100.9891337,0101000020957F00006376BB64EF4758C1013687E5D7A64B41,crudalia,Desconocida,Desconocido,Wine-Beer,section,completely,1,1,1.2352941176470589,1.1176470588235294,0.8823529411764706,17,1.0,Bar,1.0,U1097,2,2,1,0,1,1,"22.150305,-100.9891337"
132921,22.150305,-100.9891337,0101000020957F00006376BB64EF4758C1013687E5D7A64B41,crudalia,Desconocida,Desconocido,Wine-Beer,section,completely,1,1,1.2352941176470589,1.1176470588235294,0.8823529411764706,17,1.0,Bar,1.0,U1049,0,0,0,0,1,1,"22.150305,-100.9891337"
132921,22.150305,-100.9891337,0101000020957F00006376BB64EF4758C1013687E5D7A64B41,crudalia,Desconocida,Desconocido,Wine-Beer,section,completely,1,1,1.2352941176470589,1.1176470588235294,0.8823529411764706,17,1.0,Bar,1.0,U1002,2,1,1,0,1,1,"22.150305,-100.9891337"
132921,22.150305,-100.9891337,0101000020957F00006376BB64EF4758C1013687E5D7A64B41,crudalia,Desconocida,Desconocido,Wine-Beer,section,completely,1,1,1.2352941176470589,1.1176470588235294,0.8823529411764706,17,1.0,Bar,1.0,U1136,2,2,2,0,1,1,"22.150305,-100.9891337"
132594,23.7521677,-99.165709,0101000020957F00003AE4C6DBF48157C1CE38ECC1864E4941,tacos de barbacoa enfrente del Tec,Desconocida,Desconocido,No_Alcohol_Served,not permitted,completely,1,1,0.6,1.2,0.6,5,1.0,Mexican,1.0,U1082,0,0,0,1,0,0,"23.7521677,-99.165709"
132594,23.7521677,-99.165709,0101000020957F00003AE4C6DBF48157C1CE38ECC1864E4941,tacos de barbacoa enfrente del Tec,Desconocida,Desconocido,No_Alcohol_Served,not permitted,completely,1,1,0.6,1.2,0.6,5,1.0,Mexican,1.0,U1123,1,1,1,1,0,0,"23.7521677,-99.165709"
132594,23.7521677,-99.165709,0101000020957F00003AE4C6DBF48157C1CE38ECC1864E4941,tacos de barbacoa enfrente del Tec,Desconocida,Desconocido,No_Alcohol_Served,not permitted,completely,1,1,0.6,1.2,0.6,5,1.0,Mexican,1.0,U1050,0,2,0,1,0,0,"23.7521677,-99.165709"
132594,23.7521677,-99.165709,0101000020957F00003AE4C6DBF48157C1CE38ECC1864E4941,tacos de barbacoa enfrente del Tec,Desconocida,Desconocido,No_Alcohol_Served,not permitted,completely,1,1,0.6,1.2,0.6,5,1.0,Mexican,1.0,U1087,1,2,1,1,0,0,"23.7521677,-99.165709"
132594,23.7521677,-99.165709,0101000020957F00003AE4C6DBF48157C1CE38ECC1864E4941,tacos de barbacoa enfrente del Tec,Desconocida,Desconocido,No_Alcohol_Served,not permitted,completely,1,1,0.6,1.2,0.6,5,1.0,Mexican,1.0,U1068,1,1,1,1,0,0,"23.7521677,-99.165709"
135062,22.153703,-100.979033,0101000020957F0000D177B9CFB14758C162A211E1C2A34B41,Restaurante El Cielo Potosino,San Luis Potosí,San Luis Potosí,No_Alcohol_Served,none,no_accessibility,2,1,1.2380952380952381,1.2380952380952381,1.0952380952380953,21,1.0,Mexican,1.0,U1053,2,1,1,1,1,1,"22.153703,-100.979033"
135062,22.153703,-100.979033,0101000020957F0000D177B9CFB14758C162A211E1C2A34B41,Restaurante El Cielo Potosino,San Luis Potosí,San Luis Potosí,No_Alcohol_Served,none,no_accessibility,2,1,1.2380952380952381,1.2380952380952381,1.0952380952380953,21,1.0,Mexican,1.0,U1056,2,2,2,1,1,1,"22.153703,-100.979033"
135062,22.153703,-100.979033,0101000020957F0000D177B9CFB14758C162A211E1C2A34B41,Restaurante El Cielo Potosino,San Luis Potosí,San Luis Potosí,No_Alcohol_Served,none,no_accessibility,2,1,1.2380952380952381,1.2380952380952381,1.0952380952380953,21,1.0,Mexican,1.0,U1125,1,2,1,1,1,1,"22.153703,-100.979033"
135062,22.153703,-100.979033,0101000020957F0000D177B9CFB14758C162A211E1C2A34B41,Restaurante El Cielo Potosino,San Luis Potosí,San Luis Potosí,No_Alcohol_Served,none,no_accessibility,2,1,1.2380952380952381,1.2380952380952381,1.0952380952380953,21,1.0,Mexican,1.0,U1018,0,0,1,1,1,1,"22.153703,-100.979033"
135062,22.153703,-100.979033,0101000020957F0000D177B9CFB14758C162A211E1C2A34B41,Restaurante El Cielo Potosino,San Luis Potosí,San Luis Potosí,No_Alcohol_Served,none,no_accessibility,2,1,1.2380952380952381,1.2380952380952381,1.0952380952380953,21,1.0,Mexican,1.0,U1022,1,2,1,1,1,1,"22.153703,-100.979033"
135062,22.153703,-100.979033,0101000020957F0000D177B9CFB14758C162A211E1C2A34B41,Restaurante El Cielo Potosino,San Luis Potosí,San Luis Potosí,No_Alcohol_Served,none,no_accessibility,2,1,1.2380952380952381,1.2380952380952381,1.0952380952380953,21,1.0,Mexican,1.0,U1075,1,0,1,1,1,1,"22.153703,-100.979033"
135062,22.153703,-100.979033,0101000020957F0000D177B9CFB14758C162A211E1C2A34B41,Restaurante El Cielo Potosino,San Luis Potosí,San Luis Potosí,No_Alcohol_Served,none,no_accessibility,2,1,1.2380952380952381,1.2380952380952381,1.0952380952380953,21,1.0,Mexican,1.0,U1132,2,1,1,1,1,1,"22.153703,-100.979033"
135062,22.153703,-100.979033,0101000020957F0000D177B9CFB14758C162A211E1C2A34B41,Restaurante El Cielo Potosino,San Luis Potosí,San Luis Potosí,No_Alcohol_Served,none,no_accessibility,2,1,1.2380952380952381,1.2380952380952381,1.0952380952380953,21,1.0,Mexican,1.0,U1004,2,2,1,1,1,1,"22.153703,-100.979033"
135062,22.153703,-100.979033,0101000020957F0000D177B9CFB14758C162A211E1C2A34B41,Restaurante El Cielo Potosino,San Luis Potosí,San Luis Potosí,No_Alcohol_Served,none,no_accessibility,2,1,1.2380952380952381,1.2380952380952381,1.0952380952380953,21,1.0,Mexican,1.0,U1104,1,1,2,1,1,1,"22.153703,-100.979033"
135062,22.153703,-100.979033,0101000020957F0000D177B9CFB14758C162A211E1C2A34B41,Restaurante El Cielo Potosino,San Luis Potosí,San Luis Potosí,No_Alcohol_Served,none,no_accessibility,2,1,1.2380952380952381,1.2380952380952381,1.0952380952380953,21,1.0,Mexican,1.0,U1106,2,2,1,1,1,1,"22.153703,-100.979033"
135062,22.153703,-100.979033,0101000020957F0000D177B9CFB14758C162A211E1C2A34B41,Restaurante El Cielo Potosino,San Luis Potosí,San Luis Potosí,No_Alcohol_Served,none,no_accessibility,2,1,1.2380952380952381,1.2380952380952381,1.0952380952380953,21,1.0,Mexican,1.0,U1016,2,2,2,1,1,1,"22.153703,-100.979033"
135062,22.153703,-100.979033,0101000020957F0000D177B9CFB14758C162A211E1C2A34B41,Restaurante El Cielo Potosino,San Luis Potosí,San Luis Potosí,No_Alcohol_Served,none,no_accessibility,2,1,1.2380952380952381,1.2380952380952381,1.0952380952380953,21,1.0,Mexican,1.0,U1054,2,2,0,1,1,1,"22.153703,-100.979033"
135062,22.153703,-100.979033,0101000020957F0000D177B9CFB14758C162A211E1C2A34B41,Restaurante El Cielo Potosino,San Luis Potosí,San Luis Potosí,No_Alcohol_Served,none,no_accessibility,2,1,1.2380952380952381,1.2380952380952381,1.0952380952380953,21,1.0,Mexican,1.0,U1062,0,0,0,1,1,1,"22.153703,-100.979033"
135062,22.153703,-100.979033,0101000020957F0000D177B9CFB14758C162A211E1C2A34B41,Restaurante El Cielo Potosino,San Luis Potosí,San Luis Potosí,No_Alcohol_Served,none,no_accessibility,2,1,1.2380952380952381,1.2380952380952381,1.0952380952380953,21,1.0,Mexican,1.0,U1027,1,1,1,1,1,1,"22.153703,-100.979033"
135062,22.153703,-100.979033,0101000020957F0000D177B9CFB14758C162A211E1C2A34B41,Restaurante El Cielo Potosino,San Luis Potosí,San Luis Potosí,No_Alcohol_Served,none,no_accessibility,2,1,1.2380952380952381,1.2380952380952381,1.0952380952380953,21,1.0,Mexican,1.0,U1019,0,0,0,1,1,1,"22.153703,-100.979033"
135062,22.153703,-100.979033,0101000020957F0000D177B9CFB14758C162A211E1C2A34B41,Restaurante El Cielo Potosino,San Luis Potosí,San Luis Potosí,No_Alcohol_Served,none,no_accessibility,2,1,1.2380952380952381,1.2380952380952381,1.0952380952380953,21,1.0,Mexican,1.0,U1137,2,2,2,1,1,1,"22.153703,-100.979033"
135062,22.153703,-100.979033,0101000020957F0000D177B9CFB14758C162A211E1C2A34B41,Restaurante El Cielo Potosino,San Luis Potosí,San Luis Potosí,No_Alcohol_Served,none,no_accessibility,2,1,1.2380952380952381,1.2380952380952381,1.0952380952380953,21,1.0,Mexican,1.0,U1090,2,2,2,1,1,1,"22.153703,-100.979033"
135062,22.153703,-100.979033,0101000020957F0000D177B9CFB14758C162A211E1C2A34B41,Restaurante El Cielo Potosino,San Luis Potosí,San Luis Potosí,No_Alcohol_Served,none,no_accessibility,2,1,1.2380952380952381,1.2380952380952381,1.0952380952380953,21,1.0,Mexican,1.0,U1112,0,0,1,1,1,1,"22.153703,-100.979033"
135062,22.153703,-100.979033,0101000020957F0000D177B9CFB14758C162A211E1C2A34B41,Restaurante El Cielo Potosino,San Luis Potosí,San Luis Potosí,No_Alcohol_Served,none,no_accessibility,2,1,1.2380952380952381,1.2380952380952381,1.0952380952380953,21,1.0,Mexican,1.0,U1073,0,0,0,1,1,1,"22.153703,-100.979033"
135062,22.153703,-100.979033,0101000020957F0000D177B9CFB14758C162A211E1C2A34B41,Restaurante El Cielo Potosino,San Luis Potosí,San Luis Potosí,No_Alcohol_Served,none,no_accessibility,2,1,1.2380952380952381,1.2380952380952381,1.0952380952380953,21,1.0,Mexican,1.0,U1002,1,2,1,1,1,1,"22.153703,-100.979033"
135062,22.153703,-100.979033,0101000020957F0000D177B9CFB14758C162A211E1C2A34B41,Restaurante El Cielo Potosino,San Luis Potosí,San Luis Potosí,No_Alcohol_Served,none,no_accessibility,2,1,1.2380952380952381,1.2380952380952381,1.0952380952380953,21,1.0,Mexican,1.0,U1058,2,2,2,1,1,1,"22.153703,-100.979033"
132766,18.9101777,-99.2315438,0101000020957F000043A319BA06715AC19443369877554A41,Mikasa,Cuernavaca,Morelos,Wine-Beer,none,no_accessibility,2,1,0.6666666666666666,1.0,0.6666666666666666,3,1.0,Japanese,1.0,U1133,1,1,0,1,0,0,"18.9101777,-99.2315438"
132766,18.9101777,-99.2315438,0101000020957F000043A319BA06715AC19443369877554A41,Mikasa,Cuernavaca,Morelos,Wine-Beer,none,no_accessibility,2,1,0.6666666666666666,1.0,0.6666666666666666,3,1.0,Japanese,1.0,U1117,0,0,1,1,0,0,"18.9101777,-99.2315438"
132766,18.9101777,-99.2315438,0101000020957F000043A319BA06715AC19443369877554A41,Mikasa,Cuernavaca,Morelos,Wine-Beer,none,no_accessibility,2,1,0.6666666666666666,1.0,0.6666666666666666,3,1.0,Japanese,1.0,U1079,1,2,1,1,0,0,"18.9101777,-99.2315438"
135088,18.8760113,-99.2198896,0101000020957F0000E14AD4DBC7765AC1F7B33C85B1534A41,Cafeteria cenidet,Cuernavaca,Morelos,No_Alcohol_Served,not permitted,no_accessibility,1,1,1.0,1.1666666666666667,1.0,6,1.0,Cafeteria,1.0,U1044,2,2,2,1,0,0,"18.8760113,-99.2198896"
135088,18.8760113,-99.2198896,0101000020957F0000E14AD4DBC7765AC1F7B33C85B1534A41,Cafeteria cenidet,Cuernavaca,Morelos,No_Alcohol_Served,not permitted,no_accessibility,1,1,1.0,1.1666666666666667,1.0,6,1.0,Cafeteria,1.0,U1030,1,0,1,1,0,0,"18.8760113,-99.2198896"
135088,18.8760113,-99.2198896,0101000020957F0000E14AD4DBC7765AC1F7B33C85B1534A41,Cafeteria cenidet,Cuernavaca,Morelos,No_Alcohol_Served,not permitted,no_accessibility,1,1,1.0,1.1666666666666667,1.0,6,1.0,Cafeteria,1.0,U1072,0,1,0,1,0,0,"18.8760113,-99.2198896"
135088,18.8760113,-99.2198896,0101000020957F0000E14AD4DBC7765AC1F7B33C85B1534A41,Cafeteria cenidet,Cuernavaca,Morelos,No_Alcohol_Served,not permitted,no_accessibility,1,1,1.0,1.1666666666666667,1.0,6,1.0,Cafeteria,1.0,U1117,1,1,2,1,0,0,"18.8760113,-99.2198896"
135088,18.8760113,-99.2198896,0101000020957F0000E14AD4DBC7765AC1F7B33C85B1534A41,Cafeteria cenidet,Cuernavaca,Morelos,No_Alcohol_Served,not permitted,no_accessibility,1,1,1.0,1.1666666666666667,1.0,6,1.0,Cafeteria,1.0,U1020,1,2,0,1,0,0,"18.8760113,-99.2198896"
135088,18.8760113,-99.2198896,0101000020957F0000E14AD4DBC7765AC1F7B33C85B1534A41,Cafeteria cenidet,Cuernavaca,Morelos,No_Alcohol_Served,not permitted,no_accessibility,1,1,1.0,1.1666666666666667,1.0,6,1.0,Cafeteria,1.0,U1051,1,1,1,1,0,0,"18.8760113,-99.2198896"
135058,22.165587,-101.001273,0101000020957F0000EB71019D424558C15CC5404365A94B41,Restaurante Tiberius,San Luis Potosí,San Luis Potosí,No_Alcohol_Served,none,no_accessibility,2,0,1.1111111111111112,1.0,1.0,18,1.0,Pizzeria,3.0,U1108,1,1,1,1,1,0,"22.165587,-101.001273"
135058,22.165587,-101.001273,0101000020957F0000EB71019D424558C15CC5404365A94B41,Restaurante Tiberius,San Luis Potosí,San Luis Potosí,No_Alcohol_Served,none,no_accessibility,2,0,1.1111111111111112,1.0,1.0,18,1.0,Pizzeria,3.0,U1084,1,0,2,1,1,0,"22.165587,-101.001273"
135058,22.165587,-101.001273,0101000020957F0000EB71019D424558C15CC5404365A94B41,Restaurante Tiberius,San Luis Potosí,San Luis Potosí,No_Alcohol_Served,none,no_accessibility,2,0,1.1111111111111112,1.0,1.0,18,1.0,Pizzeria,3.0,U1009,1,1,2,1,1,0,"22.165587,-101.001273"
135058,22.165587,-101.001273,0101000020957F0000EB71019D424558C15CC5404365A94B41,Restaurante Tiberius,San Luis Potosí,San Luis Potosí,No_Alcohol_Served,none,no_accessibility,2,0,1.1111111111111112,1.0,1.0,18,1.0,Pizzeria,3.0,U1095,1,2,2,1,1,0,"22.165587,-101.001273"
135058,22.165587,-101.001273,0101000020957F0000EB71019D424558C15CC5404365A94B41,Restaurante Tiberius,San Luis Potosí,San Luis Potosí,No_Alcohol_Served,none,no_accessibility,2,0,1.1111111111111112,1.0,1.0,18,1.0,Pizzeria,3.0,U1007,1,2,1,1,1,0,"22.165587,-101.001273"
135058,22.165587,-101.001273,0101000020957F0000EB71019D424558C15CC5404365A94B41,Restaurante Tiberius,San Luis Potosí,San Luis Potosí,No_Alcohol_Served,none,no_accessibility,2,0,1.1111111111111112,1.0,1.0,18,1.0,Pizzeria,3.0,U1032,2,1,0,1,1,0,"22.165587,-101.001273"
135058,22.165587,-101.001273,0101000020957F0000EB71019D424558C15CC5404365A94B41,Restaurante Tiberius,San Luis Potosí,San Luis Potosí,No_Alcohol_Served,none,no_accessibility,2,0,1.1111111111111112,1.0,1.0,18,1.0,Pizzeria,3.0,U1135,0,0,0,1,1,0,"22.165587,-101.001273"
135058,22.165587,-101.001273,0101000020957F0000EB71019D424558C15CC5404365A94B41,Restaurante Tiberius,San Luis Potosí,San Luis Potosí,No_Alcohol_Served,none,no_accessibility,2,0,1.1111111111111112,1.0,1.0,18,1.0,Pizzeria,3.0,U1109,2,2,2,1,1,0,"22.165587,-101.001273"
135058,22.165587,-101.001273,0101000020957F0000EB71019D424558C15CC5404365A94B41,Restaurante Tiberius,San Luis Potosí,San Luis Potosí,No_Alcohol_Served,none,no_accessibility,2,0,1.1111111111111112,1.0,1.0,18,1.0,Pizzeria,3.0,U1122,2,0,2,1,1,0,"22.165587,-101.001273"
135058,22.165587,-101.001273,0101000020957F0000EB71019D424558C15CC5404365A94B41,Restaurante Tiberius,San Luis Potosí,San Luis Potosí,No_Alcohol_Served,none,no_accessibility,2,0,1.1111111111111112,1.0,1.0,18,1.0,Pizzeria,3.0,U1089,1,1,1,1,1,0,"22.165587,-101.001273"
135058,22.165587,-101.001273,0101000020957F0000EB71019D424558C15CC5404365A94B41,Restaurante Tiberius,San Luis Potosí,San Luis Potosí,No_Alcohol_Served,none,no_accessibility,2,0,1.1111111111111112,1.0,1.0,18,1.0,Pizzeria,3.0,U1137,0,2,2,1,1,0,"22.165587,-101.001273"
135058,22.165587,-101.001273,0101000020957F0000EB71019D424558C15CC5404365A94B41,Restaurante Tiberius,San Luis Potosí,San Luis Potosí,No_Alcohol_Served,none,no_accessibility,2,0,1.1111111111111112,1.0,1.0,18,1.0,Pizzeria,3.0,U1114,0,0,0,1,1,0,"22.165587,-101.001273"
135058,22.165587,-101.001273,0101000020957F0000EB71019D424558C15CC5404365A94B41,Restaurante Tiberius,San Luis Potosí,San Luis Potosí,No_Alcohol_Served,none,no_accessibility,2,0,1.1111111111111112,1.0,1.0,18,1.0,Pizzeria,3.0,U1061,1,1,1,1,1,0,"22.165587,-101.001273"
135058,22.165587,-101.001273,0101000020957F0000EB71019D424558C15CC5404365A94B41,Restaurante Tiberius,San Luis Potosí,San Luis Potosí,No_Alcohol_Served,none,no_accessibility,2,0,1.1111111111111112,1.0,1.0,18,1.0,Pizzeria,3.0,U1046,2,2,1,1,1,0,"22.165587,-101.001273"
135058,22.165587,-101.001273,0101000020957F0000EB71019D424558C15CC5404365A94B41,Restaurante Tiberius,San Luis Potosí,San Luis Potosí,No_Alcohol_Served,none,no_accessibility,2,0,1.1111111111111112,1.0,1.0,18,1.0,Pizzeria,3.0,U1097,2,1,1,1,1,0,"22.165587,-101.001273"
135058,22.165587,-101.001273,0101000020957F0000EB71019D424558C15CC5404365A94B41,Restaurante Tiberius,San Luis Potosí,San Luis Potosí,No_Alcohol_Served,none,no_accessibility,2,0,1.1111111111111112,1.0,1.0,18,1.0,Pizzeria,3.0,U1128,0,0,0,1,1,0,"22.165587,-101.001273"
135058,22.165587,-101.001273,0101000020957F0000EB71019D424558C15CC5404365A94B41,Restaurante Tiberius,San Luis Potosí,San Luis Potosí,No_Alcohol_Served,none,no_accessibility,2,0,1.1111111111111112,1.0,1.0,18,1.0,Pizzeria,3.0,U1058,2,2,0,1,1,0,"22.165587,-101.001273"
135058,22.165587,-101.001273,0101000020957F0000EB71019D424558C15CC5404365A94B41,Restaurante Tiberius,San Luis Potosí,San Luis Potosí,No_Alcohol_Served,none,no_accessibility,2,0,1.1111111111111112,1.0,1.0,18,1.0,Pizzeria,3.0,U1010,1,0,0,1,1,0,"22.165587,-101.001273"
132754,22.1477379,-100.9906163,0101000020957F00002493B678494858C1AD55D2316BA74B41,Cabana Huasteca,San Luis Potosí,San Luis Potosí,No_Alcohol_Served,none,partially,2,1,1.4615384615384615,1.4615384615384615,1.3076923076923077,13,1.0,Mexican,1.0,U1055,2,2,2,0,1,1,"22.1477379,-100.9906163"
132754,22.1477379,-100.9906163,0101000020957F00002493B678494858C1AD55D2316BA74B41,Cabana Huasteca,San Luis Potosí,San Luis Potosí,No_Alcohol_Served,none,partially,2,1,1.4615384615384615,1.4615384615384615,1.3076923076923077,13,1.0,Mexican,1.0,U1053,1,2,1,0,1,1,"22.1477379,-100.9906163"
132754,22.1477379,-100.9906163,0101000020957F00002493B678494858C1AD55D2316BA74B41,Cabana Huasteca,San Luis Potosí,San Luis Potosí,No_Alcohol_Served,none,partially,2,1,1.4615384615384615,1.4615384615384615,1.3076923076923077,13,1.0,Mexican,1.0,U1134,2,1,1,0,1,1,"22.1477379,-100.9906163"
132754,22.1477379,-100.9906163,0101000020957F00002493B678494858C1AD55D2316BA74B41,Cabana Huasteca,San Luis Potosí,San Luis Potosí,No_Alcohol_Served,none,partially,2,1,1.4615384615384615,1.4615384615384615,1.3076923076923077,13,1.0,Mexican,1.0,U1036,2,2,2,0,1,1,"22.1477379,-100.9906163"
132754,22.1477379,-100.9906163,0101000020957F00002493B678494858C1AD55D2316BA74B41,Cabana Huasteca,San Luis Potosí,San Luis Potosí,No_Alcohol_Served,none,partially,2,1,1.4615384615384615,1.4615384615384615,1.3076923076923077,13,1.0,Mexican,1.0,U1106,2,2,1,0,1,1,"22.1477379,-100.9906163"
132754,22.1477379,-100.9906163,0101000020957F00002493B678494858C1AD55D2316BA74B41,Cabana Huasteca,San Luis Potosí,San Luis Potosí,No_Alcohol_Served,none,partially,2,1,1.4615384615384615,1.4615384615384615,1.3076923076923077,13,1.0,Mexican,1.0,U1009,1,2,1,0,1,1,"22.1477379,-100.9906163"
132754,22.1477379,-100.9906163,0101000020957F00002493B678494858C1AD55D2316BA74B41,Cabana Huasteca,San Luis Potosí,San Luis Potosí,No_Alcohol_Served,none,partially,2,1,1.4615384615384615,1.4615384615384615,1.3076923076923077,13,1.0,Mexican,1.0,U1122,2,1,2,0,1,1,"22.1477379,-100.9906163"
132754,22.1477379,-100.9906163,0101000020957F00002493B678494858C1AD55D2316BA74B41,Cabana Huasteca,San Luis Potosí,San Luis Potosí,No_Alcohol_Served,none,partially,2,1,1.4615384615384615,1.4615384615384615,1.3076923076923077,13,1.0,Mexican,1.0,U1089,1,1,1,0,1,1,"22.1477379,-100.9906163"
132754,22.1477379,-100.9906163,0101000020957F00002493B678494858C1AD55D2316BA74B41,Cabana Huasteca,San Luis Potosí,San Luis Potosí,No_Alcohol_Served,none,partially,2,1,1.4615384615384615,1.4615384615384615,1.3076923076923077,13,1.0,Mexican,1.0,U1029,0,0,0,0,1,1,"22.1477379,-100.9906163"
132754,22.1477379,-100.9906163,0101000020957F00002493B678494858C1AD55D2316BA74B41,Cabana Huasteca,San Luis Potosí,San Luis Potosí,No_Alcohol_Served,none,partially,2,1,1.4615384615384615,1.4615384615384615,1.3076923076923077,13,1.0,Mexican,1.0,U1114,0,0,0,0,1,1,"22.1477379,-100.9906163"
132754,22.1477379,-100.9906163,0101000020957F00002493B678494858C1AD55D2316BA74B41,Cabana Huasteca,San Luis Potosí,San Luis Potosí,No_Alcohol_Served,none,partially,2,1,1.4615384615384615,1.4615384615384615,1.3076923076923077,13,1.0,Mexican,1.0,U1003,2,2,2,0,1,1,"22.1477379,-100.9906163"
132754,22.1477379,-100.9906163,0101000020957F00002493B678494858C1AD55D2316BA74B41,Cabana Huasteca,San Luis Potosí,San Luis Potosí,No_Alcohol_Served,none,partially,2,1,1.4615384615384615,1.4615384615384615,1.3076923076923077,13,1.0,Mexican,1.0,U1061,2,2,2,0,1,1,"22.1477379,-100.9906163"
132754,22.1477379,-100.9906163,0101000020957F00002493B678494858C1AD55D2316BA74B41,Cabana Huasteca,San Luis Potosí,San Luis Potosí,No_Alcohol_Served,none,partially,2,1,1.4615384615384615,1.4615384615384615,1.3076923076923077,13,1.0,Mexican,1.0,U1059,2,2,2,0,1,1,"22.1477379,-100.9906163"
132584,23.7523648,-99.1652879,0101000020957F000048C65BA7EF8157C177F2344D664E4941,Gorditas Dona Tota,Desconocida,Desconocido,No_Alcohol_Served,not permitted,completely,2,0,1.3333333333333333,1.5,1.0,6,1.0,Mexican,1.0,U1067,2,2,2,1,0,1,"23.7523648,-99.1652879"
132584,23.7523648,-99.1652879,0101000020957F000048C65BA7EF8157C177F2344D664E4941,Gorditas Dona Tota,Desconocida,Desconocido,No_Alcohol_Served,not permitted,completely,2,0,1.3333333333333333,1.5,1.0,6,1.0,Mexican,1.0,U1103,1,2,1,1,0,1,"23.7523648,-99.1652879"
132584,23.7523648,-99.1652879,0101000020957F000048C65BA7EF8157C177F2344D664E4941,Gorditas Dona Tota,Desconocida,Desconocido,No_Alcohol_Served,not permitted,completely,2,0,1.3333333333333333,1.5,1.0,6,1.0,Mexican,1.0,U1107,2,2,2,1,0,1,"23.7523648,-99.1652879"
132584,23.7523648,-99.1652879,0101000020957F000048C65BA7EF8157C177F2344D664E4941,Gorditas Dona Tota,Desconocida,Desconocido,No_Alcohol_Served,not permitted,completely,2,0,1.3333333333333333,1.5,1.0,6,1.0,Mexican,1.0,U1123,1,2,0,1,0,1,"23.7523648,-99.1652879"
132584,23.7523648,-99.1652879,0101000020957F000048C65BA7EF8157C177F2344D664E4941,Gorditas Dona Tota,Desconocida,Desconocido,No_Alcohol_Served,not permitted,completely,2,0,1.3333333333333333,1.5,1.0,6,1.0,Mexican,1.0,U1063,2,1,1,1,0,1,"23.7523648,-99.1652879"
132584,23.7523648,-99.1652879,0101000020957F000048C65BA7EF8157C177F2344D664E4941,Gorditas Dona Tota,Desconocida,Desconocido,No_Alcohol_Served,not permitted,completely,2,0,1.3333333333333333,1.5,1.0,6,1.0,Mexican,1.0,U1050,0,0,0,1,0,1,"23.7523648,-99.1652879"
135032,22.152481,-100.973486,0101000020957F000017D69FF5084858C1A8F2188740A24B41,Cafeteria y Restaurant El Pacifico,San Luis Potosí,San Luis Potosí,Wine-Beer,section,no_accessibility,2,1,1.1785714285714286,1.0714285714285714,1.0714285714285714,28,2.0,Cafeteria,3.0,U1108,2,1,2,1,1,0,"22.152481,-100.973486"
135032,22.152481,-100.973486,0101000020957F000017D69FF5084858C1A8F2188740A24B41,Cafeteria y Restaurant El Pacifico,San Luis Potosí,San Luis Potosí,Wine-Beer,section,no_accessibility,2,1,1.1785714285714286,1.0714285714285714,1.0714285714285714,28,2.0,Cafeteria,3.0,U1053,2,2,1,1,1,0,"22.152481,-100.973486"
135032,22.152481,-100.973486,0101000020957F000017D69FF5084858C1A8F2188740A24B41,Cafeteria y Restaurant El Pacifico,San Luis Potosí,San Luis Potosí,Wine-Beer,section,no_accessibility,2,1,1.1785714285714286,1.0714285714285714,1.0714285714285714,28,2.0,Cafeteria,3.0,U1081,0,1,1,1,1,0,"22.152481,-100.973486"
135032,22.152481,-100.973486,0101000020957F000017D69FF5084858C1A8F2188740A24B41,Cafeteria y Restaurant El Pacifico,San Luis Potosí,San Luis Potosí,Wine-Beer,section,no_accessibility,2,1,1.1785714285714286,1.0714285714285714,1.0714285714285714,28,2.0,Cafeteria,3.0,U1088,2,2,2,1,1,0,"22.152481,-100.973486"
135032,22.152481,-100.973486,0101000020957F000017D69FF5084858C1A8F2188740A24B41,Cafeteria y Restaurant El Pacifico,San Luis Potosí,San Luis Potosí,Wine-Beer,section,no_accessibility,2,1,1.1785714285714286,1.0714285714285714,1.0714285714285714,28,2.0,Cafeteria,3.0,U1106,0,0,0,1,1,0,"22.152481,-100.973486"
135032,22.152481,-100.973486,0101000020957F000017D69FF5084858C1A8F2188740A24B41,Cafeteria y Restaurant El Pacifico,San Luis Potosí,San Luis Potosí,Wine-Beer,section,no_accessibility,2,1,1.1785714285714286,1.0714285714285714,1.0714285714285714,28,2.0,Cafeteria,3.0,U1124,1,1,1,1,1,0,"22.152481,-100.973486"
135032,22.152481,-100.973486,0101000020957F000017D69FF5084858C1A8F2188740A24B41,Cafeteria y Restaurant El Pacifico,San Luis Potosí,San Luis Potosí,Wine-Beer,section,no_accessibility,2,1,1.1785714285714286,1.0714285714285714,1.0714285714285714,28,2.0,Cafeteria,3.0,U1125,1,2,1,1,1,0,"22.152481,-100.973486"
135032,22.152481,-100.973486,0101000020957F000017D69FF5084858C1A8F2188740A24B41,Cafeteria y Restaurant El Pacifico,San Luis Potosí,San Luis Potosí,Wine-Beer,section,no_accessibility,2,1,1.1785714285714286,1.0714285714285714,1.0714285714285714,28,2.0,Cafeteria,3.0,U1018,1,1,1,1,1,0,"22.152481,-100.973486"
135032,22.152481,-100.973486,0101000020957F000017D69FF5084858C1A8F2188740A24B41,Cafeteria y Restaurant El Pacifico,San Luis Potosí,San Luis Potosí,Wine-Beer,section,no_accessibility,2,1,1.1785714285714286,1.0714285714285714,1.0714285714285714,28,2.0,Cafeteria,3.0,U1022,1,1,2,1,1,0,"22.152481,-100.973486"
135032,22.152481,-100.973486,0101000020957F000017D69FF5084858C1A8F2188740A24B41,Cafeteria y Restaurant El Pacifico,San Luis Potosí,San Luis Potosí,Wine-Beer,section,no_accessibility,2,1,1.1785714285714286,1.0714285714285714,1.0714285714285714,28,2.0,Cafeteria,3.0,U1075,1,1,1,1,1,0,"22.152481,-100.973486"
135032,22.152481,-100.973486,0101000020957F000017D69FF5084858C1A8F2188740A24B41,Cafeteria y Restaurant El Pacifico,San Luis Potosí,San Luis Potosí,Wine-Beer,section,no_accessibility,2,1,1.1785714285714286,1.0714285714285714,1.0714285714285714,28,2.0,Cafeteria,3.0,U1024,2,2,2,1,1,0,"22.152481,-100.973486"
135032,22.152481,-100.973486,0101000020957F000017D69FF5084858C1A8F2188740A24B41,Cafeteria y Restaurant El Pacifico,San Luis Potosí,San Luis Potosí,Wine-Beer,section,no_accessibility,2,1,1.1785714285714286,1.0714285714285714,1.0714285714285714,28,2.0,Cafeteria,3.0,U1132,1,0,1,1,1,0,"22.152481,-100.973486"
135032,22.152481,-100.973486,0101000020957F000017D69FF5084858C1A8F2188740A24B41,Cafeteria y Restaurant El Pacifico,San Luis Potosí,San Luis Potosí,Wine-Beer,section,no_accessibility,2,1,1.1785714285714286,1.0714285714285714,1.0714285714285714,28,2.0,Cafeteria,3.0,U1005,2,1,2,1,1,0,"22.152481,-100.973486"
135032,22.152481,-100.973486,0101000020957F000017D69FF5084858C1A8F2188740A24B41,Cafeteria y Restaurant El Pacifico,San Luis Potosí,San Luis Potosí,Wine-Beer,section,no_accessibility,2,1,1.1785714285714286,1.0714285714285714,1.0714285714285714,28,2.0,Cafeteria,3.0,U1120,1,1,1,1,1,0,"22.152481,-100.973486"
135032,22.152481,-100.973486,0101000020957F000017D69FF5084858C1A8F2188740A24B41,Cafeteria y Restaurant El Pacifico,San Luis Potosí,San Luis Potosí,Wine-Beer,section,no_accessibility,2,1,1.1785714285714286,1.0714285714285714,1.0714285714285714,28,2.0,Cafeteria,3.0,U1004,2,2,2,1,1,0,"22.152481,-100.973486"
135032,22.152481,-100.973486,0101000020957F000017D69FF5084858C1A8F2188740A24B41,Cafeteria y Restaurant El Pacifico,San Luis Potosí,San Luis Potosí,Wine-Beer,section,no_accessibility,2,1,1.1785714285714286,1.0714285714285714,1.0714285714285714,28,2.0,Cafeteria,3.0,U1071,2,2,2,1,1,0,"22.152481,-100.973486"
135032,22.152481,-100.973486,0101000020957F000017D69FF5084858C1A8F2188740A24B41,Cafeteria y Restaurant El Pacifico,San Luis Potosí,San Luis Potosí,Wine-Beer,section,no_accessibility,2,1,1.1785714285714286,1.0714285714285714,1.0714285714285714,28,2.0,Cafeteria,3.0,U1113,0,0,0,1,1,0,"22.152481,-100.973486"
135032,22.152481,-100.973486,0101000020957F000017D69FF5084858C1A8F2188740A24B41,Cafeteria y Restaurant El Pacifico,San Luis Potosí,San Luis Potosí,Wine-Beer,section,no_accessibility,2,1,1.1785714285714286,1.0714285714285714,1.0714285714285714,28,2.0,Cafeteria,3.0,U1104,2,1,1,1,1,0,"22.152481,-100.973486"
135032,22.152481,-100.973486,0101000020957F000017D69FF5084858C1A8F2188740A24B41,Cafeteria y Restaurant El Pacifico,San Luis Potosí,San Luis Potosí,Wine-Beer,section,no_accessibility,2,1,1.1785714285714286,1.0714285714285714,1.0714285714285714,28,2.0,Cafeteria,3.0,U1045,0,0,0,1,1,0,"22.152481,-100.973486"
135032,22.152481,-100.973486,0101000020957F000017D69FF5084858C1A8F2188740A24B41,Cafeteria y Restaurant El Pacifico,San Luis Potosí,San Luis Potosí,Wine-Beer,section,no_accessibility,2,1,1.1785714285714286,1.0714285714285714,1.0714285714285714,28,2.0,Cafeteria,3.0,U1016,2,2,2,1,1,0,"22.152481,-100.973486"
135032,22.152481,-100.973486,0101000020957F000017D69FF5084858C1A8F2188740A24B41,Cafeteria y Restaurant El Pacifico,San Luis Potosí,San Luis Potosí,Wine-Beer,section,no_accessibility,2,1,1.1785714285714286,1.0714285714285714,1.0714285714285714,28,2.0,Cafeteria,3.0,U1007,1,1,0,1,1,0,"22.152481,-100.973486"
135032,22.152481,-100.973486,0101000020957F000017D69FF5084858C1A8F2188740A24B41,Cafeteria y Restaurant El Pacifico,San Luis Potosí,San Luis Potosí,Wine-Beer,section,no_accessibility,2,1,1.1785714285714286,1.0714285714285714,1.0714285714285714,28,2.0,Cafeteria,3.0,U1054,1,1,1,1,1,0,"22.152481,-100.973486"
135032,22.152481,-100.973486,0101000020957F000017D69FF5084858C1A8F2188740A24B41,Cafeteria y Restaurant El Pacifico,San Luis Potosí,San Luis Potosí,Wine-Beer,section,no_accessibility,2,1,1.1785714285714286,1.0714285714285714,1.0714285714285714,28,2.0,Cafeteria,3.0,U1101,2,2,1,1,1,0,"22.152481,-100.973486"
135032,22.152481,-100.973486,0101000020957F000017D69FF5084858C1A8F2188740A24B41,Cafeteria y Restaurant El Pacifico,San Luis Potosí,San Luis Potosí,Wine-Beer,section,no_accessibility,2,1,1.1785714285714286,1.0714285714285714,1.0714285714285714,28,2.0,Cafeteria,3.0,U1032,0,0,0,1,1,0,"22.152481,-100.973486"
135032,22.152481,-100.973486,0101000020957F000017D69FF5084858C1A8F2188740A24B41,Cafeteria y Restaurant El Pacifico,San Luis Potosí,San Luis Potosí,Wine-Beer,section,no_accessibility,2,1,1.1785714285714286,1.0714285714285714,1.0714285714285714,28,2.0,Cafeteria,3.0,U1135,0,0,0,1,1,0,"22.152481,-100.973486"
135032,22.152481,-100.973486,0101000020957F000017D69FF5084858C1A8F2188740A24B41,Cafeteria y Restaurant El Pacifico,San Luis Potosí,San Luis Potosí,Wine-Beer,section,no_accessibility,2,1,1.1785714285714286,1.0714285714285714,1.0714285714285714,28,2.0,Cafeteria,3.0,U1109,2,2,2,1,1,0,"22.152481,-100.973486"
135032,22.152481,-100.973486,0101000020957F000017D69FF5084858C1A8F2188740A24B41,Cafeteria y Restaurant El Pacifico,San Luis Potosí,San Luis Potosí,Wine-Beer,section,no_accessibility,2,1,1.1785714285714286,1.0714285714285714,1.0714285714285714,28,2.0,Cafeteria,3.0,U1098,2,1,1,1,1,0,"22.152481,-100.973486"
135032,22.152481,-100.973486,0101000020957F000017D69FF5084858C1A8F2188740A24B41,Cafeteria y Restaurant El Pacifico,San Luis Potosí,San Luis Potosí,Wine-Beer,section,no_accessibility,2,1,1.1785714285714286,1.0714285714285714,1.0714285714285714,28,2.0,Cafeteria,3.0,U1049,0,0,0,1,1,0,"22.152481,-100.973486"
135032,22.152481,-100.973486,0101000020957F000017D69FF5084858C1A8F2188740A24B41,Cafeteria y Restaurant El Pacifico,San Luis Potosí,San Luis Potosí,Wine-Beer,section,no_accessibility,2,1,1.1785714285714286,1.0714285714285714,1.0714285714285714,28,2.0,Contemporary,3.0,U1108,2,1,2,1,1,0,"22.152481,-100.973486"
135032,22.152481,-100.973486,0101000020957F000017D69FF5084858C1A8F2188740A24B41,Cafeteria y Restaurant El Pacifico,San Luis Potosí,San Luis Potosí,Wine-Beer,section,no_accessibility,2,1,1.1785714285714286,1.0714285714285714,1.0714285714285714,28,2.0,Contemporary,3.0,U1053,2,2,1,1,1,0,"22.152481,-100.973486"
135032,22.152481,-100.973486,0101000020957F000017D69FF5084858C1A8F2188740A24B41,Cafeteria y Restaurant El Pacifico,San Luis Potosí,San Luis Potosí,Wine-Beer,section,no_accessibility,2,1,1.1785714285714286,1.0714285714285714,1.0714285714285714,28,2.0,Contemporary,3.0,U1081,0,1,1,1,1,0,"22.152481,-100.973486"
135032,22.152481,-100.973486,0101000020957F000017D69FF5084858C1A8F2188740A24B41,Cafeteria y Restaurant El Pacifico,San Luis Potosí,San Luis Potosí,Wine-Beer,section,no_accessibility,2,1,1.1785714285714286,1.0714285714285714,1.0714285714285714,28,2.0,Contemporary,3.0,U1088,2,2,2,1,1,0,"22.152481,-100.973486"
135032,22.152481,-100.973486,0101000020957F000017D69FF5084858C1A8F2188740A24B41,Cafeteria y Restaurant El Pacifico,San Luis Potosí,San Luis Potosí,Wine-Beer,section,no_accessibility,2,1,1.1785714285714286,1.0714285714285714,1.0714285714285714,28,2.0,Contemporary,3.0,U1106,0,0,0,1,1,0,"22.152481,-100.973486"
135032,22.152481,-100.973486,0101000020957F000017D69FF5084858C1A8F2188740A24B41,Cafeteria y Restaurant El Pacifico,San Luis Potosí,San Luis Potosí,Wine-Beer,section,no_accessibility,2,1,1.1785714285714286,1.0714285714285714,1.0714285714285714,28,2.0,Contemporary,3.0,U1124,1,1,1,1,1,0,"22.152481,-100.973486"
135032,22.152481,-100.973486,0101000020957F000017D69FF5084858C1A8F2188740A24B41,Cafeteria y Restaurant El Pacifico,San Luis Potosí,San Luis Potosí,Wine-Beer,section,no_accessibility,2,1,1.1785714285714286,1.0714285714285714,1.0714285714285714,28,2.0,Contemporary,3.0,U1125,1,2,1,1,1,0,"22.152481,-100.973486"
135032,22.152481,-100.973486,0101000020957F000017D69FF5084858C1A8F2188740A24B41,Cafeteria y Restaurant El Pacifico,San Luis Potosí,San Luis Potosí,Wine-Beer,section,no_accessibility,2,1,1.1785714285714286,1.0714285714285714,1.0714285714285714,28,2.0,Contemporary,3.0,U1018,1,1,1,1,1,0,"22.152481,-100.973486"
135032,22.152481,-100.973486,0101000020957F000017D69FF5084858C1A8F2188740A24B41,Cafeteria y Restaurant El Pacifico,San Luis Potosí,San Luis Potosí,Wine-Beer,section,no_accessibility,2,1,1.1785714285714286,1.0714285714285714,1.0714285714285714,28,2.0,Contemporary,3.0,U1022,1,1,2,1,1,0,"22.152481,-100.973486"
135032,22.152481,-100.973486,0101000020957F000017D69FF5084858C1A8F2188740A24B41,Cafeteria y Restaurant El Pacifico,San Luis Potosí,San Luis Potosí,Wine-Beer,section,no_accessibility,2,1,1.1785714285714286,1.0714285714285714,1.0714285714285714,28,2.0,Contemporary,3.0,U1075,1,1,1,1,1,0,"22.152481,-100.973486"
135032,22.152481,-100.973486,0101000020957F000017D69FF5084858C1A8F2188740A24B41,Cafeteria y Restaurant El Pacifico,San Luis Potosí,San Luis Potosí,Wine-Beer,section,no_accessibility,2,1,1.1785714285714286,1.0714285714285714,1.0714285714285714,28,2.0,Contemporary,3.0,U1024,2,2,2,1,1,0,"22.152481,-100.973486"
135032,22.152481,-100.973486,0101000020957F000017D69FF5084858C1A8F2188740A24B41,Cafeteria y Restaurant El Pacifico,San Luis Potosí,San Luis Potosí,Wine-Beer,section,no_accessibility,2,1,1.1785714285714286,1.0714285714285714,1.0714285714285714,28,2.0,Contemporary,3.0,U1132,1,0,1,1,1,0,"22.152481,-100.973486"
135032,22.152481,-100.973486,0101000020957F000017D69FF5084858C1A8F2188740A24B41,Cafeteria y Restaurant El Pacifico,San Luis Potosí,San Luis Potosí,Wine-Beer,section,no_accessibility,2,1,1.1785714285714286,1.0714285714285714,1.0714285714285714,28,2.0,Contemporary,3.0,U1005,2,1,2,1,1,0,"22.152481,-100.973486"
135032,22.152481,-100.973486,0101000020957F000017D69FF5084858C1A8F2188740A24B41,Cafeteria y Restaurant El Pacifico,San Luis Potosí,San Luis Potosí,Wine-Beer,section,no_accessibility,2,1,1.1785714285714286,1.0714285714285714,1.0714285714285714,28,2.0,Contemporary,3.0,U1120,1,1,1,1,1,0,"22.152481,-100.973486"
135032,22.152481,-100.973486,0101000020957F000017D69FF5084858C1A8F2188740A24B41,Cafeteria y Restaurant El Pacifico,San Luis Potosí,San Luis Potosí,Wine-Beer,section,no_accessibility,2,1,1.1785714285714286,1.0714285714285714,1.0714285714285714,28,2.0,Contemporary,3.0,U1004,2,2,2,1,1,0,"22.152481,-100.973486"
135032,22.152481,-100.973486,0101000020957F000017D69FF5084858C1A8F2188740A24B41,Cafeteria y Restaurant El Pacifico,San Luis Potosí,San Luis Potosí,Wine-Beer,section,no_accessibility,2,1,1.1785714285714286,1.0714285714285714,1.0714285714285714,28,2.0,Contemporary,3.0,U1071,2,2,2,1,1,0,"22.152481,-100.973486"
135032,22.152481,-100.973486,0101000020957F000017D69FF5084858C1A8F2188740A24B41,Cafeteria y Restaurant El Pacifico,San Luis Potosí,San Luis Potosí,Wine-Beer,section,no_accessibility,2,1,1.1785714285714286,1.0714285714285714,1.0714285714285714,28,2.0,Contemporary,3.0,U1113,0,0,0,1,1,0,"22.152481,-100.973486"
135032,22.152481,-100.973486,0101000020957F000017D69FF5084858C1A8F2188740A24B41,Cafeteria y Restaurant El Pacifico,San Luis Potosí,San Luis Potosí,Wine-Beer,section,no_accessibility,2,1,1.1785714285714286,1.0714285714285714,1.0714285714285714,28,2.0,Contemporary,3.0,U1104,2,1,1,1,1,0,"22.152481,-100.973486"
135032,22.152481,-100.973486,0101000020957F000017D69FF5084858C1A8F2188740A24B41,Cafeteria y Restaurant El Pacifico,San Luis Potosí,San Luis Potosí,Wine-Beer,section,no_accessibility,2,1,1.1785714285714286,1.0714285714285714,1.0714285714285714,28,2.0,Contemporary,3.0,U1045,0,0,0,1,1,0,"22.152481,-100.973486"
135032,22.152481,-100.973486,0101000020957F000017D69FF5084858C1A8F2188740A24B41,Cafeteria y Restaurant El Pacifico,San Luis Potosí,San Luis Potosí,Wine-Beer,section,no_accessibility,2,1,1.1785714285714286,1.0714285714285714,1.0714285714285714,28,2.0,Contemporary,3.0,U1016,2,2,2,1,1,0,"22.152481,-100.973486"
135032,22.152481,-100.973486,0101000020957F000017D69FF5084858C1A8F2188740A24B41,Cafeteria y Restaurant El Pacifico,San Luis Potosí,San Luis Potosí,Wine-Beer,section,no_accessibility,2,1,1.1785714285714286,1.0714285714285714,1.0714285714285714,28,2.0,Contemporary,3.0,U1007,1,1,0,1,1,0,"22.152481,-100.973486"
135032,22.152481,-100.973486,0101000020957F000017D69FF5084858C1A8F2188740A24B41,Cafeteria y Restaurant El Pacifico,San Luis Potosí,San Luis Potosí,Wine-Beer,section,no_accessibility,2,1,1.1785714285714286,1.0714285714285714,1.0714285714285714,28,2.0,Contemporary,3.0,U1054,1,1,1,1,1,0,"22.152481,-100.973486"
135032,22.152481,-100.973486,0101000020957F000017D69FF5084858C1A8F2188740A24B41,Cafeteria y Restaurant El Pacifico,San Luis Potosí,San Luis Potosí,Wine-Beer,section,no_accessibility,2,1,1.1785714285714286,1.0714285714285714,1.0714285714285714,28,2.0,Contemporary,3.0,U1101,2,2,1,1,1,0,"22.152481,-100.973486"
135032,22.152481,-100.973486,0101000020957F000017D69FF5084858C1A8F2188740A24B41,Cafeteria y Restaurant El Pacifico,San Luis Potosí,San Luis Potosí,Wine-Beer,section,no_accessibility,2,1,1.1785714285714286,1.0714285714285714,1.0714285714285714,28,2.0,Contemporary,3.0,U1032,0,0,0,1,1,0,"22.152481,-100.973486"
135032,22.152481,-100.973486,0101000020957F000017D69FF5084858C1A8F2188740A24B41,Cafeteria y Restaurant El Pacifico,San Luis Potosí,San Luis Potosí,Wine-Beer,section,no_accessibility,2,1,1.1785714285714286,1.0714285714285714,1.0714285714285714,28,2.0,Contemporary,3.0,U1135,0,0,0,1,1,0,"22.152481,-100.973486"
135032,22.152481,-100.973486,0101000020957F000017D69FF5084858C1A8F2188740A24B41,Cafeteria y Restaurant El Pacifico,San Luis Potosí,San Luis Potosí,Wine-Beer,section,no_accessibility,2,1,1.1785714285714286,1.0714285714285714,1.0714285714285714,28,2.0,Contemporary,3.0,U1109,2,2,2,1,1,0,"22.152481,-100.973486"
135032,22.152481,-100.973486,0101000020957F000017D69FF5084858C1A8F2188740A24B41,Cafeteria y Restaurant El Pacifico,San Luis Potosí,San Luis Potosí,Wine-Beer,section,no_accessibility,2,1,1.1785714285714286,1.0714285714285714,1.0714285714285714,28,2.0,Contemporary,3.0,U1098,2,1,1,1,1,0,"22.152481,-100.973486"
135032,22.152481,-100.973486,0101000020957F000017D69FF5084858C1A8F2188740A24B41,Cafeteria y Restaurant El Pacifico,San Luis Potosí,San Luis Potosí,Wine-Beer,section,no_accessibility,2,1,1.1785714285714286,1.0714285714285714,1.0714285714285714,28,2.0,Contemporary,3.0,U1049,0,0,0,1,1,0,"22.152481,-100.973486"
135028,22.146658,-100.987219,0101000020957F0000B4F00BDD8B4858C10AC3619C83A64B41,La Virreina,San Luis Potosí,San Luis Potosí,Wine-Beer,none,no_accessibility,2,1,1.5333333333333334,1.4,1.2666666666666666,15,1.0,Mexican,4.0,U1108,1,1,1,0,1,1,"22.146658,-100.987219"
135028,22.146658,-100.987219,0101000020957F0000B4F00BDD8B4858C10AC3619C83A64B41,La Virreina,San Luis Potosí,San Luis Potosí,Wine-Beer,none,no_accessibility,2,1,1.5333333333333334,1.4,1.2666666666666666,15,1.0,Mexican,4.0,U1055,2,2,2,0,1,1,"22.146658,-100.987219"
135028,22.146658,-100.987219,0101000020957F0000B4F00BDD8B4858C10AC3619C83A64B41,La Virreina,San Luis Potosí,San Luis Potosí,Wine-Beer,none,no_accessibility,2,1,1.5333333333333334,1.4,1.2666666666666666,15,1.0,Mexican,4.0,U1081,1,2,2,0,1,1,"22.146658,-100.987219"
135028,22.146658,-100.987219,0101000020957F0000B4F00BDD8B4858C10AC3619C83A64B41,La Virreina,San Luis Potosí,San Luis Potosí,Wine-Beer,none,no_accessibility,2,1,1.5333333333333334,1.4,1.2666666666666666,15,1.0,Mexican,4.0,U1106,2,1,0,0,1,1,"22.146658,-100.987219"
135028,22.146658,-100.987219,0101000020957F0000B4F00BDD8B4858C10AC3619C83A64B41,La Virreina,San Luis Potosí,San Luis Potosí,Wine-Beer,none,no_accessibility,2,1,1.5333333333333334,1.4,1.2666666666666666,15,1.0,Mexican,4.0,U1024,1,1,1,0,1,1,"22.146658,-100.987219"
135028,22.146658,-100.987219,0101000020957F0000B4F00BDD8B4858C10AC3619C83A64B41,La Virreina,San Luis Potosí,San Luis Potosí,Wine-Beer,none,no_accessibility,2,1,1.5333333333333334,1.4,1.2666666666666666,15,1.0,Mexican,4.0,U1132,2,2,2,0,1,1,"22.146658,-100.987219"
135028,22.146658,-100.987219,0101000020957F0000B4F00BDD8B4858C10AC3619C83A64B41,La Virreina,San Luis Potosí,San Luis Potosí,Wine-Beer,none,no_accessibility,2,1,1.5333333333333334,1.4,1.2666666666666666,15,1.0,Mexican,4.0,U1004,2,2,2,0,1,1,"22.146658,-100.987219"
135028,22.146658,-100.987219,0101000020957F0000B4F00BDD8B4858C10AC3619C83A64B41,La Virreina,San Luis Potosí,San Luis Potosí,Wine-Beer,none,no_accessibility,2,1,1.5333333333333334,1.4,1.2666666666666666,15,1.0,Mexican,4.0,U1071,2,2,2,0,1,1,"22.146658,-100.987219"
135028,22.146658,-100.987219,0101000020957F0000B4F00BDD8B4858C10AC3619C83A64B41,La Virreina,San Luis Potosí,San Luis Potosí,Wine-Beer,none,no_accessibility,2,1,1.5333333333333334,1.4,1.2666666666666666,15,1.0,Mexican,4.0,U1135,0,0,0,0,1,1,"22.146658,-100.987219"
135028,22.146658,-100.987219,0101000020957F0000B4F00BDD8B4858C10AC3619C83A64B41,La Virreina,San Luis Potosí,San Luis Potosí,Wine-Beer,none,no_accessibility,2,1,1.5333333333333334,1.4,1.2666666666666666,15,1.0,Mexican,4.0,U1109,2,2,2,0,1,1,"22.146658,-100.987219"
135028,22.146658,-100.987219,0101000020957F0000B4F00BDD8B4858C10AC3619C83A64B41,La Virreina,San Luis Potosí,San Luis Potosí,Wine-Beer,none,no_accessibility,2,1,1.5333333333333334,1.4,1.2666666666666666,15,1.0,Mexican,4.0,U1033,2,1,1,0,1,1,"22.146658,-100.987219"
135028,22.146658,-100.987219,0101000020957F0000B4F00BDD8B4858C10AC3619C83A64B41,La Virreina,San Luis Potosí,San Luis Potosí,Wine-Beer,none,no_accessibility,2,1,1.5333333333333334,1.4,1.2666666666666666,15,1.0,Mexican,4.0,U1089,1,1,1,0,1,1,"22.146658,-100.987219"
135028,22.146658,-100.987219,0101000020957F0000B4F00BDD8B4858C10AC3619C83A64B41,La Virreina,San Luis Potosí,San Luis Potosí,Wine-Beer,none,no_accessibility,2,1,1.5333333333333334,1.4,1.2666666666666666,15,1.0,Mexican,4.0,U1059,1,1,1,0,1,1,"22.146658,-100.987219"
135028,22.146658,-100.987219,0101000020957F0000B4F00BDD8B4858C10AC3619C83A64B41,La Virreina,San Luis Potosí,San Luis Potosí,Wine-Beer,none,no_accessibility,2,1,1.5333333333333334,1.4,1.2666666666666666,15,1.0,Mexican,4.0,U1025,2,1,0,0,1,1,"22.146658,-100.987219"
135028,22.146658,-100.987219,0101000020957F0000B4F00BDD8B4858C10AC3619C83A64B41,La Virreina,San Luis Potosí,San Luis Potosí,Wine-Beer,none,no_accessibility,2,1,1.5333333333333334,1.4,1.2666666666666666,15,1.0,Mexican,4.0,U1136,2,2,2,0,1,1,"22.146658,-100.987219"
135085,22.150802,-100.98268,0101000020957F00009F823DA6094858C18A2D4D37F9A44B41,Tortas Locas Hipocampo,San Luis Potosí,San Luis Potosí,No_Alcohol_Served,not permitted,no_accessibility,2,1,1.3333333333333333,1.4722222222222223,1.1666666666666667,36,1.0,Fast_Food,1.0,U1077,2,2,2,1,1,1,"22.150802,-100.98268"
135085,22.150802,-100.98268,0101000020957F00009F823DA6094858C18A2D4D37F9A44B41,Tortas Locas Hipocampo,San Luis Potosí,San Luis Potosí,No_Alcohol_Served,not permitted,no_accessibility,2,1,1.3333333333333333,1.4722222222222223,1.1666666666666667,36,1.0,Fast_Food,1.0,U1108,1,2,1,1,1,1,"22.150802,-100.98268"
135085,22.150802,-100.98268,0101000020957F00009F823DA6094858C18A2D4D37F9A44B41,Tortas Locas Hipocampo,San Luis Potosí,San Luis Potosí,No_Alcohol_Served,not permitted,no_accessibility,2,1,1.3333333333333333,1.4722222222222223,1.1666666666666667,36,1.0,Fast_Food,1.0,U1081,1,2,1,1,1,1,"22.150802,-100.98268"
135085,22.150802,-100.98268,0101000020957F00009F823DA6094858C18A2D4D37F9A44B41,Tortas Locas Hipocampo,San Luis Potosí,San Luis Potosí,No_Alcohol_Served,not permitted,no_accessibility,2,1,1.3333333333333333,1.4722222222222223,1.1666666666666667,36,1.0,Fast_Food,1.0,U1056,2,2,2,1,1,1,"22.150802,-100.98268"
135085,22.150802,-100.98268,0101000020957F00009F823DA6094858C18A2D4D37F9A44B41,Tortas Locas Hipocampo,San Luis Potosí,San Luis Potosí,No_Alcohol_Served,not permitted,no_accessibility,2,1,1.3333333333333333,1.4722222222222223,1.1666666666666667,36,1.0,Fast_Food,1.0,U1134,2,1,2,1,1,1,"22.150802,-100.98268"
135085,22.150802,-100.98268,0101000020957F00009F823DA6094858C18A2D4D37F9A44B41,Tortas Locas Hipocampo,San Luis Potosí,San Luis Potosí,No_Alcohol_Served,not permitted,no_accessibility,2,1,1.3333333333333333,1.4722222222222223,1.1666666666666667,36,1.0,Fast_Food,1.0,U1116,2,2,2,1,1,1,"22.150802,-100.98268"
135085,22.150802,-100.98268,0101000020957F00009F823DA6094858C18A2D4D37F9A44B41,Tortas Locas Hipocampo,San Luis Potosí,San Luis Potosí,No_Alcohol_Served,not permitted,no_accessibility,2,1,1.3333333333333333,1.4722222222222223,1.1666666666666667,36,1.0,Fast_Food,1.0,U1132,2,2,2,1,1,1,"22.150802,-100.98268"
135085,22.150802,-100.98268,0101000020957F00009F823DA6094858C18A2D4D37F9A44B41,Tortas Locas Hipocampo,San Luis Potosí,San Luis Potosí,No_Alcohol_Served,not permitted,no_accessibility,2,1,1.3333333333333333,1.4722222222222223,1.1666666666666667,36,1.0,Fast_Food,1.0,U1120,0,0,0,1,1,1,"22.150802,-100.98268"
135085,22.150802,-100.98268,0101000020957F00009F823DA6094858C18A2D4D37F9A44B41,Tortas Locas Hipocampo,San Luis Potosí,San Luis Potosí,No_Alcohol_Served,not permitted,no_accessibility,2,1,1.3333333333333333,1.4722222222222223,1.1666666666666667,36,1.0,Fast_Food,1.0,U1036,2,2,2,1,1,1,"22.150802,-100.98268"
135085,22.150802,-100.98268,0101000020957F00009F823DA6094858C18A2D4D37F9A44B41,Tortas Locas Hipocampo,San Luis Potosí,San Luis Potosí,No_Alcohol_Served,not permitted,no_accessibility,2,1,1.3333333333333333,1.4722222222222223,1.1666666666666667,36,1.0,Fast_Food,1.0,U1084,2,2,2,1,1,1,"22.150802,-100.98268"
135085,22.150802,-100.98268,0101000020957F00009F823DA6094858C18A2D4D37F9A44B41,Tortas Locas Hipocampo,San Luis Potosí,San Luis Potosí,No_Alcohol_Served,not permitted,no_accessibility,2,1,1.3333333333333333,1.4722222222222223,1.1666666666666667,36,1.0,Fast_Food,1.0,U1113,1,2,1,1,1,1,"22.150802,-100.98268"
135085,22.150802,-100.98268,0101000020957F00009F823DA6094858C18A2D4D37F9A44B41,Tortas Locas Hipocampo,San Luis Potosí,San Luis Potosí,No_Alcohol_Served,not permitted,no_accessibility,2,1,1.3333333333333333,1.4722222222222223,1.1666666666666667,36,1.0,Fast_Food,1.0,U1104,2,2,1,1,1,1,"22.150802,-100.98268"
135085,22.150802,-100.98268,0101000020957F00009F823DA6094858C18A2D4D37F9A44B41,Tortas Locas Hipocampo,San Luis Potosí,San Luis Potosí,No_Alcohol_Served,not permitted,no_accessibility,2,1,1.3333333333333333,1.4722222222222223,1.1666666666666667,36,1.0,Fast_Food,1.0,U1106,2,2,2,1,1,1,"22.150802,-100.98268"
135085,22.150802,-100.98268,0101000020957F00009F823DA6094858C18A2D4D37F9A44B41,Tortas Locas Hipocampo,San Luis Potosí,San Luis Potosí,No_Alcohol_Served,not permitted,no_accessibility,2,1,1.3333333333333333,1.4722222222222223,1.1666666666666667,36,1.0,Fast_Food,1.0,U1045,2,2,2,1,1,1,"22.150802,-100.98268"
135085,22.150802,-100.98268,0101000020957F00009F823DA6094858C18A2D4D37F9A44B41,Tortas Locas Hipocampo,San Luis Potosí,San Luis Potosí,No_Alcohol_Served,not permitted,no_accessibility,2,1,1.3333333333333333,1.4722222222222223,1.1666666666666667,36,1.0,Fast_Food,1.0,U1016,2,2,0,1,1,1,"22.150802,-100.98268"
135085,22.150802,-100.98268,0101000020957F00009F823DA6094858C18A2D4D37F9A44B41,Tortas Locas Hipocampo,San Luis Potosí,San Luis Potosí,No_Alcohol_Served,not permitted,no_accessibility,2,1,1.3333333333333333,1.4722222222222223,1.1666666666666667,36,1.0,Fast_Food,1.0,U1007,1,2,0,1,1,1,"22.150802,-100.98268"
135085,22.150802,-100.98268,0101000020957F00009F823DA6094858C18A2D4D37F9A44B41,Tortas Locas Hipocampo,San Luis Potosí,San Luis Potosí,No_Alcohol_Served,not permitted,no_accessibility,2,1,1.3333333333333333,1.4722222222222223,1.1666666666666667,36,1.0,Fast_Food,1.0,U1013,1,2,0,1,1,1,"22.150802,-100.98268"
135085,22.150802,-100.98268,0101000020957F00009F823DA6094858C18A2D4D37F9A44B41,Tortas Locas Hipocampo,San Luis Potosí,San Luis Potosí,No_Alcohol_Served,not permitted,no_accessibility,2,1,1.3333333333333333,1.4722222222222223,1.1666666666666667,36,1.0,Fast_Food,1.0,U1001,0,1,1,1,1,1,"22.150802,-100.98268"
135085,22.150802,-100.98268,0101000020957F00009F823DA6094858C18A2D4D37F9A44B41,Tortas Locas Hipocampo,San Luis Potosí,San Luis Potosí,No_Alcohol_Served,not permitted,no_accessibility,2,1,1.3333333333333333,1.4722222222222223,1.1666666666666667,36,1.0,Fast_Food,1.0,U1135,0,0,0,1,1,1,"22.150802,-100.98268"
135085,22.150802,-100.98268,0101000020957F00009F823DA6094858C18A2D4D37F9A44B41,Tortas Locas Hipocampo,San Luis Potosí,San Luis Potosí,No_Alcohol_Served,not permitted,no_accessibility,2,1,1.3333333333333333,1.4722222222222223,1.1666666666666667,36,1.0,Fast_Food,1.0,U1032,1,1,1,1,1,1,"22.150802,-100.98268"
135085,22.150802,-100.98268,0101000020957F00009F823DA6094858C18A2D4D37F9A44B41,Tortas Locas Hipocampo,San Luis Potosí,San Luis Potosí,No_Alcohol_Served,not permitted,no_accessibility,2,1,1.3333333333333333,1.4722222222222223,1.1666666666666667,36,1.0,Fast_Food,1.0,U1062,0,0,0,1,1,1,"22.150802,-100.98268"
135085,22.150802,-100.98268,0101000020957F00009F823DA6094858C18A2D4D37F9A44B41,Tortas Locas Hipocampo,San Luis Potosí,San Luis Potosí,No_Alcohol_Served,not permitted,no_accessibility,2,1,1.3333333333333333,1.4722222222222223,1.1666666666666667,36,1.0,Fast_Food,1.0,U1092,0,0,0,1,1,1,"22.150802,-100.98268"
135085,22.150802,-100.98268,0101000020957F00009F823DA6094858C18A2D4D37F9A44B41,Tortas Locas Hipocampo,San Luis Potosí,San Luis Potosí,No_Alcohol_Served,not permitted,no_accessibility,2,1,1.3333333333333333,1.4722222222222223,1.1666666666666667,36,1.0,Fast_Food,1.0,U1109,2,2,2,1,1,1,"22.150802,-100.98268"
135085,22.150802,-100.98268,0101000020957F00009F823DA6094858C18A2D4D37F9A44B41,Tortas Locas Hipocampo,San Luis Potosí,San Luis Potosí,No_Alcohol_Served,not permitted,no_accessibility,2,1,1.3333333333333333,1.4722222222222223,1.1666666666666667,36,1.0,Fast_Food,1.0,U1122,2,2,1,1,1,1,"22.150802,-100.98268"
135085,22.150802,-100.98268,0101000020957F00009F823DA6094858C18A2D4D37F9A44B41,Tortas Locas Hipocampo,San Luis Potosí,San Luis Potosí,No_Alcohol_Served,not permitted,no_accessibility,2,1,1.3333333333333333,1.4722222222222223,1.1666666666666667,36,1.0,Fast_Food,1.0,U1098,1,2,1,1,1,1,"22.150802,-100.98268"
135085,22.150802,-100.98268,0101000020957F00009F823DA6094858C18A2D4D37F9A44B41,Tortas Locas Hipocampo,San Luis Potosí,San Luis Potosí,No_Alcohol_Served,not permitted,no_accessibility,2,1,1.3333333333333333,1.4722222222222223,1.1666666666666667,36,1.0,Fast_Food,1.0,U1033,2,2,2,1,1,1,"22.150802,-100.98268"
135085,22.150802,-100.98268,0101000020957F00009F823DA6094858C18A2D4D37F9A44B41,Tortas Locas Hipocampo,San Luis Potosí,San Luis Potosí,No_Alcohol_Served,not permitted,no_accessibility,2,1,1.3333333333333333,1.4722222222222223,1.1666666666666667,36,1.0,Fast_Food,1.0,U1089,1,1,1,1,1,1,"22.150802,-100.98268"
135085,22.150802,-100.98268,0101000020957F00009F823DA6094858C18A2D4D37F9A44B41,Tortas Locas Hipocampo,San Luis Potosí,San Luis Potosí,No_Alcohol_Served,not permitted,no_accessibility,2,1,1.3333333333333333,1.4722222222222223,1.1666666666666667,36,1.0,Fast_Food,1.0,U1027,1,1,1,1,1,1,"22.150802,-100.98268"
135085,22.150802,-100.98268,0101000020957F00009F823DA6094858C18A2D4D37F9A44B41,Tortas Locas Hipocampo,San Luis Potosí,San Luis Potosí,No_Alcohol_Served,not permitted,no_accessibility,2,1,1.3333333333333333,1.4722222222222223,1.1666666666666667,36,1.0,Fast_Food,1.0,U1029,1,1,1,1,1,1,"22.150802,-100.98268"
135085,22.150802,-100.98268,0101000020957F00009F823DA6094858C18A2D4D37F9A44B41,Tortas Locas Hipocampo,San Luis Potosí,San Luis Potosí,No_Alcohol_Served,not permitted,no_accessibility,2,1,1.3333333333333333,1.4722222222222223,1.1666666666666667,36,1.0,Fast_Food,1.0,U1086,2,1,1,1,1,1,"22.150802,-100.98268"
135085,22.150802,-100.98268,0101000020957F00009F823DA6094858C18A2D4D37F9A44B41,Tortas Locas Hipocampo,San Luis Potosí,San Luis Potosí,No_Alcohol_Served,not permitted,no_accessibility,2,1,1.3333333333333333,1.4722222222222223,1.1666666666666667,36,1.0,Fast_Food,1.0,U1137,2,1,2,1,1,1,"22.150802,-100.98268"
135085,22.150802,-100.98268,0101000020957F00009F823DA6094858C18A2D4D37F9A44B41,Tortas Locas Hipocampo,San Luis Potosí,San Luis Potosí,No_Alcohol_Served,not permitted,no_accessibility,2,1,1.3333333333333333,1.4722222222222223,1.1666666666666667,36,1.0,Fast_Food,1.0,U1046,1,2,1,1,1,1,"22.150802,-100.98268"
135085,22.150802,-100.98268,0101000020957F00009F823DA6094858C18A2D4D37F9A44B41,Tortas Locas Hipocampo,San Luis Potosí,San Luis Potosí,No_Alcohol_Served,not permitted,no_accessibility,2,1,1.3333333333333333,1.4722222222222223,1.1666666666666667,36,1.0,Fast_Food,1.0,U1090,2,2,2,1,1,1,"22.150802,-100.98268"
135085,22.150802,-100.98268,0101000020957F00009F823DA6094858C18A2D4D37F9A44B41,Tortas Locas Hipocampo,San Luis Potosí,San Luis Potosí,No_Alcohol_Served,not permitted,no_accessibility,2,1,1.3333333333333333,1.4722222222222223,1.1666666666666667,36,1.0,Fast_Food,1.0,U1059,2,2,2,1,1,1,"22.150802,-100.98268"
135085,22.150802,-100.98268,0101000020957F00009F823DA6094858C18A2D4D37F9A44B41,Tortas Locas Hipocampo,San Luis Potosí,San Luis Potosí,No_Alcohol_Served,not permitted,no_accessibility,2,1,1.3333333333333333,1.4722222222222223,1.1666666666666667,36,1.0,Fast_Food,1.0,U1049,0,0,0,1,1,1,"22.150802,-100.98268"
135085,22.150802,-100.98268,0101000020957F00009F823DA6094858C18A2D4D37F9A44B41,Tortas Locas Hipocampo,San Luis Potosí,San Luis Potosí,No_Alcohol_Served,not permitted,no_accessibility,2,1,1.3333333333333333,1.4722222222222223,1.1666666666666667,36,1.0,Fast_Food,1.0,U1002,1,1,1,1,1,1,"22.150802,-100.98268"
132663,23.7525107,-99.1669536,0101000020957F0000FDF8D26EE08157C1FEDB6A1FDB4E4941,tacos abi,Ciudad Victoria,Tamaulipas,No_Alcohol_Served,none,completely,1,1,0.5,0.5,0.6666666666666666,6,1.0,Mexican,1.0,U1068,1,1,1,0,0,0,"23.7525107,-99.1669536"
132663,23.7525107,-99.1669536,0101000020957F0000FDF8D26EE08157C1FEDB6A1FDB4E4941,tacos abi,Ciudad Victoria,Tamaulipas,No_Alcohol_Served,none,completely,1,1,0.5,0.5,0.6666666666666666,6,1.0,Mexican,1.0,U1103,1,0,2,0,0,0,"23.7525107,-99.1669536"
132663,23.7525107,-99.1669536,0101000020957F0000FDF8D26EE08157C1FEDB6A1FDB4E4941,tacos abi,Ciudad Victoria,Tamaulipas,No_Alcohol_Served,none,completely,1,1,0.5,0.5,0.6666666666666666,6,1.0,Mexican,1.0,U1031,0,0,0,0,0,0,"23.7525107,-99.1669536"
132663,23.7525107,-99.1669536,0101000020957F0000FDF8D26EE08157C1FEDB6A1FDB4E4941,tacos abi,Ciudad Victoria,Tamaulipas,No_Alcohol_Served,none,completely,1,1,0.5,0.5,0.6666666666666666,6,1.0,Mexican,1.0,U1082,0,0,0,0,0,0,"23.7525107,-99.1669536"
132663,23.7525107,-99.1669536,0101000020957F0000FDF8D26EE08157C1FEDB6A1FDB4E4941,tacos abi,Ciudad Victoria,Tamaulipas,No_Alcohol_Served,none,completely,1,1,0.5,0.5,0.6666666666666666,6,1.0,Mexican,1.0,U1028,0,0,0,0,0,0,"23.7525107,-99.1669536"
132663,23.7525107,-99.1669536,0101000020957F0000FDF8D26EE08157C1FEDB6A1FDB4E4941,tacos abi,Ciudad Victoria,Tamaulipas,No_Alcohol_Served,none,completely,1,1,0.5,0.5,0.6666666666666666,6,1.0,Mexican,1.0,U1087,1,2,1,0,0,0,"23.7525107,-99.1669536"
132626,23.7375834,-99.1351318,0101000020957F0000AA7883ADD88457C1FA651328BA464941,la perica hamburguesa,Ciudad Victoria,Tamaulipas,No_Alcohol_Served,none,completely,2,0,1.25,1.0,1.0,4,1.0,Italian,2.0,U1026,2,2,2,1,0,1,"23.7375834,-99.1351318"
132626,23.7375834,-99.1351318,0101000020957F0000AA7883ADD88457C1FA651328BA464941,la perica hamburguesa,Ciudad Victoria,Tamaulipas,No_Alcohol_Served,none,completely,2,0,1.25,1.0,1.0,4,1.0,Italian,2.0,U1065,1,0,1,1,0,1,"23.7375834,-99.1351318"
132626,23.7375834,-99.1351318,0101000020957F0000AA7883ADD88457C1FA651328BA464941,la perica hamburguesa,Ciudad Victoria,Tamaulipas,No_Alcohol_Served,none,completely,2,0,1.25,1.0,1.0,4,1.0,Italian,2.0,U1039,2,2,1,1,0,1,"23.7375834,-99.1351318"
132626,23.7375834,-99.1351318,0101000020957F0000AA7883ADD88457C1FA651328BA464941,la perica hamburguesa,Ciudad Victoria,Tamaulipas,No_Alcohol_Served,none,completely,2,0,1.25,1.0,1.0,4,1.0,Italian,2.0,U1130,0,0,0,1,0,1,"23.7375834,-99.1351318"
132583,18.9222904,-99.234332,0101000020957F0000FBE7171F056F5AC1E8A6C0A5AF554A41,McDonalds Centro,Cuernavaca,Morelos,No_Alcohol_Served,not permitted,partially,1,0,1.0,1.0,1.25,4,1.0,American,4.0,U1044,1,2,1,0,0,0,"18.9222904,-99.234332"
132583,18.9222904,-99.234332,0101000020957F0000FBE7171F056F5AC1E8A6C0A5AF554A41,McDonalds Centro,Cuernavaca,Morelos,No_Alcohol_Served,not permitted,partially,1,0,1.0,1.0,1.25,4,1.0,American,4.0,U1118,0,0,0,0,0,0,"18.9222904,-99.234332"
132583,18.9222904,-99.234332,0101000020957F0000FBE7171F056F5AC1E8A6C0A5AF554A41,McDonalds Centro,Cuernavaca,Morelos,No_Alcohol_Served,not permitted,partially,1,0,1.0,1.0,1.25,4,1.0,American,4.0,U1035,1,0,2,0,0,0,"18.9222904,-99.234332"
132583,18.9222904,-99.234332,0101000020957F0000FBE7171F056F5AC1E8A6C0A5AF554A41,McDonalds Centro,Cuernavaca,Morelos,No_Alcohol_Served,not permitted,partially,1,0,1.0,1.0,1.25,4,1.0,American,4.0,U1119,2,2,2,0,0,0,"18.9222904,-99.234332"
132866,22.1412198,-100.9313107,0101000020957F000013871838EC4A58C1B5DF74F8E3964B41,Chaires,San Luis Potosí,San Luis Potosí,No_Alcohol_Served,not permitted,completely,2,1,1.4,1.4,1.4,5,2.0,Bakery,1.0,U1052,2,2,1,1,0,1,"22.1412198,-100.9313107"
132866,22.1412198,-100.9313107,0101000020957F000013871838EC4A58C1B5DF74F8E3964B41,Chaires,San Luis Potosí,San Luis Potosí,No_Alcohol_Served,not permitted,completely,2,1,1.4,1.4,1.4,5,2.0,Bakery,1.0,U1008,1,1,1,1,0,1,"22.1412198,-100.9313107"
132866,22.1412198,-100.9313107,0101000020957F000013871838EC4A58C1B5DF74F8E3964B41,Chaires,San Luis Potosí,San Luis Potosí,No_Alcohol_Served,not permitted,completely,2,1,1.4,1.4,1.4,5,2.0,Bakery,1.0,U1015,0,1,1,1,0,1,"22.1412198,-100.9313107"
132866,22.1412198,-100.9313107,0101000020957F000013871838EC4A58C1B5DF74F8E3964B41,Chaires,San Luis Potosí,San Luis Potosí,No_Alcohol_Served,not permitted,completely,2,1,1.4,1.4,1.4,5,2.0,Bakery,1.0,U1025,2,1,2,1,0,1,"22.1412198,-100.9313107"
132866,22.1412198,-100.9313107,0101000020957F000013871838EC4A58C1B5DF74F8E3964B41,Chaires,San Luis Potosí,San Luis Potosí,No_Alcohol_Served,not permitted,completely,2,1,1.4,1.4,1.4,5,2.0,Bakery,1.0,U1131,2,2,2,1,0,1,"22.1412198,-100.9313107"
132866,22.1412198,-100.9313107,0101000020957F000013871838EC4A58C1B5DF74F8E3964B41,Chaires,San Luis Potosí,San Luis Potosí,No_Alcohol_Served,not permitted,completely,2,1,1.4,1.4,1.4,5,2.0,Cafeteria,1.0,U1052,2,2,1,1,0,1,"22.1412198,-100.9313107"
132866,22.1412198,-100.9313107,0101000020957F000013871838EC4A58C1B5DF74F8E3964B41,Chaires,San Luis Potosí,San Luis Potosí,No_Alcohol_Served,not permitted,completely,2,1,1.4,1.4,1.4,5,2.0,Cafeteria,1.0,U1008,1,1,1,1,0,1,"22.1412198,-100.9313107"
132866,22.1412198,-100.9313107,0101000020957F000013871838EC4A58C1B5DF74F8E3964B41,Chaires,San Luis Potosí,San Luis Potosí,No_Alcohol_Served,not permitted,completely,2,1,1.4,1.4,1.4,5,2.0,Cafeteria,1.0,U1015,0,1,1,1,0,1,"22.1412198,-100.9313107"
132866,22.1412198,-100.9313107,0101000020957F000013871838EC4A58C1B5DF74F8E3964B41,Chaires,San Luis Potosí,San Luis Potosí,No_Alcohol_Served,not permitted,completely,2,1,1.4,1.4,1.4,5,2.0,Cafeteria,1.0,U1025,2,1,2,1,0,1,"22.1412198,-100.9313107"
132866,22.1412198,-100.9313107,0101000020957F000013871838EC4A58C1B5DF74F8E3964B41,Chaires,San Luis Potosí,San Luis Potosí,No_Alcohol_Served,not permitted,completely,2,1,1.4,1.4,1.4,5,2.0,Cafeteria,1.0,U1131,2,2,2,1,0,1,"22.1412198,-100.9313107"
135072,22.149192000000003,-101.002936,0101000020957F0000E7B79B1DB94758C1D29BC363D8AA4B41,Sushi Itto,San Luis Potosí,San Luis Potosí,No_Alcohol_Served,none,no_accessibility,2,1,1.25,1.375,1.25,8,1.0,Japanese,4.0,U1083,1,2,2,0,0,1,"22.149192000000003,-101.002936"
135072,22.149192000000003,-101.002936,0101000020957F0000E7B79B1DB94758C1D29BC363D8AA4B41,Sushi Itto,San Luis Potosí,San Luis Potosí,No_Alcohol_Served,none,no_accessibility,2,1,1.25,1.375,1.25,8,1.0,Japanese,4.0,U1084,2,2,2,0,0,1,"22.149192000000003,-101.002936"
135072,22.149192000000003,-101.002936,0101000020957F0000E7B79B1DB94758C1D29BC363D8AA4B41,Sushi Itto,San Luis Potosí,San Luis Potosí,No_Alcohol_Served,none,no_accessibility,2,1,1.25,1.375,1.25,8,1.0,Japanese,4.0,U1095,2,2,2,0,0,1,"22.149192000000003,-101.002936"
135072,22.149192000000003,-101.002936,0101000020957F0000E7B79B1DB94758C1D29BC363D8AA4B41,Sushi Itto,San Luis Potosí,San Luis Potosí,No_Alcohol_Served,none,no_accessibility,2,1,1.25,1.375,1.25,8,1.0,Japanese,4.0,U1013,2,1,1,0,0,1,"22.149192000000003,-101.002936"
135072,22.149192000000003,-101.002936,0101000020957F0000E7B79B1DB94758C1D29BC363D8AA4B41,Sushi Itto,San Luis Potosí,San Luis Potosí,No_Alcohol_Served,none,no_accessibility,2,1,1.25,1.375,1.25,8,1.0,Japanese,4.0,U1089,1,1,1,0,0,1,"22.149192000000003,-101.002936"
135072,22.149192000000003,-101.002936,0101000020957F0000E7B79B1DB94758C1D29BC363D8AA4B41,Sushi Itto,San Luis Potosí,San Luis Potosí,No_Alcohol_Served,none,no_accessibility,2,1,1.25,1.375,1.25,8,1.0,Japanese,4.0,U1114,0,0,0,0,0,1,"22.149192000000003,-101.002936"
135072,22.149192000000003,-101.002936,0101000020957F0000E7B79B1DB94758C1D29BC363D8AA4B41,Sushi Itto,San Luis Potosí,San Luis Potosí,No_Alcohol_Served,none,no_accessibility,2,1,1.25,1.375,1.25,8,1.0,Japanese,4.0,U1096,1,2,1,0,0,1,"22.149192000000003,-101.002936"
135072,22.149192000000003,-101.002936,0101000020957F0000E7B79B1DB94758C1D29BC363D8AA4B41,Sushi Itto,San Luis Potosí,San Luis Potosí,No_Alcohol_Served,none,no_accessibility,2,1,1.25,1.375,1.25,8,1.0,Japanese,4.0,U1136,1,1,1,0,0,1,"22.149192000000003,-101.002936"
135109,18.9217848,-99.2353499,0101000020957F0000A6BF695F136F5AC1DADF87B205564A41,Paniroles,Desconocida,Desconocido,Wine-Beer,not permitted,no_accessibility,2,1,1.0,1.25,0.75,4,1.0,Italian,1.0,U1030,0,0,0,0,0,0,"18.9217848,-99.2353499"
135109,18.9217848,-99.2353499,0101000020957F0000A6BF695F136F5AC1DADF87B205564A41,Paniroles,Desconocida,Desconocido,Wine-Beer,not permitted,no_accessibility,2,1,1.0,1.25,0.75,4,1.0,Italian,1.0,U1020,2,2,1,0,0,0,"18.9217848,-99.2353499"
135109,18.9217848,-99.2353499,0101000020957F0000A6BF695F136F5AC1DADF87B205564A41,Paniroles,Desconocida,Desconocido,Wine-Beer,not permitted,no_accessibility,2,1,1.0,1.25,0.75,4,1.0,Italian,1.0,U1051,1,1,1,0,0,0,"18.9217848,-99.2353499"
135109,18.9217848,-99.2353499,0101000020957F0000A6BF695F136F5AC1DADF87B205564A41,Paniroles,Desconocida,Desconocido,Wine-Beer,not permitted,no_accessibility,2,1,1.0,1.25,0.75,4,1.0,Italian,1.0,U1041,1,2,1,0,0,0,"18.9217848,-99.2353499"
135019,18.875010999999997,-99.159422,0101000020957F0000B49B2E5C6E785AC12F9D584352414A41,Restaurant Bar Coty y Pablo,Jiutepec,Morelos,No_Alcohol_Served,none,completely,1,1,1.3333333333333333,1.5,0.8333333333333334,6,1.0,Bar,1.0,U1093,2,2,2,0,0,1,"18.875010999999997,-99.159422"
135019,18.875010999999997,-99.159422,0101000020957F0000B49B2E5C6E785AC12F9D584352414A41,Restaurant Bar Coty y Pablo,Jiutepec,Morelos,No_Alcohol_Served,none,completely,1,1,1.3333333333333333,1.5,0.8333333333333334,6,1.0,Bar,1.0,U1030,0,0,0,0,0,1,"18.875010999999997,-99.159422"
135019,18.875010999999997,-99.159422,0101000020957F0000B49B2E5C6E785AC12F9D584352414A41,Restaurant Bar Coty y Pablo,Jiutepec,Morelos,No_Alcohol_Served,none,completely,1,1,1.3333333333333333,1.5,0.8333333333333334,6,1.0,Bar,1.0,U1066,2,1,0,0,0,1,"18.875010999999997,-99.159422"
135019,18.875010999999997,-99.159422,0101000020957F0000B49B2E5C6E785AC12F9D584352414A41,Restaurant Bar Coty y Pablo,Jiutepec,Morelos,No_Alcohol_Served,none,completely,1,1,1.3333333333333333,1.5,0.8333333333333334,6,1.0,Bar,1.0,U1133,1,2,0,0,0,1,"18.875010999999997,-99.159422"
135019,18.875010999999997,-99.159422,0101000020957F0000B49B2E5C6E785AC12F9D584352414A41,Restaurant Bar Coty y Pablo,Jiutepec,Morelos,No_Alcohol_Served,none,completely,1,1,1.3333333333333333,1.5,0.8333333333333334,6,1.0,Bar,1.0,U1040,1,2,1,0,0,1,"18.875010999999997,-99.159422"
135019,18.875010999999997,-99.159422,0101000020957F0000B49B2E5C6E785AC12F9D584352414A41,Restaurant Bar Coty y Pablo,Jiutepec,Morelos,No_Alcohol_Served,none,completely,1,1,1.3333333333333333,1.5,0.8333333333333334,6,1.0,Bar,1.0,U1121,2,2,2,0,0,1,"18.875010999999997,-99.159422"
132877,22.1353639,-100.9349477,0101000020957F000090735015B84B58C1AF0DC04146984B41,sirloin stockade,Desconocida,Desconocido,No_Alcohol_Served,none,completely,1,1,0.75,0.75,1.0,4,1.0,Mexican,1.0,U1047,0,0,0,0,0,0,"22.1353639,-100.9349477"
132877,22.1353639,-100.9349477,0101000020957F000090735015B84B58C1AF0DC04146984B41,sirloin stockade,Desconocida,Desconocido,No_Alcohol_Served,none,completely,1,1,0.75,0.75,1.0,4,1.0,Mexican,1.0,U1111,1,1,1,0,0,0,"22.1353639,-100.9349477"
132877,22.1353639,-100.9349477,0101000020957F000090735015B84B58C1AF0DC04146984B41,sirloin stockade,Desconocida,Desconocido,No_Alcohol_Served,none,completely,1,1,0.75,0.75,1.0,4,1.0,Mexican,1.0,U1015,1,1,2,0,0,0,"22.1353639,-100.9349477"
132877,22.1353639,-100.9349477,0101000020957F000090735015B84B58C1AF0DC04146984B41,sirloin stockade,Desconocida,Desconocido,No_Alcohol_Served,none,completely,1,1,0.75,0.75,1.0,4,1.0,Mexican,1.0,U1025,1,1,1,0,0,0,"22.1353639,-100.9349477"
